DanSmith112263;2017-07-24 17:58;0;0;"Speaking of topics requiring discussionhttp://nymag.com/daily/intelligencer/2017/06/trumps-sabotage-of-obamacare-is-working.html …";;;;"889605625449254912";https://twitter.com/DanSmith112263/status/889605625449254912
theaudreyshore;2017-07-24 17:54;0;0;"Will this be before or after you vote NO on trumpcare?";;;;"889604634498781185";https://twitter.com/theaudreyshore/status/889604634498781185
kathryn_grubb;2017-07-24 15:00;0;0;"Nice to see the personal message but would like some mention of health care and opioid programs. Most of us want 3 things:";;;;"889560950159888386";https://twitter.com/kathryn_grubb/status/889560950159888386
susanpag65;2017-07-24 14:27;0;0;"# ABetterDeal seems to be the new marketing strategy for Dems! Start by fixing healthcare for all! Middle class can't support Obamacare";;;#;"889552539531841540";https://twitter.com/susanpag65/status/889552539531841540
Simon2Sharp;2017-07-24 13:00;0;0;"I hope Trumpcare deletes the exclusion for Congress. Congress considers itself a "business", and that is wrong.";;;;"889530773237321728";https://twitter.com/Simon2Sharp/status/889530773237321728
ChrisCoons;2017-07-24 12:52;18;32;"We must stay active & engaged. The fight against # Trumpcare isn't over. Keep calling, keep tweeting, keep working.";;;#;"889528749401788416";https://twitter.com/ChrisCoons/status/889528749401788416
ChrisCoons;2017-07-24 12:48;19;42;"Let's keep fighting for public hearings & debates with health care experts, ins companies, patients, etc.";;;;"889527699517124608";https://twitter.com/ChrisCoons/status/889527699517124608
ChrisCoons;2017-07-24 12:48;9;58;"Thousands of Delawareans have called & contacted my office. I hear you & will continue to fight to protect your care.";;;;"889527625852604418";https://twitter.com/ChrisCoons/status/889527625852604418
hazratamiin;2017-07-24 12:08;0;1;"You also need to speak up for universal healthcare.";;;;"889517768508420096";https://twitter.com/hazratamiin/status/889517768508420096
ChrisCoons;2017-07-24 12:03;15;30;"Millions of Americans gained coverage thanks to the # ACA – and they would lose that coverage under # Trumpcare.";;;# #;"889516510703693826";https://twitter.com/ChrisCoons/status/889516510703693826
ChrisCoons;2017-07-24 11:58;108;80;"RT if you agree: Republicans should drop their repeal plan & work together w/ Democrats to protect health care.";;;;"889515260373237761";https://twitter.com/ChrisCoons/status/889515260373237761
AnwarNillufary;2017-07-24 09:46;0;0;"Dear Senator @ ChrisCoons I know the homeland of # Refugees is now hate Refugees. They say they are scared & afraid of Refugees! @ amnesty";;@ @;#;"889481949164822528";https://twitter.com/AnwarNillufary/status/889481949164822528
mahle_megan;2017-07-24 09:44;0;0;"@ ChrisCoons Keep opposing BCRA and "mystery" healthcare bills!";;@;;"889481504769945600";https://twitter.com/mahle_megan/status/889481504769945600
Mike281mike;2017-07-23 07:38;0;0;"@ ChrisCoons In the world's richest nation, people like Cheryl shouldn't have to worry about affording healthcare.this should not b happening pic.twitter.com/LB4xxAaAJo";;@;;"889087322003824640";https://twitter.com/Mike281mike/status/889087322003824640
TimothyWrights1;2017-07-22 12:33;0;0;"Chris, what fight exactly are you fighting? Are you supporting the AHCA or something similar to replace Obamacare? Ahh, no I'm betting.";;;;"888799186321367042";https://twitter.com/TimothyWrights1/status/888799186321367042
Bcroz;2017-07-21 14:16;0;0;"@ ChrisCoons just how many people R on O'care? 150MM? How about 10MM. Anyway, this is your and the dems baby. Get the #'s right. It's broken https://twitter.com/nutjob/status/888459075645841408 …";;@;#;"888462778171895808";https://twitter.com/Bcroz/status/888462778171895808
maurogp56;2017-07-21 13:54;0;0;"And please don't forget universal healthcare.";;;;"888457185432305664";https://twitter.com/maurogp56/status/888457185432305664
gcamelo15;2017-07-21 10:18;0;0;"And how accurate with obamacare";;;;"888402791944904704";https://twitter.com/gcamelo15/status/888402791944904704
diana567;2017-07-20 18:37;0;0;"This is what is maddening. HE NEVER PAYS A PRICE. His brain dead supporters don't care and GOP to afraid to alienate that dumb-ass base";;;;"888166031344017408";https://twitter.com/diana567/status/888166031344017408
EberganEpbjr;2017-07-20 18:35;0;0;"If ANYONE needs to avoid any appearance of partisanship, it's Mueller, for both his own and the Nation's good. Disappointing carelessness.";;;;"888165515323166720";https://twitter.com/EberganEpbjr/status/888165515323166720
APappas_GetMe2;2017-07-20 18:24;0;0;"LOL...heavy price with who? Democrats? Who cares about that! Fire him now!";;;;"888162829957607424";https://twitter.com/APappas_GetMe2/status/888162829957607424
EberganEpbjr;2017-07-20 18:21;1;3;"Even Trump is not stupid enough to fire Mueller, although I am disappointed in Mueller's surprisingly careless approach to staffing.";;;;"888161859987177472";https://twitter.com/EberganEpbjr/status/888161859987177472
TimothyWrights1;2017-07-20 18:05;0;1;"So support repeal of the failure you supported called Obamacare. Then cooperate on a new plan that actually works for your voters. Jeeze.";;;;"888157916410392581";https://twitter.com/TimothyWrights1/status/888157916410392581
EarthPlannr;2017-07-20 16:40;0;1;"We have had interviews ad nauseum. When the Senate really takes action to rid our country of a career criminal posing as Prez, then results.pic.twitter.com/vpc6bvFm4K";;;;"888136540618018816";https://twitter.com/EarthPlannr/status/888136540618018816
HankeAlice;2017-07-20 11:16;0;0;"@ RepSmucker why is HHS running anti Obamacare ads ON TV? @ ChrisCoons @ SenBobCasey @ TomCarperforDE @ thehill";;@ @ @ @ @;;"888055068800544768";https://twitter.com/HankeAlice/status/888055068800544768
BTLovin;2017-07-20 11:03;0;0;"Wait, health care or health insurance? When dealing with # FullRepeal of # ACA, that is health insurance.";;;# #;"888051672244736000";https://twitter.com/BTLovin/status/888051672244736000
Simon2Sharp;2017-07-20 11:00;0;0;"you can blame Obamacare for that!!";;;;"888050998656331776";https://twitter.com/Simon2Sharp/status/888050998656331776
ChrisCoons;2017-07-20 10:48;13;46;"My message to the Senate GOP: we can do better. Let's fix our health care system TOGETHER in a bipartisan manner & do it right.";;;;"888048013112991745";https://twitter.com/ChrisCoons/status/888048013112991745
ChrisCoons;2017-07-20 10:48;12;13;"By 2026, 3 in 4 Americans wouldn't be able to buy a health care plan in the marketplace under the GOP # repealanddelay plan.";;;#;"888047859941203970";https://twitter.com/ChrisCoons/status/888047859941203970
CullenB18;2017-07-20 09:31;0;0;"# blatanltystupid # blatanlydontcare";;;# #;"888028503123341312";https://twitter.com/CullenB18/status/888028503123341312
kerpen;2017-07-20 08:42;15;12;"VO: This man stole $105M from Medicare and bribed this corrupt senator to kill the investigation. Then XXX voted to keep him in the Senate.";;;;"888016233039368192";https://twitter.com/kerpen/status/888016233039368192
BTLovin;2017-07-20 08:35;0;0;"Not having health insurance doesn't equal death. # BlatentOverexageration # ScareTactics";;;# #;"888014402884128770";https://twitter.com/BTLovin/status/888014402884128770
Simon2Sharp;2017-07-20 08:34;0;0;"Trumps Plan? He's trying to save ACA and all you can do is scare people? that's helpfull...";;;;"888014201414963200";https://twitter.com/Simon2Sharp/status/888014201414963200
BTLovin;2017-07-20 08:25;0;0;"Just read Article 1 again; still nothing about vested power to Congress in regards to healthcare/insurance.";;;;"888012030552289282";https://twitter.com/BTLovin/status/888012030552289282
profgabrielle;2017-07-20 08:03;1;2;"I want to start this day by thanking @ TomCarperforDE and @ ChrisCoons for their leadership on # Healthcare, # WomensHealth and so much more.";;@ @;# #;"888006521698881536";https://twitter.com/profgabrielle/status/888006521698881536
kelley_dan;2017-07-19 20:16;0;0;"@ ChrisCoons Letting Obamacare fail is 'heartless'? You Dems passed this monstrosity and now you say it is 'heartless' to let it die. Jeez!";;@;;"887828644072214528";https://twitter.com/kelley_dan/status/887828644072214528
PamShumate;2017-07-19 18:18;0;0;"@ SenateDems @ ChrisCoons @ SenKamalaHarris @ ChrisMurphyCT PLEASE SCREAM about 17 MILLION loosing healthcare NEXT YEAR !";;@ @ @ @;;"887798827553615872";https://twitter.com/PamShumate/status/887798827553615872
Delabt2791;2017-07-19 17:47;0;1;"When Dems refuse to compromise on a failing Obamacare, this is what hapoens. Now all Americans lose. Republicans no better. Come together!";;;;"887791019474989061";https://twitter.com/Delabt2791/status/887791019474989061
DrPhilKn0ws;2017-07-19 15:42;1;2;"I thought Obamacare was great & working as planned. So how @ ChrisCoons can it be @ POTUS fault for leaving it as is? http://www.breitbart.com/video/2017/07/18/dem-sen-coons-trump-saying-let-obamacare-fail-is-heartless-and-callous/ …";;@ @;;"887759503097294848";https://twitter.com/DrPhilKn0ws/status/887759503097294848
NinjaSlasHippie;2017-07-19 14:22;0;2;"1. Redefine privacy 2. Refuse healthcare 3. Target citizens w/ violence 4. Disallow free speech in name of freedom 5. Say we r 4 the people";;;;"887739562566529025";https://twitter.com/NinjaSlasHippie/status/887739562566529025
BTLovin;2017-07-19 13:01;0;0;"# LetObamacareFail";;;#;"887719124582977538";https://twitter.com/BTLovin/status/887719124582977538
Simon2Sharp;2017-07-19 12:31;0;0;"Dude, Ocare is failing on it's own. That's the way you Democrats set it up.";;;;"887711529231101952";https://twitter.com/Simon2Sharp/status/887711529231101952
SecondContArmy;2017-07-19 12:28;1;1;"YOU and the Democrats have been running around, talking about how Obamacare ISN'T failing and how great it is. Let it stand and we'll see!!!";;;;"887710640193896451";https://twitter.com/SecondContArmy/status/887710640193896451
gcamelo15;2017-07-19 11:03;0;0;"Partisan Obamacare! Hypocrisy";;;;"887689384925036545";https://twitter.com/gcamelo15/status/887689384925036545
crazyoldman54;2017-07-19 10:47;0;0;"@ ChrisCoons I don't know what planet your living on but the ACA destroyed my employer healthcare plan, get a clue brother";;@;;"887685317079089152";https://twitter.com/crazyoldman54/status/887685317079089152
RightisRight99;2017-07-19 10:07;0;0;"You can't argue there's nothing wrong with Obamacare then say they should work together to fix it. Do dems listen to themselves?";;;;"887675361449914368";https://twitter.com/RightisRight99/status/887675361449914368
Flossy_gurl;2017-07-19 09:57;0;0;"We The People are expecting YOU # SenateGOP @ SenJohnMcCain @ marcorubio @ ChrisCoons to be there and contribute to a solution # RepealObamacarehttps://twitter.com/realDonaldTrump/status/887650824515661824 …";;@ @ @;# #;"887672782456332288";https://twitter.com/Flossy_gurl/status/887672782456332288
SpeakupFL;2017-07-19 09:54;0;0;"@ ChrisCoons you are heartless & callous for passing Obamacare, added Trillion to National Debt & increased our costs(premiums & deductables)";;@;;"887672050453753856";https://twitter.com/SpeakupFL/status/887672050453753856
SouthernProud77;2017-07-19 09:09;0;0;"@ ChrisCoons What is "heartless" are the LIES spoken by liberals and Obama about Obamacare! How DO you sleep at night?";;@;;"887660624142110721";https://twitter.com/SouthernProud77/status/887660624142110721
lagloriacubano;2017-07-19 08:45;0;1;"Sorry, those are MY Senators, and people can sit on the sidelines bitching (see Repubs last 4 elections)or try to do something. # Healthcare";;;#;"887654516711190528";https://twitter.com/lagloriacubano/status/887654516711190528
lagloriacubano;2017-07-19 08:38;0;2;"@ ChrisCoons @ SenatorCarper BEST PRACTICES- bring in health leaders from Canada, Australia, euro countries, and learn new ways! # Healthcare";;@ @;#;"887652872128737282";https://twitter.com/lagloriacubano/status/887652872128737282
colfer36;2017-07-19 08:10;0;0;"@ ChrisCoons show us your healthcare plan";;@;;"887645755711901696";https://twitter.com/colfer36/status/887645755711901696
MuqtedarKhan;2017-07-19 01:46;0;0;"@ realDonaldTrump wants to play # Healthcare chicken with # Democrats. He thinks they will cave in and vote for his Bill? @ ChrisCoons @ donlemon";;@ @ @;# #;"887549203093872640";https://twitter.com/MuqtedarKhan/status/887549203093872640
CharlesPDavis;2017-07-18 22:34;1;0;". @ ChrisCoons: @ RealDonaldTrump's plans to let # Obamacare simply fail is "heartless," and "callous" http://snpy.tv/2tEb1tw @ CNNSitRoom";;@ @ @;#;"887500864818208769";https://twitter.com/CharlesPDavis/status/887500864818208769
Mikes_idea;2017-07-18 22:03;0;0;"If only you cared about citizens like you do for people that come from countries that want to harm us.";;;;"887492994827517954";https://twitter.com/Mikes_idea/status/887492994827517954
SOSDelaware;2017-07-18 21:56;0;1;"Not "every American", Congress EXEMPTED itself from obamacare, Why is that Senator ???? # RepealObamacare";;;#;"887491275150295040";https://twitter.com/SOSDelaware/status/887491275150295040
SOSDelaware;2017-07-18 21:54;1;2;"Every Senator is EXEMPT from Obamacare, END the exemption and guarantee it would be fixed. # RepealObamacare";;;#;"887490826837925888";https://twitter.com/SOSDelaware/status/887490826837925888
SOSDelaware;2017-07-18 21:46;0;1;"You crammed obamacare down American's throats, WHY is Congress EXEMPT from obamacare ???? YOU ARE EXEMPT FROM IT ???? Care to weigh in ????";;;;"887488777777807366";https://twitter.com/SOSDelaware/status/887488777777807366
KatAnsley1;2017-07-18 21:23;0;0;"@ ChrisCoons We want our tax cuts.I want my docs back.I want lower premiums & copay.Had that before ACA.I don't care about Russia.Get over it";;@;;"887482888941441026";https://twitter.com/KatAnsley1/status/887482888941441026
gofdenuf;2017-07-18 19:50;0;0;"This guy is full of lies 9 mil got Obama Care & he saying 150 mil got better care, Bull, Most of 9 mil couldn't afford copay!!";;;;"887459497207267329";https://twitter.com/gofdenuf/status/887459497207267329
HAVEBRAINS;2017-07-18 19:15;0;0;"Donald Trump has sold U.S. out! Now he is having private meetings with Russians, the head Russian, he only cares about power and money.";;;;"887450830990966784";https://twitter.com/HAVEBRAINS/status/887450830990966784
mary1335;2017-07-18 18:14;0;0;"@ ChrisCoons thanks for your important interview on @ cnn I'm not in your state but I'm a RN and you are speaking the true about healthcare";;@ @;;"887435377728008192";https://twitter.com/mary1335/status/887435377728008192
Sullivanandkids;2017-07-18 16:22;0;0;"Bipartisanship in all areas Healthcare included Glad you are listening.";;;;"887407314025816070";https://twitter.com/Sullivanandkids/status/887407314025816070
RolandWall;2017-07-18 13:12;0;0;"@ SenatorCarper @ ChrisCoons and @ SenBobCasey (My daytime Sen.) Thanks all for standing strong on health care...";;@ @ @;;"887359336615464960";https://twitter.com/RolandWall/status/887359336615464960
PartyPolitical7;2017-07-18 12:22;0;1;"I agree, hopefully the Republicans will listen to the American people. 50% of the Americans support ACA, 24% of them support trumpcare.";;;;"887346914026541057";https://twitter.com/PartyPolitical7/status/887346914026541057
BonitaShearer;2017-07-18 12:22;1;1;"I want government out of my health care period";;;;"887346848901599232";https://twitter.com/BonitaShearer/status/887346848901599232
WMC_Caucus;2017-07-18 11:38;0;0;"You weren't worried about "the rules" when you voted in favor of the # NuclearOption, were you? # RepealObamacare.";;;# #;"887335683614027776";https://twitter.com/WMC_Caucus/status/887335683614027776
WMC_Caucus;2017-07-18 11:36;1;0;"The people who voted you out in November say # RepealObamacare. We're not interested in compromising with you.";;;#;"887335350267457536";https://twitter.com/WMC_Caucus/status/887335350267457536
WMC_Caucus;2017-07-18 11:36;0;0;"You didn't respect the minority party when you voted for financially rape the working middle class to fund your # Obamacare scam. # Repeal it";;;# #;"887335224459366400";https://twitter.com/WMC_Caucus/status/887335224459366400
WMC_Caucus;2017-07-18 11:35;0;0;"That's right and we voted to # RepealObamacare in November. Get it done or get voted you in 2018, 2020.";;;#;"887335026291093506";https://twitter.com/WMC_Caucus/status/887335026291093506
joemanbeck;2017-07-18 11:34;0;1;"@ ChrisCoons This DE Dem would be more than happy to see you work with GOP to improve Obamacare w/ goal of helping people, not scoring points";;@;;"887334822821208064";https://twitter.com/joemanbeck/status/887334822821208064
ChrisCoons;2017-07-18 11:31;23;66;"Whether it's health care, taxes, or any other issue, the answer isn't to break the rules. The answer is to work together.";;;;"887333989970849796";https://twitter.com/ChrisCoons/status/887333989970849796
GuptillAnne;2017-07-18 09:29;0;0;"If # Obamacare is repealed without a EXCELLENT IMMED. REPLACEMENT PLAN then the MAJORITY of AMERICANS will revolt! GOP ONLY want a # TAXcut";;;# #;"887303280417804288";https://twitter.com/GuptillAnne/status/887303280417804288
Do_iou2;2017-07-18 09:07;0;0;"Did you post the same statement when Democrats were shoving obamacare down our throat? I think not. You're a Hypocrite looking for a cause.";;;;"887297839356940288";https://twitter.com/Do_iou2/status/887297839356940288
Do_iou2;2017-07-18 08:55;0;0;"If you want a single payer medical system, beg your Senator to put you on VA care. Then you'll know what government run health care is like.";;;;"887294771429081088";https://twitter.com/Do_iou2/status/887294771429081088
Do_iou2;2017-07-18 08:53;0;0;"Obamacare needs to be replaced. End of story.";;;;"887294273011548160";https://twitter.com/Do_iou2/status/887294273011548160
Simon2Sharp;2017-07-18 08:24;0;0;"sorry...what does "Health Care Experts" have to do with funding Obamacare?";;;;"887287064038973440";https://twitter.com/Simon2Sharp/status/887287064038973440
JonathanMinor6;2017-07-18 02:46;0;0;"Healthcare should be an option, like in the old day's.";;;;"887201991205822464";https://twitter.com/JonathanMinor6/status/887201991205822464
Bjsommer47;2017-07-17 23:20;0;0;"Both party senators should rename Obama Care.. Affordable Care Act, GOP healthcare something like " USA Health Coverage" Work together!";;;;"887150033509941248";https://twitter.com/Bjsommer47/status/887150033509941248
ChrisCoons;2017-07-17 22:50;35;131;"Well, no, but Dems WILL work with Republicans to improve Obamacare.https://twitter.com/realdonaldtrump/status/887134287350439936 …";;;;"887142585256562688";https://twitter.com/ChrisCoons/status/887142585256562688
brokenbong;2017-07-17 19:53;0;0;"# GOPDONTGIVEAF0CK # GOPHATESICKPOOR # GOPHATESVETS # GOPPAY4PLAY # GOPPAIDOFF # BigPharma # TakeMine then # TakeYours2 # Healthcare not # DeathCare";;;# # # # # # # # # #;"887098050874793984";https://twitter.com/brokenbong/status/887098050874793984
mikejanis;2017-07-17 19:18;0;0;"Retweeted Senator Chris Coons ( @ ChrisCoons): RT if you agree: If Senate GOP has more time to debate health care,... http://fb.me/6jSaTvTKS";;@;;"887089159021580288";https://twitter.com/mikejanis/status/887089159021580288
ChrisCoons;2017-07-17 19:05;508;560;"RT if you agree: If Senate GOP has more time to debate health care, Americans deserve hearings and testimony from h/c experts";;;;"887085914895376384";https://twitter.com/ChrisCoons/status/887085914895376384
jcamillegray;2017-07-17 17:45;0;0;"@LoraleiVB @ USCBO Thank God John McCain gets excellent healthcare, but he was ready to exclude many Americans with Trumpcare";;@LoraleiVB @;;"887065704092053507";https://twitter.com/jcamillegray/status/887065704092053507
ChrisCoons;2017-07-17 12:57;14;24;"We’ve heard from the @ AARP on the @ SenateGOP # healthcare bill. Let’s use this week to hear testimony from others";;@ @;#;"886993381427118086";https://twitter.com/ChrisCoons/status/886993381427118086
ChrisCoons;2017-07-17 12:49;46;102;"We need a full report from @ USCBO on what impact the # healthcare bill will have. Let's use this extra time for more public debate";;@;#;"886991312699916288";https://twitter.com/ChrisCoons/status/886991312699916288
ChrisCoons;2017-07-17 12:38;27;79;"Before we vote on # Trumpcare, Americans deserve to hear from medical experts, patient groups, insurance companies, etc";;;#;"886988575170068480";https://twitter.com/ChrisCoons/status/886988575170068480
ChrisCoons;2017-07-17 12:21;40;91;"# Healthcare vote delayed at least one week – let’s use that time to hold hearings and discuss the real impacts of this bill!https://twitter.com/washingtonpost/status/886418587296174080 …";;;#;"886984086270730241";https://twitter.com/ChrisCoons/status/886984086270730241
ChrisCoons;2017-07-17 10:50;41;112;"I agree with @ JoeBiden. Republicans and Democrats should work TOGETHER to *improve* the ACA, not tear it downhttps://www.washingtonpost.com/news/posteverything/wp/2017/07/17/joe-biden-as-a-nation-we-decided-that-health-care-is-for-all-republicans-want-to-roll-that-back/?utm_term=.4c4a19ed03fb …";;@;;"886961189275795456";https://twitter.com/ChrisCoons/status/886961189275795456
ChrisCoons;2017-07-17 10:46;40;85;". @ JoeBiden is spot on: "A health care system built around emergency room visits isn't a health care system at all." https://www.washingtonpost.com/news/posteverything/wp/2017/07/17/joe-biden-as-a-nation-we-decided-that-health-care-is-for-all-republicans-want-to-roll-that-back/?utm_term=.4c4a19ed03fb …";;@;;"886960319142219776";https://twitter.com/ChrisCoons/status/886960319142219776
tri3smaz;2017-07-17 10:38;0;1;"@ TomCarperforDE @ ChrisCoons I am counting on you to use every tactic&procedure to Delay, Block & End # Trumpcare # EndTheTrumpRegime";;@ @;# #;"886958237517578242";https://twitter.com/tri3smaz/status/886958237517578242
PayLab1224;2017-07-17 09:31;0;0;". @ SenateMajLdr @ ChrisCoons @ PattyMurray NO taxpayer $ 4 # HorseSlaughter ! Use our monies 4 better programs! # Healthcare Ensure # foodsafetyhttps://twitter.com/PayLab1224/status/886613239383158786 …";;@ @ @;# # #;"886941324519374848";https://twitter.com/PayLab1224/status/886941324519374848
gennylam;2017-07-15 19:53;0;0;"USBigLesson is # Obamacare Bills,HCReforms is not based on BillsPASS,base on K-H8ModelPlans+Instructions @ PattyMurray @ sensasse @ chriscoons pic.twitter.com/nCkz2OMtYC";;@ @ @;#;"886373169447157760";https://twitter.com/gennylam/status/886373169447157760
southpaw_GA;2017-07-15 18:21;0;0;"How about a bipartisan healthcare bill? If you would not want to be on Trumpcare 2.0 then it isnt good enough for anyone. We are watching.";;;;"886350003668742144";https://twitter.com/southpaw_GA/status/886350003668742144
gennylam;2017-07-15 17:10;0;0;"OfficialHCEC'sNR: Official 8 Model Plans is US LicRole's Ts&Cs,noHSAbutCHA to rescue US. https://www.c-span.org/video/?431118-2/vice-president-makes-case-senate-health-care-bill-governors … … @ sensasse @ ChrisCoons";;@ @;;"886332099472404480";https://twitter.com/gennylam/status/886332099472404480
kerryme788;2017-07-15 14:01;0;0;"Why weren't you pushing for a bipartisan health care bill? We didn't hear anything from U when a select few GOP Sen had closed door meetings";;;;"886284611583700993";https://twitter.com/kerryme788/status/886284611583700993
allthingsatlga;2017-07-15 07:47;1;0;"So when will you decide to work with Dems? Now might be a good time with that horrendous bill to remove healthcare.";;;;"886190393511096320";https://twitter.com/allthingsatlga/status/886190393511096320
MarciaCrocker01;2017-07-14 17:34;0;0;"Stay out of our lives our business and our healthcare! We will fire you!";;;;"885975854987259906";https://twitter.com/MarciaCrocker01/status/885975854987259906
pk1414;2017-07-14 14:42;1;0;"http://www.newser.com/story/245672/5-changes-in-the-gops-revised-health-care-bill.html … Still deep cuts to medicaid. FIX the ACA # NoRepeal Work together for ALL Americans NOT just wealthy! @ SenMajLdr";;@;#;"885932412722704384";https://twitter.com/pk1414/status/885932412722704384
SnowLover814;2017-07-14 12:30;0;0;"# FullRepeal keep the government out of my healthcare!! # FreeMarket # UnitedForFreedom";;;# # #;"885899366711660544";https://twitter.com/SnowLover814/status/885899366711660544
ChewOnThis31;2017-07-14 10:44;0;0;"Problem is you didn't protect my wallet as Obamacare emptied it out. All lies by the Dems. Remember this sh*tpic.twitter.com/PWJE29im0O";;;;"885872569336967169";https://twitter.com/ChewOnThis31/status/885872569336967169
MC_Snitchy;2017-07-14 10:20;0;0;"@ GOP @ SenateDems @ SenateGOP @ TheDemocrats # HealthcareBill # healthcare https://youtu.be/4VSSI4bx9Fo";;@ @ @ @;# #;"885866601991606273";https://twitter.com/MC_Snitchy/status/885866601991606273
MC_Snitchy;2017-07-14 10:18;0;0;"# healthcare https://youtu.be/LmmSSfZ1dV8";;;#;"885866083915321344";https://twitter.com/MC_Snitchy/status/885866083915321344
MC_Snitchy;2017-07-14 10:17;0;0;"# HealthcareBill # Healthcare https://youtu.be/-wntX-a3jSY";;;# #;"885865897314922496";https://twitter.com/MC_Snitchy/status/885865897314922496
MC_Snitchy;2017-07-14 10:14;0;0;"# healthcare https://youtu.be/SiabeNR_q0U";;;#;"885864987662614528";https://twitter.com/MC_Snitchy/status/885864987662614528
MC_Snitchy;2017-07-14 10:13;0;0;"We have 100 years of # healthcare @ MelBrookspic.twitter.com/A4HTLdOQ9y";;@;#;"885864855974141957";https://twitter.com/MC_Snitchy/status/885864855974141957
DavidWi94867995;2017-07-14 10:09;0;0;"Doesn't include older Americans on Medicare";;;;"885863921529303040";https://twitter.com/DavidWi94867995/status/885863921529303040
SenatorMenendez;2017-07-14 10:06;34;52;"My friend @ ChrisCoons is right. The Cruz Amendment in new GOP bill guts consumer protections we fought so hard for. https://www.nytimes.com/2017/07/13/us/politics/senate-republican-health-care-bill.html?ref=todayspaper&_r=1 …pic.twitter.com/9XfaS4klE3";;@;;"885862980918927360";https://twitter.com/SenatorMenendez/status/885862980918927360
DavidWi94867995;2017-07-14 09:52;0;0;"Sir, do not vote for any bill which provides subsidies for healthcare. Not the federal governments responsibility!!!!!";;;;"885859582123405312";https://twitter.com/DavidWi94867995/status/885859582123405312
legaleagle574;2017-07-14 05:46;0;0;"Senate's revised so-called healthcare bill is a death warrant for the poor, elderly, and those w/ preexisting conditions. Do u support this?";;;;"885797570248937472";https://twitter.com/legaleagle574/status/885797570248937472
mikenaiken45;2017-07-14 00:01;1;2;"We, the People were promised # FullRepeal! # KeepYourPromise # CongressDoYourJob Get the gov't. out of healthcare! # UnitedForFreedompic.twitter.com/tTeV1ilrk3";;;# # # #;"885710945900679168";https://twitter.com/mikenaiken45/status/885710945900679168
SandraMaz;2017-07-13 22:43;1;1;"Vote no on the Senate bill and work to improve existing health care.";;;;"885691163155550208";https://twitter.com/SandraMaz/status/885691163155550208
SusieHaynie;2017-07-13 21:56;1;0;"Say NO to universal healthcare! NO to Marxism in the USA! Stand for the # FullRepeal as promised! Stand # UnitedForFreedom!";;;# #;"885679338733137920";https://twitter.com/SusieHaynie/status/885679338733137920
Bjsommer47;2017-07-13 21:47;0;0;"Your assessment of Trumpcare, your numbers and statistics are questionable. Your talent for critique is excessive. What are your solutions?";;;;"885677211344396288";https://twitter.com/Bjsommer47/status/885677211344396288
jtwainright;2017-07-13 20:09;0;0;"What, should we continue to supplement healthcare the way the govt supplements Tesla cars @$10k a pop?";;@;;"885652492855517184";https://twitter.com/jtwainright/status/885652492855517184
maurogp56;2017-07-13 19:11;0;0;"Universal healthcare for all";;;;"885637924062191616";https://twitter.com/maurogp56/status/885637924062191616
StevenMasterson;2017-07-13 18:48;0;2;"So what do you propose to make it better? I want to hear how you correct # Obamacare which is crippling my employees and business?";;;#;"885631990652973060";https://twitter.com/StevenMasterson/status/885631990652973060
nonameatl;2017-07-13 18:03;1;1;"Please work across the aisle to dev a plan to HELP ppl, not just give tax cuts. We need healthcare NOT wealthcare";;;;"885620726983778304";https://twitter.com/nonameatl/status/885620726983778304
standsagreenoak;2017-07-13 17:41;0;0;"How about doing a favor for millions with chronic illness like my wife, @ AnyaSilverPoet , and working for bipartisanship on healthcare?";;@;;"885615131249573888";https://twitter.com/standsagreenoak/status/885615131249573888
dav34829;2017-07-13 17:10;1;4;"Every American should have the same health care plan as Congress members. Do not exempt yourselves!";;;;"885607312014049280";https://twitter.com/dav34829/status/885607312014049280
lesleyclark;2017-07-13 17:03;14;24;". @ ChrisCoons on @ tedcruz health care amendment: "Like allowing car companies to sell cars without airbags, bumpers, or emergency brakes”";;@ @;;"885605679481925632";https://twitter.com/lesleyclark/status/885605679481925632
nickwyattsr;2017-07-13 16:15;0;0;"Isn't it time for you to retire! You have milked the Tax Payers while screwing us far long enough! # Trumpcare << Is is good enough for you?";;;#;"885593563962191872";https://twitter.com/nickwyattsr/status/885593563962191872
omgrishma;2017-07-13 16:11;1;6;"Talk the talk, walk the walk, Senator. Support a bipartisan approach to fixing the ACA, instead of voting to take away our healthcare.";;;;"885592641655668738";https://twitter.com/omgrishma/status/885592641655668738
nickwyattsr;2017-07-13 16:03;0;1;"Hey Johnny, are you going to gut your Tax Payer Funded Healthcare Benefits? ??? # hypocrite # Trumpcare";;;# #;"885590627966210048";https://twitter.com/nickwyattsr/status/885590627966210048
BTLovin;2017-07-13 14:44;0;0;"So, it's just like # Obamacare.";;;#;"885570649900634114";https://twitter.com/BTLovin/status/885570649900634114
DrJoeBentivegna;2017-07-13 14:21;0;0;"@ SenatorCarper @SenCarper_Press @ TomCarperforDE @ ChrisCoons @ SenCoonsOffice # HealthcareBillhttps://www.youtube.com/watch?v=QQTX0DWonbE&t=14s …";;@ @SenCarper_Press @ @ @;#;"885564764193247238";https://twitter.com/DrJoeBentivegna/status/885564764193247238
RozlynnDowner;2017-07-13 11:36;0;0;"# REPEALOBAMACARE completely as PROMISED! NO trumpcare! # UnitedforFreedom!";;;# #;"885523218416766976";https://twitter.com/RozlynnDowner/status/885523218416766976
GloriaLaw5;2017-07-13 11:22;0;0;"# Happy morning @ ChrisCoons Therefore, we, # Americans w/ @ SenateDems @ TheDemocrats @ MA_Senate # World # People # Resist # Trumpcare # NoTrumpcare";;@ @ @ @;# # # # # # #;"885519705515200513";https://twitter.com/GloriaLaw5/status/885519705515200513
ChrisCoons;2017-07-13 11:17;9;18;"Delawareans are among the millions in our country who’ve gained coverage thanks to ACA – and who would lose that coverage under # trumpcare";;;#;"885518441683308544";https://twitter.com/ChrisCoons/status/885518441683308544
ChrisCoons;2017-07-13 11:15;8;41;"This revised version of the Senate # Trumpcare Bill is not a sufficient solution. I will continue the fight against it.";;;#;"885518144139382784";https://twitter.com/ChrisCoons/status/885518144139382784
ChrisCoons;2017-07-13 11:15;6;10;"# Trumpcarewill ask working-class Delawareans to pay more for less coverage. # NetDE";;;# #;"885517929575534592";https://twitter.com/ChrisCoons/status/885517929575534592
ChrisCoons;2017-07-13 11:14;3;9;"That threatens the care of over 29,000 low-income Medicare beneficiaries in Delaware who also receive long-term supports through Medicaid";;;;"885517790450401280";https://twitter.com/ChrisCoons/status/885517790450401280
ChrisCoons;2017-07-13 11:13;6;12;"# Trumpcarewill cut billions from Medicaid -- Delaware would lose $1.6 billion in total federal funding between 2020 and 2026. # NetDE";;;# #;"885517628139294720";https://twitter.com/ChrisCoons/status/885517628139294720
ChrisCoons;2017-07-13 11:13;13;9;"By 2022, # Trumpcarewill cause 58,000 Delawareans will lose coverage. Delawareans need a better plan. # NetDE";;;# #;"885517453450784769";https://twitter.com/ChrisCoons/status/885517453450784769
ChrisCoons;2017-07-13 11:07;11;11;"In 2020, 60-year-olds in Delaware earning $45,000 annually could pay as much as $12,730 more a year in premiums. # Trumpcarewill # netde";;;# #;"885516114431807488";https://twitter.com/ChrisCoons/status/885516114431807488
ChrisCoons;2017-07-13 11:00;11;12;"# trumpcarewill unfairly penalize the 16,714 older Delawareans who buy individual market coverage, increasing premiums & out-of-pocket costs.";;;#;"885514178596917249";https://twitter.com/ChrisCoons/status/885514178596917249
ChrisCoons;2017-07-13 10:59;12;14;"# TrumpcareWill also negatively impact the 196,320 Delawareans between 50 and 64 transitioning into Medicare over the next 15 years. # NetDE";;;# #;"885513904578756610";https://twitter.com/ChrisCoons/status/885513904578756610
ChrisCoons;2017-07-13 10:57;9;13;"The Senate # Trumpcare bill will reduce funding for Medicare, affecting the 176,009 Delawareans covered by the program. # NetDE";;;# #;"885513633094135809";https://twitter.com/ChrisCoons/status/885513633094135809
ChrisCoons;2017-07-13 10:55;41;41;"W/ reveal of new # Trumpcare bill impending, wanted to pass along facts from friends @ AARP Full Delaware sheet here http://bit.ly/2ucR9lL";;@;#;"885512994339397632";https://twitter.com/ChrisCoons/status/885512994339397632
dqjul;2017-07-13 08:37;0;0;"# NetNeutrality # BiPartisanACAfix # ImpeachTrumpNow are issues GA ppl care about. Lead the way!";;;# # #;"885478361052700673";https://twitter.com/dqjul/status/885478361052700673
BrigittePeck;2017-07-12 20:13;0;8;"I hope this means you will vote NO on the Senate healthcare bill & join the bipartisan effort";;;;"885291138374135809";https://twitter.com/BrigittePeck/status/885291138374135809
Lethldsage;2017-07-12 12:54;0;0;"@ ChrisCoons complaining about a lack of public hearings on the health care bill is a bit like the pot calling the kettle black. Right?";;@;;"885180557994459138";https://twitter.com/Lethldsage/status/885180557994459138
SnoopaDo;2017-07-12 11:30;0;0;"And Comey protected the Clintons his entire FBI career. # persist";;;#;"885159446615404545";https://twitter.com/SnoopaDo/status/885159446615404545
MiMi4Kidz;2017-07-12 08:36;0;0;"Russia Russia Russia don't care-waste of taxpayer money by Dems. When u talk abt SECURITY HEALTHCARE TAXES call me @ ChrisCuomo @ SenSchumer";;@ @;;"885115706660073472";https://twitter.com/MiMi4Kidz/status/885115706660073472
jrt67;2017-07-12 03:19;1;1;"Coons won't help his constituents. He only cares about Barry's Deep State Replace him asap";;;;"885035967874297858";https://twitter.com/jrt67/status/885035967874297858
Antidote4BS;2017-07-11 18:38;0;0;"Eliminating foreign interference is helping the American people, as will be voting no on the healthcare proposal.";;;;"884904652092919809";https://twitter.com/Antidote4BS/status/884904652092919809
freddieJoe1;2017-07-11 17:55;0;0;"Country doesn't care any longer about RUSSIA and confirms your party is a JOKE. Please note the Liberal and PC agendas are DEAD!";;;;"884893839655411712";https://twitter.com/freddieJoe1/status/884893839655411712
TheRealTMont;2017-07-11 17:45;0;1;"@ ChrisCoons U kidding me?? U don't yet see treason?? This is why Dems lose, b/c you're too scared to speak truth. This is clearly treason!";;@;;"884891498088738816";https://twitter.com/TheRealTMont/status/884891498088738816
WMC_Caucus;2017-07-11 13:31;0;0;"Stop financially raping the working middle class. You weren't worried about research when you voted for Obamacare. We're done paying it all.";;;;"884827543077093378";https://twitter.com/WMC_Caucus/status/884827543077093378
American1299;2017-07-11 09:56;0;0;"How about getting to work on passing healthcare, Sen. Rubio?";;;;"884773470411919360";https://twitter.com/American1299/status/884773470411919360
JHIthird;2017-07-11 09:30;0;0;"@ ChrisCoons Now no pain manage Dr. wants me due to amount I take. Medicare has even approved my meds & milligrams.I'll be cut off soon cont-";;@;;"884766791439859712";https://twitter.com/JHIthird/status/884766791439859712
kellySueMcM;2017-07-11 09:24;0;1;"Please mention 5-yr-old Nora from Jacksonville, one of the kids who will be hurt when you vote to cut Medicaid w/ # Trumpcare. # Meanpic.twitter.com/oQLnjqO8TU";;;# #;"884765390374621184";https://twitter.com/kellySueMcM/status/884765390374621184
susangageLMT;2017-07-11 08:43;0;1;"At least half the children in this state depend on Medicaid. Perhaps that should be your starting point. # stopTrumpcare";;;#;"884754966753280001";https://twitter.com/susangageLMT/status/884754966753280001
KarlHerk;2017-07-11 07:35;0;0;". @ ChrisCoons Lone Delaware Insurer Could Exit State's Obamacare Exchanges https://goo.gl/HdtAwj";;@;;"884737843578499072";https://twitter.com/KarlHerk/status/884737843578499072
olivestarr222;2017-07-10 23:01;0;2;"Your Florida constituency would love to discuss the decimation of our healthcare with you? Available?!?";;;;"884608476466511872";https://twitter.com/olivestarr222/status/884608476466511872
DavidTh40389030;2017-07-10 21:22;0;2;"Be sure to ask them how Trumpcare would hurt many of their patients, esp children";;;;"884583582030757888";https://twitter.com/DavidTh40389030/status/884583582030757888
Holdoneasy;2017-07-10 21:15;0;2;"Is this before or after you repubs rob Americans of their healthcare?";;;;"884581899754237952";https://twitter.com/Holdoneasy/status/884581899754237952
westsidehealth;2017-07-10 19:20;5;8;"Senator @ ChrisCoons: Republican [health care] proposal is not about health or care http://delonline.us/2twoRA0 # netDE @ ACA # BCRA";;@ @;# #;"884552824964755456";https://twitter.com/westsidehealth/status/884552824964755456
schiff01;2017-07-10 07:46;0;0;"Toomey always used the "health care innovation" comments, THEIR BILL DOES NOTHING TO DO WITH INNOVATION. TOTAL NONSENSE TALKING POINT.";;;;"884378356686475264";https://twitter.com/schiff01/status/884378356686475264
DianaNYC3;2017-07-10 07:37;0;0;"More people will be uninsured under TrumpCare than Obamacare. TrumpCare is an atrocity and Toomey knows it !!pic.twitter.com/dsFDFEEUlZ";;;;"884375983754760192";https://twitter.com/DianaNYC3/status/884375983754760192
Moveonto2020;2017-07-10 06:51;0;0;"Toomey, who said he basically was an obstructionist & cant fix health care b/c didn't think DT can win. Eff him.";;;;"884364381076815872";https://twitter.com/Moveonto2020/status/884364381076815872
StoweVT2;2017-07-10 06:44;0;0;"Hope the citizens of Pennsylvania remember where Sen. Toomey stood on Trumpcare.";;;;"884362656747929608";https://twitter.com/StoweVT2/status/884362656747929608
cindy_dye;2017-07-10 06:42;0;0;"@ SenToomey....great honest discussion about Russia but then I thought u went south on healthcare. Fix Obamacare (ACA).";;@;;"884362274407723010";https://twitter.com/cindy_dye/status/884362274407723010
Marycath5;2017-07-10 06:42;0;0;"Toomey voted yes to repeal your health care. Pennsylvania, vote hm out.";;;;"884362099547230208";https://twitter.com/Marycath5/status/884362099547230208
westsidehealth;2017-07-09 14:20;0;0;"Senator @ ChrisCoons: Republican [health care] proposal is not about health or care http://delonline.us/2twoRA0 # netDE @ ACA # BCRA";;@ @;# #;"884114936988872704";https://twitter.com/westsidehealth/status/884114936988872704
Mike281mike;2017-07-09 11:59;0;0;"@ ChrisCoons https://www.axios.com/unpopular-health-care-bill-2454397857.html?utm_source=twitter&utm_medium=twsocialshare&utm_campaign=organic …";;@;;"884079464371638273";https://twitter.com/Mike281mike/status/884079464371638273
Opadnil;2017-07-09 09:04;0;0;"Of course, Putin wants discord& disorder. US is playing right into that with 'resistance'. Work together 4 debt reduction, tax& health care.";;;;"884035629474082816";https://twitter.com/Opadnil/status/884035629474082816
westsidehealth;2017-07-08 07:20;0;1;"Senator @ ChrisCoons: Republican [health care] proposal is not about health or care http://delonline.us/2twoRA0 # netDE @ ACA # BCRA";;@ @;# #;"883646853677502464";https://twitter.com/westsidehealth/status/883646853677502464
Nicky_B5;2017-07-07 18:24;0;0;"LOL. Tapper is money. Could care less about the rest.";;;;"883451799096524802";https://twitter.com/Nicky_B5/status/883451799096524802
Lisahentschel1;2017-07-07 16:18;0;0;"You two have no idea how healthcare works";;;;"883420021074087936";https://twitter.com/Lisahentschel1/status/883420021074087936
Lisahentschel1;2017-07-07 16:18;0;0;"There is no healthcare bill ,where is yours";;;;"883419872549580800";https://twitter.com/Lisahentschel1/status/883419872549580800
NAMIDelaware;2017-07-07 11:32;1;4;"TY @ ChrisCoons "The Senate Trumpcare bill would impact almost every single American." # DontCutOurCarehttp://www.delawareonline.com/story/opinion/contributors/2017/06/30/republican-proposal-not-health-care/443746001/ …";;@;#;"883347925228814336";https://twitter.com/NAMIDelaware/status/883347925228814336
DelawareAAP;2017-07-07 08:52;1;2;"In Del, Medicaid covers 84,000 kids, which is almost 1/2 of total Medicaid population — @ ChrisCoons # KeepKidsCovered http://www.delawareonline.com/story/opinion/contributors/2017/06/30/republican-proposal-not-health-care/443746001/ …";;@;#;"883307851023831040";https://twitter.com/DelawareAAP/status/883307851023831040
westsidehealth;2017-07-07 08:20;1;3;"Senator @ ChrisCoons: Republican [health care] proposal is not about health or care http://delonline.us/2twoRA0 # netDE @ ACA # BCRA";;@ @;# #;"883299565650227201";https://twitter.com/westsidehealth/status/883299565650227201
nicoleAalvarez;2017-07-06 18:31;1;0;"@ ChrisCoons live now on Facebook discussing # Healthcare Head over now! # ACA # ProtectOurCarehttps://twitter.com/chriscoons/status/883071916571074561 …";;@;# # #;"883091011790139393";https://twitter.com/nicoleAalvarez/status/883091011790139393
BTLovin;2017-07-06 15:45;0;0;""Health care" or the Democrat's plan to ruin the Health Insurance market? Oh wait, that already happened. # FullRepeal";;;#;"883049325840015361";https://twitter.com/BTLovin/status/883049325840015361
SenatorCarper;2017-07-06 12:17;6;21;"Delawareans, I hope you'll be able to join my friend @ ChrisCoons for his Facebook LIVE discussion on health care tonight! https://twitter.com/ChrisCoons/status/882968665045520385 …";;@;;"882996909547413504";https://twitter.com/SenatorCarper/status/882996909547413504
Opadnil;2017-07-06 11:04;0;0;"Please work to reduce nat deficit& debt. We simply can't leave our kids with bankruptcy unable to fund their own Soc Sec,Medicare,Medicaid.";;;;"882978574952800256";https://twitter.com/Opadnil/status/882978574952800256
mikepatty41;2017-07-05 17:52;0;0;"Obamacare is dead accept that, grow up and reach across the aisle to wprk together and come with a good solution. Stop being Schumerized";;;;"882718740839882752";https://twitter.com/mikepatty41/status/882718740839882752
turnapage;2017-07-05 14:21;0;0;"As a constituent of yours, whose family will be harmed by Trumpcare, I'm so grateful that you're fighting against this awful BCRA bill.";;;;"882665822816284677";https://twitter.com/turnapage/status/882665822816284677
ChrisCoons;2017-07-05 13:56;20;49;"We must stay active & engaged – the fight against # Trumpcare isn't over. Read my oped in @ delawareonline:http://delonline.us/2tRxhER";;@;#;"882659354989780993";https://twitter.com/ChrisCoons/status/882659354989780993
RussellAmigo;2017-07-03 20:33;0;0;"@ ChrisCoons @ SenBillNelson WAR against America; Threaten Border Wall, Security, Healthcare, & Stop Balanced Budget. @ seanhannity @ LouDobbs";;@ @ @ @;;"882034598175096832";https://twitter.com/RussellAmigo/status/882034598175096832
westsidehealth;2017-07-02 20:46;0;0;"Tell @ SenatorCarper @ ChrisCoons that the health care bill is the wrong path forward! http://hcadvocacy.org/bcra # ValueCHCs # netDE # ACA # BRCA";;@ @;# # # #;"881675362039721985";https://twitter.com/westsidehealth/status/881675362039721985
StephenLitterst;2017-07-02 20:41;0;0;"I sure hope @ ChrisCoons and @ SenatorCarper vote no on the GOP's # wealthcarebill";;@ @;#;"881674109930926080";https://twitter.com/StephenLitterst/status/881674109930926080
jenbeccyRN;2017-07-02 13:31;0;0;"Lets fix the # ACA not repeal and leave 32million Americans w/out access to healthcare.";;;#;"881565935223570432";https://twitter.com/jenbeccyRN/status/881565935223570432
Strickalator;2017-07-01 18:39;1;1;"I have no Justice yet, but there's evidence. I need a lawyer. A high profile one. I'm the LTQQI of # LGBTQIA a disabled woman seeking care!";;;#;"881281091335618561";https://twitter.com/Strickalator/status/881281091335618561
roblesnadjuntas;2017-07-01 13:34;0;1;"Who cares";;;;"881204310176038912";https://twitter.com/roblesnadjuntas/status/881204310176038912
westsidehealth;2017-07-01 11:46;0;0;"Tell @ SenatorCarper @ ChrisCoons that the health care bill is the wrong path forward! http://hcadvocacy.org/bcra # ValueCHCs # netDE # ACA # BRCA";;@ @;# # # #;"881177077558497284";https://twitter.com/westsidehealth/status/881177077558497284
_braatzie;2017-06-30 20:35;1;0;"@ SenatorCarper @ ChrisCoons @RepBRochester @ JohnCarneyDE care to explain why Delaware isn't on this list?https://twitter.com/ariberman/status/880910280376688640 …";;@ @ @RepBRochester @;;"880948034452033538";https://twitter.com/_braatzie/status/880948034452033538