susu1954;2017-07-24 19:41;0;0;"Exploiting young children is really disgusting! Let them be carefree not filled up with Dem propaganda - how low can Dems sink to use kids!";;;;"889631770005688324";https://twitter.com/susu1954/status/889631770005688324
BakeOnThrough;2017-07-24 19:24;0;0;"You. You are a threat to peace. People need health care.";;;;"889627282314321920";https://twitter.com/BakeOnThrough/status/889627282314321920
rmcneil77;2017-07-24 19:10;0;1;"More American deaths from your healthcare proposal than from N. Korea's threat to America. SAD!";;;;"889623755210805248";https://twitter.com/rmcneil77/status/889623755210805248
MadAlgorithm;2017-07-24 18:38;1;0;"Housing for all. Health care for all. Medicine & social care for all. End slavery in the US once & for all. Unionize the vice industries.";;;;"889615847022616578";https://twitter.com/MadAlgorithm/status/889615847022616578
MadAlgorithm;2017-07-24 18:36;0;0;"Move us towards Universal healthcare. Public option, single payer, medicaid for all. Systemic regulatory oversight & auditing.";;;;"889615252924575744";https://twitter.com/MadAlgorithm/status/889615252924575744
MadAlgorithm;2017-07-24 18:30;0;0;"All events unfolding w/ Trump-Russia-RNC are revealing a far flung corporate criminal network effecting housing, financing, healthcare.";;;;"889613880976187393";https://twitter.com/MadAlgorithm/status/889613880976187393
KimThoman1;2017-07-24 18:24;0;0;""Healthcare A Right"!!!!!!!!!!!!!!!!!";;;;"889612222653231108";https://twitter.com/KimThoman1/status/889612222653231108
KimThoman1;2017-07-24 18:23;0;0;""Healthcare A Right"!!!!!!!! If we don't do concrete, T will. Already did with wall. Supporters loved it.";;;;"889612119477329920";https://twitter.com/KimThoman1/status/889612119477329920
KimThoman1;2017-07-24 18:20;0;0;"That is good but will make T supporters run away. "Healthcare A Right" will bring them to us.";;;;"889611200757092353";https://twitter.com/KimThoman1/status/889611200757092353
ChrisVanHollen;2017-07-24 18:19;20;30;"Tune in live as I speak with my constituent, @OlaOjewumi about what affordable health care means for her: https://www.facebook.com/chrisvanhollen/posts/10155050488188878 …";;@OlaOjewumi;;"889610974361264128";https://twitter.com/ChrisVanHollen/status/889610974361264128
KimThoman1;2017-07-24 18:19;0;0;"Use "Healthcare A Right" Concrete, gets T supporters, not forgotten, lots of progressive dog whistles.";;;;"889610901829156864";https://twitter.com/KimThoman1/status/889610901829156864
KimThoman1;2017-07-24 18:16;0;0;"We must be concrete. That's how T won- "build a.." will never be forgotten. We need, "Healthcare A Right"";;;;"889610197991280641";https://twitter.com/KimThoman1/status/889610197991280641
KimThoman1;2017-07-24 18:14;0;0;"Too global. T comes in with "build a wall" and takes the votes. Why can't Dems use, Healthcare A Right.";;;;"889609784084750337";https://twitter.com/KimThoman1/status/889609784084750337
michaelstack10;2017-07-24 18:08;0;1;"Stop trumpcare.";;;;"889608330271969280";https://twitter.com/michaelstack10/status/889608330271969280
DanSmith112263;2017-07-24 18:00;0;1;"There's also a threat to our healthcarehttp://nymag.com/daily/intelligencer/2017/06/trumps-sabotage-of-obamacare-is-working.html …";;;;"889606246009102337";https://twitter.com/DanSmith112263/status/889606246009102337
ohiobluebeard;2017-07-24 17:54;0;0;"So broad & uninspiring. They should be fighting for tangible goals. # MedicareForAll # IncomeEquality # FreeCollege # NoMoreWar";;;# # # #;"889604663829569537";https://twitter.com/ohiobluebeard/status/889604663829569537
GCGeek;2017-07-24 17:28;2;3;"Your constituents are depending on you, @ ChrisVanHollen and @ SenatorCardin. Vote 'no' on # Obamacare repeal.";;@ @;#;"889598300411895809";https://twitter.com/GCGeek/status/889598300411895809
mollswalls50;2017-07-24 17:13;0;0;"Today should be about: Healthcare Healthcare Healthcare Healthcare Healthcare Healthcare Healthcare Healthcare Healthcare";;;;"889594439575814144";https://twitter.com/mollswalls50/status/889594439575814144
commieboi16;2017-07-24 16:55;0;0;"Ew, neoliberals pretending to care for the common man.";;;;"889589863653179393";https://twitter.com/commieboi16/status/889589863653179393
VenerableDragon;2017-07-24 16:50;0;1;"The secrecy makes sense if the goal is not governance for the benefit of our citizens, but rather subversion of the health care marketplace.";;;;"889588715017957378";https://twitter.com/VenerableDragon/status/889588715017957378
Burkeshire8;2017-07-24 16:45;0;2;"But not Healthcare? Even thought millions are about to lose it.";;;;"889587258462007297";https://twitter.com/Burkeshire8/status/889587258462007297
VenerableDragon;2017-07-24 16:44;0;1;"The American people are counting on our Senate to rip away the veil of secrecy around the suppression of their health care by fake leaders.";;;;"889587117977993216";https://twitter.com/VenerableDragon/status/889587117977993216
Cl3mpa_phillyPA;2017-07-24 16:37;0;1;"A nice ploy but it still doesn't excuse the times you could have been bipartisan on any ACA related bill and DID NOTHING!. Pull # wealthcare.";;;#;"889585340910104578";https://twitter.com/Cl3mpa_phillyPA/status/889585340910104578
RadicalGoats;2017-07-24 16:16;0;0;"What about universal healthcare?";;;;"889580021031022596";https://twitter.com/RadicalGoats/status/889580021031022596
JustinSaysThis;2017-07-24 16:12;0;0;"Can we get a plan for improving healthcare access beyond prescription drug access?";;;;"889579160355696641";https://twitter.com/JustinSaysThis/status/889579160355696641
snowbird201613;2017-07-24 16:10;0;2;"I'm more concerned about my health and care and the future of my cancer kids coverage VOTE NO TO ANY REPEAL OF THE ACA. 18235";;;;"889578629201571842";https://twitter.com/snowbird201613/status/889578629201571842
Dhampika1;2017-07-24 15:57;0;0;"It's sad my RIP to the family affordable health care for all is the only way for America";;;;"889575250769436677";https://twitter.com/Dhampika1/status/889575250769436677
RevRosemary;2017-07-24 15:22;0;0;"Meanwhile please get this healthcare debacle off the track it is on! Protect us! Thanks.";;;;"889566372279222272";https://twitter.com/RevRosemary/status/889566372279222272
LilyBolourian;2017-07-24 15:19;0;2;"You want to talk resistance? Don't let this bacterial infection of a health care bill come to a vote. Withhold consent.";;;;"889565604717490181";https://twitter.com/LilyBolourian/status/889565604717490181
MattCelentano;2017-07-24 14:58;0;3;"If you're a Marylander call 2 thank (202 224 3121) @ SenatorCardin & @ ChrisVanHollen for fighting to # ProtectOurCare! https://www.vox.com/policy-and-politics/2017/7/24/16019928/senate-health-care-bill-vote-what-is-happening?utm_campaign=vox&utm_content=entry&utm_medium=social&utm_source=twitter …";;@ @;#;"889560420180250625";https://twitter.com/MattCelentano/status/889560420180250625
LOhlburg;2017-07-24 14:49;0;0;"@ ChrisVanHollen Thank you for your opposition to the Rep healthcare repeal bill. Use every tactic at your disposal to slow & stop this bill.";;@;;"889558049786146818";https://twitter.com/LOhlburg/status/889558049786146818
Happilyretired8;2017-07-24 14:23;0;1;"What about making healthcare too expensive for millions of us? How do you sleep at night? Is congress going to get the same healthcare?";;;;"889551523449057281";https://twitter.com/Happilyretired8/status/889551523449057281
AimLabaim;2017-07-24 14:00;0;2;"Are you trying to distract us from the fact that you're planning on taking healthcare away from millions? Disgusting. # wealthcare";;;#;"889545913366196224";https://twitter.com/AimLabaim/status/889545913366196224
mummywife21;2017-07-24 13:31;0;5;"How about you listen to your constituents and find a bipartisan way to fix the ACA, not vote the party line & torpedo healthcare for all";;;;"889538425187074049";https://twitter.com/mummywife21/status/889538425187074049
julievan;2017-07-24 13:17;0;1;"Agree. Listen to Chris. And I don't even live in the cities. I live in the rural PA you are going to Lose if you take away healthcare";;;;"889534933479432192";https://twitter.com/julievan/status/889534933479432192
WhatsPatUpTo;2017-07-24 12:56;4;9;"If you're from PA, you know the damage done from Trumpcare is more likely to harm us than N. Korea. Call Sen Toomey!https://twitter.com/PhillyResistNow/status/889475032895893508 …";;;;"889529743921610754";https://twitter.com/WhatsPatUpTo/status/889529743921610754
HausmannStabile;2017-07-24 12:56;2;7;"And you are threatening to vote against sick Americans' access to health care. You are more dangerous to our country than Kim Jong-un.";;;;"889529713949110275";https://twitter.com/HausmannStabile/status/889529713949110275
DebraHange1;2017-07-24 12:42;0;4;"Yes. Maybe. But today I'm more concerned about my health and care. VOTE NO TO ANY REPEAL OF THE ACA. VOTE NO TO GOP HC BILL. ZIP 19454";;;;"889526223843581953";https://twitter.com/DebraHange1/status/889526223843581953
FuriousAKL;2017-07-24 12:30;1;2;"Your healthcare tax cut plan for the very rich actually makes the prospect of nuclear annihilation less threatening to many people.";;;;"889523072528769027";https://twitter.com/FuriousAKL/status/889523072528769027
jsalaga1955;2017-07-24 12:19;0;0;"How about a bipartisan healthcare response? Global peace won't matter if we're dead. # STOPTrumpCare";;;#;"889520315507892224";https://twitter.com/jsalaga1955/status/889520315507892224
desertjumpboots;2017-07-24 12:01;2;12;"You could start by pulling the # wealthcare bill off the floor. Permanently.";;;#;"889515977095999489";https://twitter.com/desertjumpboots/status/889515977095999489
deramo_richard;2017-07-24 12:00;0;2;"Diversion. NK has leader like our own, impulsive blusterer. Why divert us from hcare? PA wants bipartisan answer.";;;;"889515574283390978";https://twitter.com/deramo_richard/status/889515574283390978
portraitwes;2017-07-24 11:51;0;2;"IF ONLY you would be willing to work BIPARTISAN on health care!! Soooo sad";;;;"889513428796178432";https://twitter.com/portraitwes/status/889513428796178432
Honeybee0427;2017-07-24 11:48;1;6;"See how nice it is when you cooperate with each other? Can you please do that for healthcare, too? I'm sure a compromise can be reached.";;;;"889512539121430529";https://twitter.com/Honeybee0427/status/889512539121430529
TheUnicornDem;2017-07-24 11:26;0;0;"I LMAO with the devistating health care bill statement. How come Senate Democrats refuse to put up amendments to make bill better?";;;;"889507177991417858";https://twitter.com/TheUnicornDem/status/889507177991417858
imkwareNP;2017-07-24 10:25;0;0;"@ SenatorCardin @ ChrisVanHollen I am NP from 21666. Continue to fight GOP health care bills and @ SenMajLdr secretive process. Health matters!";;@ @ @;;"889491680952496128";https://twitter.com/imkwareNP/status/889491680952496128
Bellaramading;2017-07-24 10:15;0;0;"@ ChrisVanHollen vote NO to Senate healthcare bill & NO to repeal only; protect the fragile & most vulnerable citizens; no cuts to Medicaid";;@;;"889489095562604544";https://twitter.com/Bellaramading/status/889489095562604544
jPotterRay;2017-07-24 10:04;0;14;"just called @ ChrisVanHollen s office + spoke to the kindest staff member. so glad my senator + his team are working to protect healthcare!";;@;;"889486428241047554";https://twitter.com/jPotterRay/status/889486428241047554
nora_howley;2017-07-24 05:43;0;1;"@ SenatorCardin @ ChrisVanHollen @ RepRaskin Again this MD 8th voter thanks you for your stands & votes against all forms # Trumpcare # Repeal";;@ @ @;# #;"889420683008253952";https://twitter.com/nora_howley/status/889420683008253952
bournetobeme;2017-07-24 00:20;0;0;"CALL! Tell them you want them to stop all governmental business until this wealthcare BS is DEAD.";;;;"889339409597739008";https://twitter.com/bournetobeme/status/889339409597739008
johnlparker1;2017-07-23 23:16;0;0;"@ SenatorCardin @ ChrisVanHollen No need to play to party line Obamacare is bankrupting America Get in the discussion to # RepealAndReplacehttps://twitter.com/SenTedCruz/status/888451501932384262 …";;@ @;#;"889323369342042112";https://twitter.com/johnlparker1/status/889323369342042112
nancysuzyq;2017-07-23 22:57;0;0;"It's # wealthcare says @ ChrisVanHollen @ NAACP_LDF conventionhttps://twitter.com/NAACP/status/889284615617294336 …";;@ @;#;"889318714566430720";https://twitter.com/nancysuzyq/status/889318714566430720
blicqer;2017-07-23 21:15;7;9;"@ NAACP: "Make no mistake: It’s not healthcare, it’s about WEALTHcare." Sen. @ ChrisVanHollen ,United States Sen... http://ow.ly/rQZy50cZAoC";;@ @;;"889292928388149256";https://twitter.com/blicqer/status/889292928388149256
BThomas3333;2017-07-23 20:46;0;0;"I see what you did there! It's like 'health', but with a 'w'. Because conservatives only care about protecting rich peoples wealth!";;;;"889285519011479553";https://twitter.com/BThomas3333/status/889285519011479553
NAACP;2017-07-23 20:42;51;98;""Make no mistake: It’s not healthcare, it’s about WEALTHcare." Sen. @ ChrisVanHollen ,United States Senator from Maryland # NAACP # ATT # HOCpic.twitter.com/5gBzZZ9GsU";;@;# # #;"889284615617294336";https://twitter.com/NAACP/status/889284615617294336
DavisSociologis;2017-07-23 19:35;0;0;"# Healthcare is about # wealth!";;;# #;"889267638093750272";https://twitter.com/DavisSociologis/status/889267638093750272
victoriainspace;2017-07-23 19:18;0;2;". @ jonfavs, at the # NAACP108 Natl Convention and @ ChrisVanHollen just dropped # wealthcare on the crowd. Wealthcare is happening.pic.twitter.com/g7vwy1FQR0";;@ @;# #;"889263597234343940";https://twitter.com/victoriainspace/status/889263597234343940
NAACPecon;2017-07-23 19:18;1;1;""It's not about healthcare, it's about wealth care" @ ChrisVanHollen # NAACP # ATT # HumanityofConnectionpic.twitter.com/e3D0qhVdYW";;@;# # #;"889263428942139392";https://twitter.com/NAACPecon/status/889263428942139392
LisaMcCray;2017-07-23 19:16;0;1;"@ ChrisVanHollen speaking at @ NAACP Convention against so-called Trumpcare: "It is unconscionable and we must defeat that proposal"";;@ @;;"889262996421300224";https://twitter.com/LisaMcCray/status/889262996421300224
LaurieBriggs11;2017-07-23 15:42;0;0;"Checkout the @ LittleLobbyists The proposed cuts to Medicaid would indeed take away Timmy's care; his parents can't afford it w/o Medicaid";;@;;"889209013958832128";https://twitter.com/LaurieBriggs11/status/889209013958832128
ky_shagnasty;2017-07-23 14:10;0;0;"Son has MS, spinal stroke and Transverse Mylelitis. 40 yr old with 2 young boys. On medicare and Medicaid. Draws $700 per month.";;;;"889185877401927685";https://twitter.com/ky_shagnasty/status/889185877401927685
peter216;2017-07-23 14:09;0;0;"@ SenatorCardin @ ChrisVanHollen I am a MD resident opposed to the GOP healthcare "plan". It strips care fr many to give $ to few. Pls oppose.";;@ @;;"889185658484477955";https://twitter.com/peter216/status/889185658484477955
JennyCat64;2017-07-23 13:59;0;0;"I know where my Senator @ ChrisVanHollen stands!! He is for providing better healthcare not wealthcare!! # ACA fix it don't sabotage it @ GOP!https://twitter.com/KamalaHarris/status/889181320504631297 …";;@ @;#;"889183220490809345";https://twitter.com/JennyCat64/status/889183220490809345
LivinginCross;2017-07-23 12:55;0;0;"As a Veteran, all Americans deserve healthcare, please push for Medicare for All.";;;;"889167206537474049";https://twitter.com/LivinginCross/status/889167206537474049
RutiRegan;2017-07-23 12:30;1;0;"Amelia is a close friend and collaborator. I can't imagine what it would be like to lose her to GOP anti-healthcare ideology. Vote NO.";;;;"889160911558234112";https://twitter.com/RutiRegan/status/889160911558234112
marybeth0813;2017-07-23 12:25;0;0;"She I was a single mom and obama care went in place my insurance went from 100 dollars a month and a 1500 dollar deductible to 350 & 6k ded";;;;"889159474589704193";https://twitter.com/marybeth0813/status/889159474589704193
ClrView;2017-07-23 11:23;0;0;"Imploding Obamacare is hardly care.";;;;"889143890644578304";https://twitter.com/ClrView/status/889143890644578304
marybeth0813;2017-07-23 11:09;0;1;"Timmy could lose care under obama care if his carrier pulls out and you do nothing so quit the party rhetoric and figure it out !";;;;"889140400962899968";https://twitter.com/marybeth0813/status/889140400962899968
marybeth0813;2017-07-23 11:08;0;1;"Stop saying how great obama care is when it isn't and figure out how to fix or replace it before Timmy loses his coverage";;;;"889140063296159745";https://twitter.com/marybeth0813/status/889140063296159745
marybeth0813;2017-07-23 11:07;0;0;"You do know that carefirst is pulling out in Maryland right? You do know that if that happens and someone like Timmy would lose coverage?";;;;"889139815870083072";https://twitter.com/marybeth0813/status/889139815870083072
TheUnicornDem;2017-07-23 10:35;0;0;"No one is taking his care away just stop it!";;;;"889131879076687874";https://twitter.com/TheUnicornDem/status/889131879076687874
ChrisVanHollen;2017-07-23 10:23;101;218;"We must keep fighting to make sure Marylanders like six-year-old Timmy have the care they need. # ProtectOurCarehttps://twitter.com/voxdotcom/status/838377311963471872 …";;;#;"889128901024284672";https://twitter.com/ChrisVanHollen/status/889128901024284672
CatherineHagman;2017-07-23 00:12;0;0;"@ ChrisVanHollen, # Trump just accused the former head of the FBI, a career prosecutor, of "many" crimes. This is repugnant. This is madness.";;@;#;"888974995770179585";https://twitter.com/CatherineHagman/status/888974995770179585
JillpaulisJill;2017-07-22 21:24;0;0;"Thank you so much for advocating for our care and our kids!! We in Maryland are proud of you";;;;"888932759187730432";https://twitter.com/JillpaulisJill/status/888932759187730432
Glambert3599;2017-07-22 08:15;0;1;"We are lucky to have to great Senators who care about us Marylanders. Thank you for that @ SenatorCardin @ ChrisVanHollen!";;@ @;;"888734145643520000";https://twitter.com/Glambert3599/status/888734145643520000
BorisDirnbach;2017-07-21 23:12;0;1;". @ SenSchumer @ SenatorDurbin @ PattyMurray @ SenStabenow @ MarkWarner @ amyklobuchar @ SenatorBaldwin @ ChrisVanHollen https://www.commondreams.org/news/2017/07/21/message-democrats-get-board-medicare-all-or-go-home …";;@ @ @ @ @ @ @ @;;"888597567654821890";https://twitter.com/BorisDirnbach/status/888597567654821890
Carpe987;2017-07-21 22:29;1;1;"Who cares, what were they? How much did it cost us? And WHAT ELSE did you do, what did YOU vote for? what corruption? crony project?";;;;"888586852470464512";https://twitter.com/Carpe987/status/888586852470464512
ChrisVanHollen;2017-07-21 21:02;77;186;"Senator Byrd would be proud that his "Rule" will hamper Senate Republican bill that would destroy affordable care for millions.https://twitter.com/voxdotcom/status/888520221685895168 …";;;;"888564799122132992";https://twitter.com/ChrisVanHollen/status/888564799122132992
em_i_lis;2017-07-21 17:51;0;0;"@ ChrisVanHollen @ SenatorCardin I trust MD can still count on you to refuse to vote for any of @ SenateGOP's pathetic "healthcare" "ideas."";;@ @ @;;"888516815441342464";https://twitter.com/em_i_lis/status/888516815441342464
ElizabethEftfmd;2017-07-21 17:37;0;1;"@ SenatorCardin @ ChrisVanHollen Please continue to support a fair healthcare bill! We need to improve ACA! # KillTheBill # ProtectOurCarehttps://twitter.com/healthymaryland/status/888511800702054400 …";;@ @;# #;"888513173329813504";https://twitter.com/ElizabethEftfmd/status/888513173329813504
cmrigaux;2017-07-21 15:24;0;0;"My mom and pops, also in Frederick, rely on Medicare; both have issues, inc. diabetes, depression, anxiety.";;;;"888479759444955136";https://twitter.com/cmrigaux/status/888479759444955136
cmrigaux;2017-07-21 15:22;0;0;"My sister, in Frederick, got health care under Obamacare first time in 10 years; premiums rose too much and she had to drop it.";;;;"888479428430495745";https://twitter.com/cmrigaux/status/888479428430495745
vcw2121;2017-07-21 15:17;0;0;"@ SenatorCardin @ ChrisVanHollen My son has down syn. Thanks 4 standing up against this atrocious health care bill. We're behind you!";;@ @;;"888478044700033024";https://twitter.com/vcw2121/status/888478044700033024
flyaway47;2017-07-21 15:12;0;1;"I have 4 chronic pain disorders, depression and anxiety, plus aging issues (70 next b'day). Medicare cuts are TERRIFYING! Help!";;;;"888476706327191554";https://twitter.com/flyaway47/status/888476706327191554
DocTsuga;2017-07-21 14:09;0;1;"I have a good paying job with employer healthcare but spend 10% of gross pay on premiums for my healthy family, never mind the deductible";;;;"888460870896025601";https://twitter.com/DocTsuga/status/888460870896025601
NatakiDuncan;2017-07-21 13:54;1;0;"@ ChrisVanHollen What are you doing about this? Millions cannot lose health and dental care # ProtectOurCare # MedicaidMatters # OH2020https://twitter.com/ChrisVanHollen/status/888129252985638913 …";;@;# # #;"888457225689321472";https://twitter.com/NatakiDuncan/status/888457225689321472
ElizabethEftfmd;2017-07-21 13:52;0;0;"@ RepAnthonyBrown @ SenatorCardin @ ChrisVanHollen Please push for a national healthcare program! Simple everyone would be entitled to the same https://twitter.com/healthymaryland/status/888453425339478016 …";;@ @ @;;"888456664646643712";https://twitter.com/ElizabethEftfmd/status/888456664646643712
greenspaceguy;2017-07-21 12:50;0;0;"Gov must link huge profit$ that insurers already get from Medicaid/Medicare to participation in Obamacarehttp://www.latimes.com/business/hiltzik/la-fi-hiltzik-obamacare-hardball-20160809-snap-story.html …";;;;"888441164743020548";https://twitter.com/greenspaceguy/status/888441164743020548
greenspaceguy;2017-07-21 12:50;0;0;"Or Give people Medicare @age 62 instead of 65 more would retire early thus leaving more jobs 4 younger folk # ExpandMedicare # SocialSecurity";;@age;# #;"888441067036606465";https://twitter.com/greenspaceguy/status/888441067036606465
ceegarciabee;2017-07-21 12:14;0;0;"@ ChrisVanHollen Notoriously Democratic Reps NOT Standing up for Single Payer Healthcare are getting pretty hefty campaign Donations. You?";;@;;"888432045948416001";https://twitter.com/ceegarciabee/status/888432045948416001
ceegarciabee;2017-07-21 12:10;0;0;"@ ChrisVanHollen Healthcare Should Not Be For Profit. Stop taking campaign financing From the Insurance Industries.";;@;;"888431057137041409";https://twitter.com/ceegarciabee/status/888431057137041409
ceegarciabee;2017-07-21 12:09;0;0;"@ ChrisVanHollen Please Please Wake Up Single Payer Now https://www.jacobinmag.com/2017/07/trumpcare-obamacare-repeal-public-option-single-payer …";;@;;"888430680929034241";https://twitter.com/ceegarciabee/status/888430680929034241
DameJEMarshall;2017-07-21 11:57;0;0;"Dear Velshi & Ruhle @ TheDemocrats protected the USA by not allowing # TrumpRussia to launch # trumpcare holocaust.Don't scold them for ratings";;@;# #;"888427696266518529";https://twitter.com/DameJEMarshall/status/888427696266518529
danelectrodan;2017-07-21 11:50;0;0;"@ ChrisVanHollen Just saw you on MSNBC. Thank you for pushing for the Public Option and Medicare for all.";;@;;"888425948915347456";https://twitter.com/danelectrodan/status/888425948915347456
westernsage2;2017-07-21 11:43;0;0;"@ ChrisVanHollen Simple Health Care improvement- Medicare bargains for better drug prices. Push Republicans to support it. # Unite Bernie yes.";;@;#;"888424076456280064";https://twitter.com/westernsage2/status/888424076456280064
JillpaulisJill;2017-07-21 09:57;1;1;"We love him lots, institutional care is not an option! He would die!!! Home care is our survival! Not covered by private insurance! # Medicaid";;;#;"888397419947360256";https://twitter.com/JillpaulisJill/status/888397419947360256
JillpaulisJill;2017-07-21 08:50;1;2;"My 22 year old some suffered severe anoxic brain damage at birth! Lives at home with senior parents! We survive because of Medicaid/homecare";;;;"888380757323993088";https://twitter.com/JillpaulisJill/status/888380757323993088
jenpotter80;2017-07-21 04:01;1;2;"We are a family of a child cancer-fighter who is afraid for her healthcare future.https://vimeo.com/216510016";;;;"888307950158217217";https://twitter.com/jenpotter80/status/888307950158217217
jenpotter80;2017-07-21 04:01;1;1;". @ ChrisVanHollen We are a family of a child cancer-fighter who is afraid for her healthcare future. https://vimeo.com/216510016";;@;;"888307902120939520";https://twitter.com/jenpotter80/status/888307902120939520
ElizabethEftfmd;2017-07-20 22:05;0;0;"@ SenatorCardin @ ChrisVanHollen A very simple solution to the healthcare bill is National Healthcare for All Americans. Pass it now!";;@ @;;"888218334990393344";https://twitter.com/ElizabethEftfmd/status/888218334990393344
LaurieN80135112;2017-07-20 22:03;0;0;"I am an American that cares very much that Trump is being controlled by the Russians. Where are my fellow Patriots that should also care?";;;;"888217961181433857";https://twitter.com/LaurieN80135112/status/888217961181433857
IndivisibleMCMD;2017-07-20 21:59;4;7;"Tweet your health care story to @ ChrisVanHollen. Because Maryland's senators care about their constituents.... https://twitter.com/chrisvanhollen/status/888107943274487810 …";;@;;"888216923292524545";https://twitter.com/IndivisibleMCMD/status/888216923292524545
quickbob93;2017-07-20 21:26;0;0;"Wife in Md needed insurance. Quoted 1600.00 a month with 6000.00 deductabul for Obama care in Maryland. And you want to keep this ? ???";;;;"888208628821483521";https://twitter.com/quickbob93/status/888208628821483521
TracyHappyHome;2017-07-20 20:58;0;0;"My mom & MIL both died in part because of no health insurance or money to afford care without it. Sepsis & undiagnosed anyeurism.";;;;"888201364429561858";https://twitter.com/TracyHappyHome/status/888201364429561858
lesliekaren;2017-07-20 19:20;0;2;"Diagnosed w/cancer in 2014. O-care saved my life when 2 sick 2 work & 2-wk hosp room/board=$100K + cost of BMT/ chemo/OVs/other meds/trmt.";;;;"888176821384204289";https://twitter.com/lesliekaren/status/888176821384204289
AutisticReality;2017-07-20 18:33;0;0;"@ ChrisVanHollen hope to see you at NCIL rally next week! Take care!";;@;;"888164906708721667";https://twitter.com/AutisticReality/status/888164906708721667
kris24824;2017-07-20 17:35;0;0;"My dad got insurance under the medicaid expansion. Emergency gallbladder removal. He would have died/been to scared to go to ER before ACA.";;;;"888150384077717504";https://twitter.com/kris24824/status/888150384077717504
HeyHiHelloU;2017-07-20 16:59;0;0;"At that point I couldn't afford # CobraHealthcare, so I was unemployed and with no # ObamaCare either";;;# #;"888141293708337156";https://twitter.com/HeyHiHelloU/status/888141293708337156
lec419;2017-07-20 16:38;0;3;"I have a 45 yr old son with diabetes, couldn't get coverage before Obamacare, this is the first time as an adult he's had coverage.";;;;"888136140594847745";https://twitter.com/lec419/status/888136140594847745
youngdingus88;2017-07-20 16:31;0;0;"Yea, my gov is forcing me to have healthcare. It will equal out to a 768 monthly "bill". Can't afford it. Used to be able to get for 350";;;;"888134259705360384";https://twitter.com/youngdingus88/status/888134259705360384
LaurenElyard;2017-07-20 16:28;0;0;". @ ChrisVanHollen Here is my # healthcare story. Thank you for continuing to fight for the people of # Maryland. # SaveTheACApic.twitter.com/ZeWh9g70Ds";;@;# # #;"888133637555793920";https://twitter.com/LaurenElyard/status/888133637555793920
noki_mochi;2017-07-20 16:19;0;0;"It proved that most GOP are scare of FAKE BLOND WITCH! Criticized don't want to show their"ID" on new losers lawmakers?";;;;"888131193786552321";https://twitter.com/noki_mochi/status/888131193786552321
jenacov;2017-07-20 15:02;0;0;"A pretty mundane one—denied health care for preexisting conditions until ACA. Finally got ins and got to become a mom (x2)!";;;;"888111904236871680";https://twitter.com/jenacov/status/888111904236871680
sox_morgan;2017-07-20 15:00;0;1;"Not have this help. There simply would be no way to help him learn meaningfully. I'm so scared for him. He's so vulnerable and all we want";;;;"888111407660548097";https://twitter.com/sox_morgan/status/888111407660548097
treebaa;2017-07-20 14:59;0;2;"My sister, @ bakerGG, depends on # Obamacare for her health coverage. I'm outraged that anyone would take it away. # ProtectOurCare";;@;# #;"888111186591350784";https://twitter.com/treebaa/status/888111186591350784
ChrisVanHollen;2017-07-20 14:46;80;105;"If you, a friend, or family member has a personal health care story to tell—please tweet them to me.";;;;"888107943274487810";https://twitter.com/ChrisVanHollen/status/888107943274487810
davidlj58;2017-07-20 07:36;0;0;"Hell politicians such as U have shafted the SSA by raids and IOU's. U do not think that in the end your going to screw others on health care";;;;"887999599117520896";https://twitter.com/davidlj58/status/887999599117520896
RobertG35947779;2017-07-20 05:35;0;0;"How would you finance Medicare for all. Time to control healthcare cost, stop the dr/ins barter system. Compete on prices.";;;;"887969129201795074";https://twitter.com/RobertG35947779/status/887969129201795074
RobertG35947779;2017-07-20 05:31;0;1;"But Obamacare was one of those proposals that did sabotage healthcare. My daughter is the latest victim. She got a $100 raise &lost Medicaid";;;;"887968228198232065";https://twitter.com/RobertG35947779/status/887968228198232065
ClrView;2017-07-19 23:02;0;0;"The American people are even smarter. Obamacare dies.";;;;"887870245859241984";https://twitter.com/ClrView/status/887870245859241984
ClrView;2017-07-19 23:00;0;0;"Best action. Let Obamacare die. You own it.";;;;"887869724092227584";https://twitter.com/ClrView/status/887869724092227584
southannie;2017-07-19 22:47;0;3;"https://en.wikipedia.org/wiki/Bethesda,_Maryland … If Rod was from # Batlimore, it's a city you are supposed to care for. @ SenJohnnyRay @ ChrisVanHollen @ SenatorCardin";;@ @ @;#;"887866545245872131";https://twitter.com/southannie/status/887866545245872131
VenerableDragon;2017-07-19 21:50;0;0;"Improvement is a very small subset of change. There are an enormous number of rotten proposals they could use for sabotaging health care.";;;;"887852067926233088";https://twitter.com/VenerableDragon/status/887852067926233088
christianxderek;2017-07-19 19:38;0;0;"@ ChrisVanHollen We need more coverage for mental health care, not less. Please # Act4MentalHealth.";;@;#;"887818875378835456";https://twitter.com/christianxderek/status/887818875378835456
garyrozanc;2017-07-19 19:36;0;3;"It’s time for you to go on the offensive and come up with a “Medicare For All” bill. It’s what the people want, make it happen.";;;;"887818526878289925";https://twitter.com/garyrozanc/status/887818526878289925
w55unicorn;2017-07-19 18:57;0;1;"Please keep trying we are depending on our Dems people will die without healthcare I'm old enough to remember those days";;;;"887808532057395201";https://twitter.com/w55unicorn/status/887808532057395201
RealEstate4SoMD;2017-07-19 18:56;0;0;"# RepealObamacare";;;#;"887808328407166978";https://twitter.com/RealEstate4SoMD/status/887808328407166978
RealEstate4SoMD;2017-07-19 18:54;0;0;"# RepealObamacare";;;#;"887807919563169792";https://twitter.com/RealEstate4SoMD/status/887807919563169792
Citizen_USA1;2017-07-19 18:50;0;0;"Obamacare insured an additional 11 mil courtesy of my increased premiums & deductibles. Somehow repealing that nightmare = 32 mil lose ins";;;;"887806846668603392";https://twitter.com/Citizen_USA1/status/887806846668603392
Citizen_USA1;2017-07-19 18:47;0;1;"The only thing that sabotaged health care was Obamacare. Markets completely effed up now. Thanks, Democrats!";;;;"887806018658476032";https://twitter.com/Citizen_USA1/status/887806018658476032
RiskandCons;2017-07-19 18:45;0;2;"All @ POTUS cares about is "winning" doesn't care what bill contains as long as he gets his win";;@;;"887805520366710784";https://twitter.com/RiskandCons/status/887805520366710784
ChrisVanHollen;2017-07-19 18:41;48;139;"Trump & @ SenateGOP are running in circles. Plan A, B, & C failed—how many more rotten proposals that would sabotage health care? Stop!https://twitter.com/LauraLitvan/status/887714930698444801 …";;@;;"887804528309006336";https://twitter.com/ChrisVanHollen/status/887804528309006336
yrubored;2017-07-19 18:06;0;0;"Thank you . @ ChrisVanHollen, and . @ SenatorCardin, for holding the line on health care. We don't need any expedited funerals in MD.";;@ @;;"887795839111966721";https://twitter.com/yrubored/status/887795839111966721
RJ_in_NOVA;2017-07-19 17:24;0;0;"Frankly, Chris, the authors of the O'care wanted it to fail....figuring HRC would be in, paving the way to single payor. Enough w/the BS!!!";;;;"887785321542320129";https://twitter.com/RJ_in_NOVA/status/887785321542320129
MOCOElephant;2017-07-19 15:20;0;0;"That's why we need to repeal and replace # Obamacare because it's FAILED EPICALLY!";;;#;"887753969178726400";https://twitter.com/MOCOElephant/status/887753969178726400
ChrisVanHollen;2017-07-19 15:04;23;37;"Without Medicaid, Angela couldn’t care for her daughter Caroline who was diagnosed with autism. # ProtectOurCarepic.twitter.com/dK9g844gpq";;;#;"887749916159864834";https://twitter.com/ChrisVanHollen/status/887749916159864834
bainpugh;2017-07-19 14:27;0;1;"Thank you for staying focused on keeping health care for all Americans. Please consider the values and successes of single payer plans.";;;;"887740622886645760";https://twitter.com/bainpugh/status/887740622886645760
lrvLinda;2017-07-19 14:19;0;0;"Please help forge a bi-partisan coalition to improve health care & coverage. Show Republicans what bi-partisanship can do!";;;;"887738790479101953";https://twitter.com/lrvLinda/status/887738790479101953
VenerableDragon;2017-07-19 13:56;0;0;"Why doesn't GOP want us to have health care we can live with, affordably? Doesn't that violate their oath? @ SenatorCardin, @ ChrisVanHollen";;@ @;;"887732859330605056";https://twitter.com/VenerableDragon/status/887732859330605056
FundacionEfrain;2017-07-19 13:52;0;0;"UnitedWeStand Divided U fall # HealthcareBill @ SenPatRoberts @ SenAngusKing @ ChrisVanHollen @ SenatorCardin @ SenMarkey @ amyklobuchar @ RoyBlunt";;@ @ @ @ @ @ @;#;"887731766613749767";https://twitter.com/FundacionEfrain/status/887731766613749767
jonathanbruck;2017-07-19 13:34;0;1;"Trump only cares about his own kids, and not even all of them.";;;;"887727360929345539";https://twitter.com/jonathanbruck/status/887727360929345539
ChrisVanHollen;2017-07-19 13:16;33;63;"McConnell’s repeal plan would make health care unaffordable for children like Charlie who have a pre-existing condition.pic.twitter.com/iSoLlWMHau";;;;"887722950853636097";https://twitter.com/ChrisVanHollen/status/887722950853636097
FrankMe03410879;2017-07-19 12:07;0;0;"We the people deserve free health care this 'secret slavery' must stop... Complain about Trump having secret meeting...";;;;"887705565165752322";https://twitter.com/FrankMe03410879/status/887705565165752322
FrankMe03410879;2017-07-19 12:06;0;0;"The American people are stupid... Allowing much more stupid individuals give there word... Obamacare needs to be put to rest...";;;;"887705252018966529";https://twitter.com/FrankMe03410879/status/887705252018966529
GreggHoush;2017-07-19 11:23;0;0;"@ ChrisVanHollen $765 billion per year lost in US healthcare system. Want to fix healthcare? Maybe start with this https://www.propublica.org/article/the-myth-of-drug-expiration-dates …";;@;;"887694306475167745";https://twitter.com/GreggHoush/status/887694306475167745
joyfor;2017-07-19 10:39;0;3;"- we're not seeing much focus on what's good for the American people at this point. # RightToHealthcare";;;#;"887683239401467904";https://twitter.com/joyfor/status/887683239401467904
joyfor;2017-07-19 10:31;0;1;"@ ChrisVanHollen @ BenCardinforMD @ SenWarren People really want health insurance that provides healthcare, not slogans. # righttohealthcare";;@ @ @;#;"887681395073613826";https://twitter.com/joyfor/status/887681395073613826
jPotterRay;2017-07-19 10:23;0;7;"Me, every time I call @ ChrisVanHollen and @ SenatorCardin to thank them for the work they are doing to protect # healthcarepic.twitter.com/1iXN96FiFO";;@ @;#;"887679378745962496";https://twitter.com/jPotterRay/status/887679378745962496
nurseratchet2u;2017-07-19 02:17;0;1;"I don't think they care as long as they can post a "win"";;;;"887556947708391424";https://twitter.com/nurseratchet2u/status/887556947708391424
akasper331;2017-07-19 00:35;1;1;"Glad to see # Obamacare is safe! Thanks @ ChrisVanHollen, @ SenatorCardin, and @ RepAnthonyBrown";;@ @ @;#;"887531440480677888";https://twitter.com/akasper331/status/887531440480677888
tchanta;2017-07-18 22:35;0;0;"@ senatedems need to hold Senate floor and call on GOP to condemn Trump's plan to sabotage healthcare.";;@;;"887501206280601602";https://twitter.com/tchanta/status/887501206280601602
CoachforPOTUS;2017-07-18 21:08;0;0;"My vote is to send health care back from whence it came. Let Governors control it, AGAIN. I don't need insurance. I need affordable Doctors.";;;;"887479203985281024";https://twitter.com/CoachforPOTUS/status/887479203985281024
jenny_rauch;2017-07-18 21:03;0;0;"McConnell knows and doesn't care. Trump doesn't care enough to know.";;;;"887477879453478912";https://twitter.com/jenny_rauch/status/887477879453478912
PatBuck20901453;2017-07-18 20:46;0;0;"Unfortunately @ realDonaldTrump and Mc Connell have no clue as to what they are doing with OUR healthcare It is now about politics not US SAD";;@;;"887473627582447617";https://twitter.com/PatBuck20901453/status/887473627582447617
Federalist;2017-07-18 20:44;0;0;"Yes. They don't care and neither do their supporters";;;;"887473192180252672";https://twitter.com/Federalist/status/887473192180252672
dianeclectica;2017-07-18 20:25;0;0;"Better question is: Do they care? No No No, they don't!";;;;"887468356487581697";https://twitter.com/dianeclectica/status/887468356487581697
kay_vandenberg;2017-07-18 20:12;0;1;"Not sure they care";;;;"887465012884905984";https://twitter.com/kay_vandenberg/status/887465012884905984
MiriamShulamit;2017-07-18 20:03;0;0;"I don't think they care, Senator. I'm at a loss, watching people say the most ridiculous things.";;;;"887462974398619648";https://twitter.com/MiriamShulamit/status/887462974398619648
StarbiesMom;2017-07-18 20:03;0;0;"I suspect they do realize it and don't care.";;;;"887462829762150401";https://twitter.com/StarbiesMom/status/887462829762150401
katford7286;2017-07-18 19:49;0;0;"Of course, but they just don't care. They will do anything to further their agenda at the expense of 32 million Americans.";;;;"887459339837087745";https://twitter.com/katford7286/status/887459339837087745
RobertG35947779;2017-07-18 19:43;0;0;"I have insurance but because of Obamacare I can't afford to use it. SCOTUS only let it stand because it was a tax bill not a healthcare bill";;;;"887457745821200384";https://twitter.com/RobertG35947779/status/887457745821200384
WordChem;2017-07-18 19:35;0;0;"Apparently not. Also, if we freelancers lose our ACA policies, WE may collapse. Too old to go w/o health insurance, too young for Medicare.";;;;"887455709276798976";https://twitter.com/WordChem/status/887455709276798976
Clancy_Dew;2017-07-18 19:26;0;1;"They don't care. Can we repeal congressmen's federally paid health insurance in the same bill?";;;;"887453496076795907";https://twitter.com/Clancy_Dew/status/887453496076795907
CarrolCoMd;2017-07-18 19:13;0;1;"Do they really care @ GOP ?";;@;;"887450221097168896";https://twitter.com/CarrolCoMd/status/887450221097168896
LA_Debra;2017-07-18 19:10;0;1;"I don't believe they care.";;;;"887449509504143360";https://twitter.com/LA_Debra/status/887449509504143360
clueless4eve;2017-07-18 19:05;0;1;"Nope. They don't care about the consequences. They just want one in the win column. Who cares who it hurts.";;;;"887448316702752769";https://twitter.com/clueless4eve/status/887448316702752769
wizzardsd;2017-07-18 19:03;0;0;"Obama care already collapsed it.";;;;"887447807132610560";https://twitter.com/wizzardsd/status/887447807132610560
DemFelicia;2017-07-18 19:00;0;0;"And our economy along with it. Where have all the employment gains come from? healthcare jobs";;;;"887446981173329920";https://twitter.com/DemFelicia/status/887446981173329920
SlMetzger;2017-07-18 18:59;0;3;"Of course they do. They are acting like belligerent 2 year olds. They will do anything to get rid of Obamacare";;;;"887446677380096000";https://twitter.com/SlMetzger/status/887446677380096000
everylastline;2017-07-18 18:56;0;1;"Yes, they just don't care and want to demolish any of President Obama's legacy.";;;;"887446067335372800";https://twitter.com/everylastline/status/887446067335372800
rayoutsydbox;2017-07-18 18:56;0;1;"They don't care somehow repeal is going to fill their pockets with !!!";;;;"887445968785887232";https://twitter.com/rayoutsydbox/status/887445968785887232
dassismom;2017-07-18 18:55;1;6;"Yes, they do realize what would happen - they don't care!!!!!!!!!!!!!!";;;;"887445736023101440";https://twitter.com/dassismom/status/887445736023101440
GlobalChillPill;2017-07-18 18:42;0;0;"All of our rights are enumerated in the Constitution. Healthcare isn't one of them.";;;;"887442577766703104";https://twitter.com/GlobalChillPill/status/887442577766703104
GlobalChillPill;2017-07-18 18:42;0;0;"Another case where the # ACA failed. We need # freemarkethealthcare .";;;# #;"887442379665551360";https://twitter.com/GlobalChillPill/status/887442379665551360
dechanique;2017-07-18 18:40;0;0;"Yes. And my other friend can't get health insurance at all bc she's too poor for ACÁ and her state didn't expand Medicare";;;;"887441943667408897";https://twitter.com/dechanique/status/887441943667408897
GlobalChillPill;2017-07-18 18:39;0;0;"The situation won't be better under single payer. Health insurance =/= healthcare.";;;;"887441807365345282";https://twitter.com/GlobalChillPill/status/887441807365345282
Sfischer1952;2017-07-18 18:24;0;0;"# healthcare what's the goal @ uscongress00 solid universal coverage or reducing govt expense";;@;#;"887438073893711872";https://twitter.com/Sfischer1952/status/887438073893711872
gospelofjude;2017-07-18 17:20;0;0;"@ realDonaldTrump Absolutely doesn't care about Americans at all. Only his own ego and $$.";;@;;"887421968051523585";https://twitter.com/gospelofjude/status/887421968051523585
laSerenissima20;2017-07-18 17:20;0;0;"Neither #45, nor @ SenateMajLdr care about all the people who will be hurt, they just want 2 destroy ACA because it's part of Obama's legacy.";;@;#45;"887421881275617281";https://twitter.com/laSerenissima20/status/887421881275617281
GlobalChillPill;2017-07-18 17:19;0;0;"The # ACA has already failed. On MD exchange bronze policy has $1777/mo prem $13k deduct. for 2 ppl.We need # FreeMarket # AffordableHealthcare";;;# # #;"887421684621377537";https://twitter.com/GlobalChillPill/status/887421684621377537
GlobalChillPill;2017-07-18 17:17;0;0;"No thanks. I don't want a healthcare system like the VA.";;;;"887421059183640577";https://twitter.com/GlobalChillPill/status/887421059183640577
FundacionEfrain;2017-07-18 17:07;0;0;"# promise is promise # HealthcareBill @ SenAngusKing @ ChrisVanHollen @ SenatorCardin @ SenMarkey @ amyklobuchar @ RoyBlunt @ clairecmc @ SteveDaines";;@ @ @ @ @ @ @ @;# #;"887418472245886982";https://twitter.com/FundacionEfrain/status/887418472245886982
Mysize411;2017-07-18 16:41;1;5;"He has to be one of the most repugnant human being on the face of the earth. He doesn't care one bit for his fellow Americans just his ego.";;;;"887411906952265729";https://twitter.com/Mysize411/status/887411906952265729
dogwalker2012;2017-07-18 16:27;0;0;"We fight for your right to healthcare. Trumpets don't care that DT is corrupt. They care about high premiums, jobs & making a decent wage.";;;;"887408536975810560";https://twitter.com/dogwalker2012/status/887408536975810560
CeeBow1;2017-07-18 16:23;0;0;"Sick & twisted thought process of Trump. I'm sure when his supporters voted for him it wasn't to take their healthcare away over a vendetta.";;;;"887407526395957248";https://twitter.com/CeeBow1/status/887407526395957248
tijfbutler;2017-07-18 16:22;0;0;"You won’t work with him on a replacement. You had 8 years to fix Obamacare. You said it didn’t need fixing. Now you own its failure.";;;;"887407250981220352";https://twitter.com/tijfbutler/status/887407250981220352
ClrView;2017-07-18 16:19;0;0;"Obamacare was a failure from day one. You own it.";;;;"887406619415465984";https://twitter.com/ClrView/status/887406619415465984
dogwalker2012;2017-07-18 16:17;0;0;"So trump can blame that on dems too. So stupid to blame dems for dead healthcare bill when house Senate & WH is Republican. # DumpTrump";;;#;"887405913199529986";https://twitter.com/dogwalker2012/status/887405913199529986
JWC_6;2017-07-18 16:05;0;0;"The ACA does need to be strengthened. Please work together to help all Americans and stabilize our healthcare.";;;;"887402980529537025";https://twitter.com/JWC_6/status/887402980529537025
wgroth2pol;2017-07-18 16:05;0;0;"From The Local Party: SCCDP: RT ChrisVanHollen: Trump wants the ACA to fail—using the health care of millions as a… https://twitter.com/i/web/status/887400673658232832 …";;;;"887402970744270849";https://twitter.com/wgroth2pol/status/887402970744270849
kdmullins63;2017-07-18 16:03;0;0;"And Obama used the health care of Millions as a political pawn when the Dems passed the ACA my Single Daughters happened to be two of them.";;;;"887402462776348672";https://twitter.com/kdmullins63/status/887402462776348672
ChrisVanHollen;2017-07-18 15:56;210;402;"Trump wants the ACA to fail—using the health care of millions as a political pawn. @ SenateDems want to strengthen, not sabotage.https://twitter.com/BraddJaffy/status/887355872749301761 …";;@;;"887400673658232832";https://twitter.com/ChrisVanHollen/status/887400673658232832
bbweiner1;2017-07-18 14:53;0;0;"@ SenatorCardin @ ChrisVanHollen Thank you for your tireless fight to defeat the bill & save health care for millions.";;@ @;;"887384939284631556";https://twitter.com/bbweiner1/status/887384939284631556
lauriewrites;2017-07-18 14:35;0;1;"Thanks @ ChrisVanHollen & @ SenatorCardin for opposing # HealthcareBill that threatens @ PPAct & much more. # StandWithPP https://www.facebook.com/LaurieMedia/posts/1449901368392258 …";;@ @ @;# #;"887380255043977217";https://twitter.com/lauriewrites/status/887380255043977217
noki_mochi;2017-07-18 13:34;0;0;"GOP keeps saying Ocare is disaster premium go up? Carefirst bluechoice go up no one talks! Min.wage up every 5yrs? .25c?";;;;"887364934153244672";https://twitter.com/noki_mochi/status/887364934153244672
Flippymomof3;2017-07-18 13:06;0;0;"From @ ChrisVanHollen # SickGirlProblems # PAH # PulmonaryHypertension # PHASSOCITION # healthcareCrisis https://outreach.senate.gov/iqextranet/view_newsletter.aspx?id=129937&c=SenVanHollen …";;@;# # # # #;"887357815546892288";https://twitter.com/Flippymomof3/status/887357815546892288
LauraS602;2017-07-18 11:48;0;0;"keep fighting & obstruct Senate business til Dems are part of process to create ALL legislation ie health care, tax reform, regulations etc";;;;"887338394975690752";https://twitter.com/LauraS602/status/887338394975690752
noki_mochi;2017-07-18 10:51;0;0;"Pence should Stop lieing and tells the truth! Ocare is not that bad as"stupid trump and pence in the WH!!!";;;;"887324048115544064";https://twitter.com/noki_mochi/status/887324048115544064
davidlj58;2017-07-18 10:29;0;0;"Just say no to federal run/controlled health care.";;;;"887318374795161600";https://twitter.com/davidlj58/status/887318374795161600
SuprmomcatCathy;2017-07-18 10:27;3;5;"@ ChrisVanHollen # ACAILT2017 # advocate # medicare reimbursement for LPCspic.twitter.com/XC6BsSWQNc";;@;# # #;"887317859742867456";https://twitter.com/SuprmomcatCathy/status/887317859742867456
jgrove_2000;2017-07-18 10:16;0;0;"If you really care about protecting health care and people's lives, you will vote to repeal Obamacare.";;;;"887315195344945152";https://twitter.com/jgrove_2000/status/887315195344945152
Budd_Harris;2017-07-18 10:05;0;0;"They are opposed because the think it does not do enough to repeal Obamacare";;;;"887312404790497280";https://twitter.com/Budd_Harris/status/887312404790497280
aygarzon;2017-07-18 07:34;1;2;"Today we rally to protect # Medicaid because we need quality healthcare when living with # Hydrocephalus @ ChrisVanHollen @ RepRaskinpic.twitter.com/d9CUstQcAJ";;@ @;# #;"887274331746729985";https://twitter.com/aygarzon/status/887274331746729985
gc4ginger;2017-07-18 07:33;0;0;"Exactly- and by the way is there a human being alive that is not part of the healthcare system? Needed or not? What?";;;;"887274165383962624";https://twitter.com/gc4ginger/status/887274165383962624
SuperiorSol;2017-07-18 01:31;0;0;"Seriously? I had Obamacare for 6 months, work in a small construction company, couldn't pay during lean time, they booted me...";;;;"887182963590520836";https://twitter.com/SuperiorSol/status/887182963590520836
RevRosemary;2017-07-17 22:59;0;1;"@ ChrisVanHollen @ SenatorCardin @ AnthonyBrownMD4 PLEASE stop this Republican effort to destroy healthcare in America. Stop Trumpcare. Thanks.";;@ @ @;;"887144836477980672";https://twitter.com/RevRosemary/status/887144836477980672
ArlondreaHill;2017-07-17 22:26;0;1;"Tell the whole truth and nothing but the truth. Exactly what did the President say regarding Health care? How is it a betrayal?";;;;"887136366131159045";https://twitter.com/ArlondreaHill/status/887136366131159045
lsgordon;2017-07-17 21:43;0;2;"Thank you for having our backs! Please keep up the good work on #healthcare.";;;#healthcare;"887125699957579776";https://twitter.com/lsgordon/status/887125699957579776
wizzardsd;2017-07-17 21:41;0;0;"You realize that Obama care is done";;;;"887125032517988355";https://twitter.com/wizzardsd/status/887125032517988355
Joanna_Ambridge;2017-07-17 21:39;0;1;"Thanks to the ACA, people know federally subsidized healthcare is a good thing.";;;;"887124540899430400";https://twitter.com/Joanna_Ambridge/status/887124540899430400
EdEvans56214491;2017-07-17 21:09;0;0;"You are so right. It's almost as if Trump never said "all Americans will have Healthcare and the Government is going to pay for it. "";;;;"887117021263011840";https://twitter.com/EdEvans56214491/status/887117021263011840
luvjazz60;2017-07-17 17:57;0;1;"Why didn't you look at doing that before now # Obamacare # SUCKS";;;# #;"887068776059064320";https://twitter.com/luvjazz60/status/887068776059064320
mitchumms;2017-07-17 15:53;0;0;"Good thing he had that good health care. Glad @ SenatorCardin & @ ChrisVanHollen are fighting for me. Hope @ SenJohnMcCain will do the samehttps://twitter.com/voxdotcom/status/887036700832256000 …";;@ @ @;;"887037531220475905";https://twitter.com/mitchumms/status/887037531220475905
marybeth0813;2017-07-17 15:34;0;1;"Aren't you supposed to be working on health care bill?";;;;"887032778038136832";https://twitter.com/marybeth0813/status/887032778038136832
PDreams4ever;2017-07-17 15:09;0;2;"Why are the cops in rubber gloves waiting to arrest protestors ? Do they think they have coodies because they are protesting healthcare bill";;;;"887026562364841984";https://twitter.com/PDreams4ever/status/887026562364841984
Porkins_Lives;2017-07-17 15:06;0;0;"Don't pander now that your seat is in jeopardy. You followed that disgrace Trump, & will support # Trumpcare against your constituents needs";;;#;"887025850771800069";https://twitter.com/Porkins_Lives/status/887025850771800069
AllisonforMD;2017-07-17 15:00;150;295;"Happening right outside @ ChrisVanHollen office in Hart building, just now! # KillTheBill # medicare4allpic.twitter.com/0cJYredV9s";;@;# #;"887024278897651712";https://twitter.com/AllisonforMD/status/887024278897651712
LeeAnndelCasti2;2017-07-17 14:35;0;0;"We'd better get used to it. If this "health" bill passes, OUR HEALTH CARE will look a LOT LIKE IVANKA's 3rd world designer workers' care.";;;;"887017882902818817";https://twitter.com/LeeAnndelCasti2/status/887017882902818817
MomsRising;2017-07-17 14:35;26;35;"Mark in Maryland is fighting to # ProtectOurCare for his son Timmy! @ ChrisVanHollen @ SenatorCardin read https://www.momsrising.org/blog/protectourcare-meet-mark-in-maryland … # SaveMedicaidpic.twitter.com/Kfp2tuqvU8";;@ @;# #;"887017839256907777";https://twitter.com/MomsRising/status/887017839256907777
wiupopeye85;2017-07-17 14:05;0;2;"Work together u have been lying about Ocare from the beginning. Can't keep plans/Dr's/ Hospitals now you sit and hide & criticize";;;;"887010443495079936";https://twitter.com/wiupopeye85/status/887010443495079936
bpp328;2017-07-17 13:14;0;1;"Andrea, Let's talk BETRAYAL and healthcare Keep your Doctor Costs wiil go down No tax increases No increase on National debt ACA DISASTER!";;;;"886997593456345093";https://twitter.com/bpp328/status/886997593456345093
John25216342;2017-07-17 13:12;0;0;"...Working people are paying more & making less supporting someone else. NOT FAIR! The system was better before O care.";;;;"886997095307108352";https://twitter.com/John25216342/status/886997095307108352
John25216342;2017-07-17 13:08;0;0;"Andrea! Did you read the new health care act or are you just going off of news hype? O care was about higher premiums, co-pays & taxes...";;;;"886996123692392449";https://twitter.com/John25216342/status/886996123692392449
trumpgirl87;2017-07-17 13:00;0;1;"Obamacare was a complete fraud. Forced on all Americans. Whether needed or not. Freedom of choice obliterated.";;;;"886994097705189377";https://twitter.com/trumpgirl87/status/886994097705189377
KeithMa36087119;2017-07-17 12:43;0;0;"Thank you..Trump wants to cut healthcare to fund the wall which he stated the Mexican govt would build..what's next?";;;;"886989788091269120";https://twitter.com/KeithMa36087119/status/886989788091269120
DavidWo15416040;2017-07-17 12:43;0;0;"Now you know how the majority felt about obamacare. Lies and betrayal. Democrats just want to tax and pump even more money into the scam.";;;;"886989678322352128";https://twitter.com/DavidWo15416040/status/886989678322352128
sage_valhalla;2017-07-17 12:41;0;0;"Yeah, but trumpies don't care. They beat dems and that's all that matters. Putin's so proud of them!";;;;"886989157142151168";https://twitter.com/sage_valhalla/status/886989157142151168
baroquen131;2017-07-17 12:32;0;0;"There's video where DJT promised healthcare for everyone, cheaper & better. Impossible? Probably, but for him, just another straight lie.";;;;"886986913382641665";https://twitter.com/baroquen131/status/886986913382641665
MLPSTA;2017-07-17 12:28;0;0;"BTW - The State of Bavaria (the one that deported @ POTUS 's grandpa) passed a health care bill for its citizens on April 28, 1869 - SO PROUDpic.twitter.com/G1JFu8cEBR";;@;;"886985930996801537";https://twitter.com/MLPSTA/status/886985930996801537
OJCletus3;2017-07-17 12:24;0;2;"Obamacare is a betrayal of America";;;;"886985037115150337";https://twitter.com/OJCletus3/status/886985037115150337
mitchellreports;2017-07-17 12:23;305;1000;". @ ChrisVanHollen: This health care bill is a betrayal of everything that Donald Trump said on the campaign trail. # AMR";;@;#;"886984598848143360";https://twitter.com/mitchellreports/status/886984598848143360
Mrs_Grayeyes;2017-07-17 12:22;0;0;"@ ChrisVanHollen Loved your honesty on MSNBC w @ mitchellreports . We need more in Wash. like you. Those who care about the people.";;@ @;;"886984568754098177";https://twitter.com/Mrs_Grayeyes/status/886984568754098177
ClrView;2017-07-17 11:12;0;1;"28 million uninsured under Obamacare and you criticize BHCA. Really? Huge Deductibles Really? Massive premium spikes Really";;;;"886966946444460032";https://twitter.com/ClrView/status/886966946444460032
GlobalChillPill;2017-07-17 10:44;0;0;"Senator, we all know the # ACA isn't working. What is YOUR proposal to fix healthcare?";;;#;"886959826156351489";https://twitter.com/GlobalChillPill/status/886959826156351489
ChrisVanHollen;2017-07-17 09:52;56;139;"As I told @ SRuhle on Friday: It’s time to stop this unconscionable bill and work together to improve our health care system.pic.twitter.com/8HFDpkQ13R";;@;;"886946595350163456";https://twitter.com/ChrisVanHollen/status/886946595350163456
Citoyen_Ken;2017-07-17 08:12;0;0;"Call it what is is: American Wealthcare Act...";;;;"886921577069240320";https://twitter.com/Citoyen_Ken/status/886921577069240320
Citoyen_Ken;2017-07-17 08:11;0;0;"@ ChrisVanHollen Time to put the brakes on the GOP's American Wealthcare Act...";;@;;"886921335653453824";https://twitter.com/Citoyen_Ken/status/886921335653453824
stock_dog;2017-07-16 20:38;0;0;"@ RepSarbanes @ SenatorCardin @ Call_Me_Dutch @ RepCummings @ RepAndyHarrisMD @ ChrisVanHollen please note that I do not approve of # Trumpcare";;@ @ @ @ @ @;#;"886747014364528640";https://twitter.com/stock_dog/status/886747014364528640
TemporaryChanEL;2017-07-16 19:31;0;0;"Dear Chris Van Hollen , question - so " your " [ 26 million people will lose healthcare the day after the ACA is repealed ] is a lie ?";;;;"886729920294072325";https://twitter.com/TemporaryChanEL/status/886729920294072325
TemporaryChanEL;2017-07-16 19:24;0;0;"Dear Chris Van Hollen , question - don't all members of Congress have healthcare and coverage that makes the ACA look like a giant turd ?";;;;"886728207487184896";https://twitter.com/TemporaryChanEL/status/886728207487184896
dassismom;2017-07-16 13:56;0;0;"Republicans keep saying "obamacare failed." You have to get on the air and expose GOP for undermining ACA. Why didn't they repeal it then?";;;;"886645755783647232";https://twitter.com/dassismom/status/886645755783647232
randallb4gmailc;2017-07-16 10:16;0;0;"Did u give up your cushy insurance plan to take Obamacare? I don't think so. If u had u would have learned what was in it before u passed it";;;;"886590241091530752";https://twitter.com/randallb4gmailc/status/886590241091530752
margab18;2017-07-15 11:42;0;0;"@ SenSchumer @ SenatorCardin @ ChrisVanHollen @NancyPelosi @ KamalaHarris @WhipHoyer Thank you for fighting for our health care!https://twitter.com/margab18/status/886249148349116416 …";;@ @ @ @NancyPelosi @ @WhipHoyer;;"886249594774073344";https://twitter.com/margab18/status/886249594774073344
FundacionEfrain;2017-07-15 10:28;0;0;"ValiNt David v Goliath @ HealthcareBill @ SenJoniErnst @ ChuckGrassley @ JerryMoran @ SenPatRoberts @ SenAngusKing @ ChrisVanHollen @ SenatorCardin";;@ @ @ @ @ @ @ @;;"886230928716070912";https://twitter.com/FundacionEfrain/status/886230928716070912
dassismom;2017-07-15 08:07;0;0;"@ RepCummings @ ChrisVanHollen What will you all do to secure SS/Medicare/Medicaid for Generation X and Millennials??? https://www.yahoo.com/finance/news/social-security-track-large-abrupt-cuts-17-years-unless-congress-acts-175058898.html …";;@ @;;"886195611682451456";https://twitter.com/dassismom/status/886195611682451456
actionnow12;2017-07-14 18:10;0;0;"Corrupt republicans only care about themselves";;;;"885984754906148865";https://twitter.com/actionnow12/status/885984754906148865
hopeklein;2017-07-14 15:25;0;0;"@ SenateMajLdr @ SenSchumer @ bretterlich @ AnaKasparian @ justicedems @ BenCardinforMD @ ChrisVanHollen @ davidjtrone @ cnn # medicare4all # tytlivehttps://twitter.com/hopeklein/status/885806053799198720 …";;@ @ @ @ @ @ @ @ @;# #;"885943378675990528";https://twitter.com/hopeklein/status/885943378675990528
DMH_FZ;2017-07-14 14:51;0;0;"Democrats did the same thing in obamascare.";;;;"885934876222009348";https://twitter.com/DMH_FZ/status/885934876222009348
ClrView;2017-07-14 14:38;0;0;"And what did Obamacare do with the Congress? # Duplicity # Amnesia";;;# #;"885931638185762817";https://twitter.com/ClrView/status/885931638185762817
steveglaros007;2017-07-14 14:26;0;0;"@ jonfavs @ TVietor08 Took advantage of long shopping line to call @ SenatorCardin and @ ChrisVanHollen and thank them for fighting # wealthcare";;@ @ @ @;#;"885928610292531200";https://twitter.com/steveglaros007/status/885928610292531200
smith091909;2017-07-14 14:09;0;1;"Health insurance and healthcare are two separate things";;;;"885924136135958529";https://twitter.com/smith091909/status/885924136135958529
GhostlyRiderBeo;2017-07-14 14:03;0;0;"Mad cuz they didn't exempt you too? # freemarkethealthcare";;;#;"885922825751711744";https://twitter.com/GhostlyRiderBeo/status/885922825751711744
KeepUrDoctor;2017-07-14 13:31;0;0;"Dems did same thing w Obamacare. That being said, their bill sucks.";;;;"885914539509919744";https://twitter.com/KeepUrDoctor/status/885914539509919744
DrJoeBentivegna;2017-07-14 13:03;0;0;"@ SenAngusKing @ AngusKing2018 @ SenatorCollins @ collins4senator @ ChrisVanHollen @ VanHollenForMD # HealthcareBillhttps://www.youtube.com/watch?v=QQTX0DWonbE&t=16s …";;@ @ @ @ @ @;#;"885907675564912640";https://twitter.com/DrJoeBentivegna/status/885907675564912640
RhondaSternows1;2017-07-14 12:50;0;0;"This shows Americans just how bad their healthcare bill really is. They should be forced to carry the same coverage they are forcing on us.";;;;"885904463151714304";https://twitter.com/RhondaSternows1/status/885904463151714304
GretchenBMD;2017-07-14 11:43;0;0;"@ ChrisVanHollen Please encourage @ senrobportman @ SenDeanHeller @ SenCapito to vote no on health care bill Gretchen Bandy Millersville MD21108";;@ @ @ @;;"885887561385873414";https://twitter.com/GretchenBMD/status/885887561385873414
MoHeim3;2017-07-14 11:15;0;2;"Thank you to this brave father for speaking out about the opioid crisis & the need for quality mental healthcare and Medicaid. 2/2";;;;"885880481379749889";https://twitter.com/MoHeim3/status/885880481379749889
ChrisVanHollen;2017-07-14 10:38;53;100;"Stories like Rick’s will help save lives and give others the strength to continue fighting this immoral "health care" bill.pic.twitter.com/aTe6nyhXLK";;;;"885871018073632768";https://twitter.com/ChrisVanHollen/status/885871018073632768
share1thought;2017-07-14 08:30;0;0;"Why not introduce an amendment where the US congress and the American people have the same health care? Maybe a single a single payer system";;;;"885838857803091968";https://twitter.com/share1thought/status/885838857803091968
MC_Snitchy;2017-07-14 08:04;0;0;"We have money for # HealthcareIsAHumanRight @ KimKardashian @ Astro2fish @ ISS_Research @ SamuelLJackson @ ABCPoliticspic.twitter.com/Z1E9M7o3M2";;@ @ @ @ @;#;"885832370498265088";https://twitter.com/MC_Snitchy/status/885832370498265088
jlzwine;2017-07-14 06:36;0;1;"Then why don't the Dems fix what was wrong with Obama care? Put together a solution that will work. Forget the Republicans. Do it for us.";;;;"885810222090080257";https://twitter.com/jlzwine/status/885810222090080257
GenevaDunsany;2017-07-14 02:52;1;0;"Thanks for spelling out how bad "new" # Trumpcare bill is. This must not pass. Keep Fighting! @ ChrisVanHollen @ SenatorCardin We're with you.https://twitter.com/ChrisMurphyCT/status/885629109027713029 …";;@ @;#;"885753856306671616";https://twitter.com/GenevaDunsany/status/885753856306671616
kotipup;2017-07-14 01:56;0;0;"Thank you, Senator, for defending access to healthcare. As a Kent County Mom to a medically fragile girl, I'm glad you're on our side";;;;"885739806084308992";https://twitter.com/kotipup/status/885739806084308992
Mittineague;2017-07-14 01:00;0;0;". @ ChrisVanHollen @ SenatorCollins Examine your conscience Serve constituents and Americans Fix # ACA or pass # SinglePayer # MedicareForAll";;@ @;# # #;"885725637213736961";https://twitter.com/Mittineague/status/885725637213736961
midge219;2017-07-13 21:30;0;0;"@ ChrisVanHollen https://www.americamagazine.org/politics-society/2017/07/10/senators-did-you-come-washington-take-health-care-sick-and-food-hungry …";;@;;"885672926770454528";https://twitter.com/midge219/status/885672926770454528
NannyZazu;2017-07-13 20:24;0;1;"He doesn't care what's in the bill..doesn't care how it affects people..doesn't care about the math..just wants to sign major legislation!";;;;"885656146773762048";https://twitter.com/NannyZazu/status/885656146773762048
shadymapes;2017-07-13 19:18;0;1;"When will you worry about the things going on in this country. You're sorry ass Healthcare bill and a president conspiring with russia.";;;;"885639571127635968";https://twitter.com/shadymapes/status/885639571127635968
nora_howley;2017-07-13 18:25;0;0;"This MD resident and voter counting on @ SenatorCardin and @ ChrisVanHollen to stand strong against # Trumpcare";;@ @;#;"885626194837819393";https://twitter.com/nora_howley/status/885626194837819393
CookieSheila;2017-07-13 18:05;0;0;"Are you going to take their healthcare too?";;;;"885621190802505728";https://twitter.com/CookieSheila/status/885621190802505728
WMC_Caucus;2017-07-13 17:02;0;0;"The same CBO that was grossly inaccurate when scoring # Obamacare, correct? You'll understand why we can't take their math claims seriously";;;#;"885605373884997634";https://twitter.com/WMC_Caucus/status/885605373884997634
yrubored;2017-07-13 16:06;0;1;"Thank you, . @ SenatorCardin , . @ ChrisVanHollen, and . @ RepRaskin for holding the line on health care. We'll remember.";;@ @ @;;"885591402658320385";https://twitter.com/yrubored/status/885591402658320385
FundacionEfrain;2017-07-13 16:02;0;0;"# SKIMPY # ACA ScammedME # HealthcareBill @ SenJoniErnst @ ChuckGrassley @ JerryMoran @ SenPatRoberts @ SenAngusKing @ ChrisVanHollen @ SenatorCardin";;@ @ @ @ @ @ @;# # #;"885590285723594756";https://twitter.com/FundacionEfrain/status/885590285723594756
ClrView;2017-07-13 15:38;0;0;"The skunk is Obamacare.";;;;"885584160521408512";https://twitter.com/ClrView/status/885584160521408512
WMC_Caucus;2017-07-13 14:18;0;0;"Guess you shouldn't have voted for Obamacare. The middle class gravy train is coming to a stop. Pay your own insurance or do without.";;;;"885564074465120260";https://twitter.com/WMC_Caucus/status/885564074465120260
FundacionEfrain;2017-07-13 14:08;0;0;"# ACA sold bill of goods # NEW # HealthcareBill @ SenPatRoberts @ SenAngusKing @ ChrisVanHollen @ SenatorCardin @ SenMarkey @ amyklobuchar @ RoyBlunt";;@ @ @ @ @ @ @;# # #;"885561591911067649";https://twitter.com/FundacionEfrain/status/885561591911067649
shanafme;2017-07-13 13:07;0;0;"Please stop with the attempts to distract from healthcare. You aren't fooling anyone.";;;;"885546186886828032";https://twitter.com/shanafme/status/885546186886828032
MJCrispino;2017-07-13 12:05;1;1;"I believe everyone in the US has a right to # healthcare @ SenatorCardin @ ChrisVanHollen pls fight efforts to repeal # KeepUsCovered";;@ @;# #;"885530592196128769";https://twitter.com/MJCrispino/status/885530592196128769
env_specialst;2017-07-13 11:27;0;0;"@ ChrisVanHollen Please oppose GOP health care bill. I'm tired of having to worry about losing my coverage due to pre-existing conditions.";;@;;"885521157402841088";https://twitter.com/env_specialst/status/885521157402841088
JillpaulisJill;2017-07-13 11:24;0;0;"He's talking about what will happen in Maryland if Trumpcare passes!!! Now people have insurance with ACA!!!";;;;"885520393188106240";https://twitter.com/JillpaulisJill/status/885520393188106240
JillpaulisJill;2017-07-13 11:22;0;0;"Your point??? He is fighting against the tax break in favor of health care for all!";;;;"885519841691611137";https://twitter.com/JillpaulisJill/status/885519841691611137
GhostlyRiderBeo;2017-07-13 11:10;0;0;"# freemarkethealthcare";;;#;"885516902927413248";https://twitter.com/GhostlyRiderBeo/status/885516902927413248
FundacionEfrain;2017-07-13 11:09;0;0;"# ACA affordable? # Bipartisan # HealthcareBill @ MikeCrapo @ JerryMoran @ SenPatRoberts @ SenAngusKing @ ChrisVanHollen @ SenatorCardin @ SenMarkey";;@ @ @ @ @ @ @;# # #;"885516576786665472";https://twitter.com/FundacionEfrain/status/885516576786665472
MaryPat_79;2017-07-13 09:52;0;1;"Continue to fight against this fake healthcare bill, please! Thank you. # ProtectOurCare";;;#;"885497150158888960";https://twitter.com/MaryPat_79/status/885497150158888960
MsMajorayes;2017-07-13 09:42;0;2;"That's so not true! I work in healthcarethere, there are more insured ppl coming in than before when we were seeing A LOT of uninsured in ER";;;;"885494710168686592";https://twitter.com/MsMajorayes/status/885494710168686592
ChrisVanHollen;2017-07-13 09:36;58;92;"The GOP’s “WealthCare” plan makes health care much worse for hundreds of thousands of Marylanders—all to give huge tax breaks to the rich.pic.twitter.com/gHrzIo7YzO";;;;"885493095562915840";https://twitter.com/ChrisVanHollen/status/885493095562915840
bbweiner1;2017-07-13 07:15;0;0;"@ ChrisVanHollen @ SenatorCardin @ SenateFloor @ SenateGOP Work together on health care bill. Protect everyone. # SaveHealthCare # SaveMedicaid";;@ @ @ @;# #;"885457535695716352";https://twitter.com/bbweiner1/status/885457535695716352
Lovelives3839;2017-07-13 06:53;0;0;"You gave us more info here than u did while crafting healthcare legislation impacting 1/6 of economy and literally allow citizens to die";;;;"885452018663477248";https://twitter.com/Lovelives3839/status/885452018663477248
Destinie1226;2017-07-13 06:31;0;0;"Sorry we are too busy trying to fight against your cruel health care bill";;;;"885446640861155328";https://twitter.com/Destinie1226/status/885446640861155328
ErinRuns4wine;2017-07-13 06:04;0;1;"I would prefer that you concern yourself with meeting with constituents, healthcare, and the investigation into "45's" ties with Russia.";;;;"885439832096460800";https://twitter.com/ErinRuns4wine/status/885439832096460800
whiskeyedout;2017-07-13 00:07;0;0;"Know what else has crossed a dangerous threshold? Trumps. Keep playing along. Btw, your wealtchcare bill is garbage.";;;;"885349899423842306";https://twitter.com/whiskeyedout/status/885349899423842306
Sue_Zee_Que4;2017-07-12 23:57;0;1;"Well, if you take away our healthcare, we won't be around to worry about NK. # SaveACA";;;#;"885347345734479872";https://twitter.com/Sue_Zee_Que4/status/885347345734479872
jim2070;2017-07-12 23:34;2;3;"Getting focus off your healthcare slapdash ill thought out secret attack on # Medicaid. # Toomey seems to have no leadership vision for all";;;# #;"885341559457288196";https://twitter.com/jim2070/status/885341559457288196
josh_counselman;2017-07-12 22:31;0;1;"He's going to require all North Koreans to get healthcare under the BCRA.";;;;"885325702895214593";https://twitter.com/josh_counselman/status/885325702895214593
DeMarcoDraws;2017-07-12 22:29;0;0;"Oh look everyone they want us scared of NK, especially when we have a treasonous idiot in charge Toomey just wants to gut healthcare";;;;"885325159724462080";https://twitter.com/DeMarcoDraws/status/885325159724462080
oceansfourlife;2017-07-12 22:21;0;0;"Do us a favor and STAY OUT OF IT! You did such a horrible job with healthcare. You are FINISHED in PA next election!";;;;"885323241174306818";https://twitter.com/oceansfourlife/status/885323241174306818
moozikaa1;2017-07-12 22:17;0;0;"You can't even get healthcare right, why on earth do you think you can help with NK?";;;;"885322282163425280";https://twitter.com/moozikaa1/status/885322282163425280
bhshore1;2017-07-12 21:52;0;3;"PAT stop tweeting and call Mitch and upload a copy of the health care BILL - you are such a BS er";;;;"885315930099777536";https://twitter.com/bhshore1/status/885315930099777536
Maureen59415018;2017-07-12 21:48;1;6;"Way to distract from your atrocious position on healthcare! 'Squirrel'";;;;"885314977418104832";https://twitter.com/Maureen59415018/status/885314977418104832
CindyHargest;2017-07-12 21:46;4;9;"Come to Erie, PA. Tell us all about it in a townhall. Let's discuss TRUMPCARE. You work for us. Face your constituents. # trumpcarekills";;;#;"885314562916044800";https://twitter.com/CindyHargest/status/885314562916044800
brendobesto;2017-07-12 21:44;0;1;"And to be perfectly honest, this a naked political diversion from healthcare. we aren't letting you off the hook. In fact I'm calling now.";;;;"885313886244683777";https://twitter.com/brendobesto/status/885313886244683777
Toomey_TownHall;2017-07-12 21:41;1;7;"Cool. When's the town hall to talk about this work, and health care? We would love to hear your thoughts in a free fair and open setting.";;;;"885313234525446146";https://twitter.com/Toomey_TownHall/status/885313234525446146
WhatsPatUpTo;2017-07-12 21:41;12;93;"Senator Toomey, North Korea is unlikely to do as much damage to this country as the "healthcare" bill you wrote will.";;;;"885313139046309888";https://twitter.com/WhatsPatUpTo/status/885313139046309888
bayhill_maitund;2017-07-12 18:08;0;0;"Thanks for your hard work on healthcare! It will be hard to do health advocacy or any advocacy without # NetNeutrality # NetNeutralityDay";;;# #;"885259513150025729";https://twitter.com/bayhill_maitund/status/885259513150025729
chris_mccolgan;2017-07-12 18:02;0;0;"DJT disciples won't notice that. They don't care because they only wear # TrumpGoggles and drink # GOPKoolaid.";;;# #;"885258031612784641";https://twitter.com/chris_mccolgan/status/885258031612784641
SimmonsTriplets;2017-07-12 17:40;0;0;"We haven't forgot # voteNO on Trumpcare!";;;#;"885252613045878786";https://twitter.com/SimmonsTriplets/status/885252613045878786
wblake123;2017-07-12 14:19;0;0;"People over party! @ ChrisVanHollen, bipartisanship saves lives! # healthcare # MakeCongressGreatAgain";;@;# #;"885201872256212992";https://twitter.com/wblake123/status/885201872256212992
w55unicorn;2017-07-12 13:53;0;0;"Oh we haven't forgot VOTE NO on Trumpcare";;;;"885195337509601280";https://twitter.com/w55unicorn/status/885195337509601280
ChrisVanHollen;2017-07-12 13:52;53;95;"Let’s not forget: # Trumpcare would weaken protections for millions of people with pre-existing conditions across Maryland.pic.twitter.com/kym6H7tVZM";;;#;"885195101789708288";https://twitter.com/ChrisVanHollen/status/885195101789708288
w55unicorn;2017-07-12 11:00;0;1;"Vote NO on Trumpcare";;;;"885151989373566977";https://twitter.com/w55unicorn/status/885151989373566977
benigma2017;2017-07-12 10:49;0;1;"the ACA was total destruction to the middle class. back # singlepayer or stop bullshitting everyone about how much you care.";;;#;"885149206280757248";https://twitter.com/benigma2017/status/885149206280757248
PoliticsBuzzSaw;2017-07-12 10:13;0;0;"Paid for by plundering healthcare funds.";;;;"885140074744213504";https://twitter.com/PoliticsBuzzSaw/status/885140074744213504
ClassyMover;2017-07-12 08:21;0;0;"@ ChrisVanHollen Tx for working for health care for all. Nicolle Wallace was wrong. It's about working with all-not GOP working with none";;@;;"885111961280802816";https://twitter.com/ClassyMover/status/885111961280802816
quidproquo61;2017-07-11 21:58;0;0;"Thank you for supporting US Constitution article 1 sec 8. Hard to say healthcare is not a part of general welfare.";;;;"884955007929503745";https://twitter.com/quidproquo61/status/884955007929503745
Roguewarrior100;2017-07-11 19:18;0;0;". @ ChrisVanHollen and Dems want to double-down on the ruinous govt takeover of healthcare. You F*cked it up once, why should we trust u?";;@;;"884914947481718785";https://twitter.com/Roguewarrior100/status/884914947481718785
CMar49;2017-07-11 18:36;0;1;"@ realAltAltNPS I'm SO glad to hear that it's thousands of calls. Taking care away for 22+ million Americans is cruel.";;@;;"884904283568832514";https://twitter.com/CMar49/status/884904283568832514
nrhareinernp;2017-07-11 17:57;0;2;"insurance is NOT health care. We have the best HC system in the world. Funny how we don't need govt. In car or HO insurance";;;;"884894507254337536";https://twitter.com/nrhareinernp/status/884894507254337536
nrhareinernp;2017-07-11 17:54;0;0;"@ ChrisVanHollen can't fix stupid & OC is way past stupid. Get rid of it. Give insurance companies incentives insurance is NOT health care";;@;;"884893811394129920";https://twitter.com/nrhareinernp/status/884893811394129920
KeepUrDoctor;2017-07-11 17:23;0;0;"I called your office in 2010 to voice my concerns about Obamacare's immorality. No one ever got back to me.";;;;"884886009456062465";https://twitter.com/KeepUrDoctor/status/884886009456062465
LITFOS;2017-07-11 17:01;0;0;"Grateful to you for defending the country against the attacks on healthcare!";;;;"884880288635117568";https://twitter.com/LITFOS/status/884880288635117568
poperr53;2017-07-11 16:57;0;0;"@ maddow @ ChrisVanHollen @ chrislhayes @ Eugene_Robinson you all can report how Obama care is not spiraling but thriving.";;@ @ @ @;;"884879318643605504";https://twitter.com/poperr53/status/884879318643605504
jefe_viejo;2017-07-11 16:54;0;0;"@ ChrisVanHollen - Obamacare blew itself up, with the collusion of Dimms, you twit.";;@;;"884878600847081473";https://twitter.com/jefe_viejo/status/884878600847081473
laSerenissima20;2017-07-11 16:37;0;0;"Thank you for fighting for us against # Trumpcare!";;;#;"884874310699102209";https://twitter.com/laSerenissima20/status/884874310699102209
GhostlyRiderBeo;2017-07-11 16:34;0;0;"I see you got the # healthcare # squirrel memo. Back to the usual. # freemarkethealthcare # burnitdown";;;# # # #;"884873604881670144";https://twitter.com/GhostlyRiderBeo/status/884873604881670144
bwolman;2017-07-11 16:22;0;0;"Show your gratitude by supporting # MedicareForAll.";;;#;"884870486135627777";https://twitter.com/bwolman/status/884870486135627777
MotorCityBecca;2017-07-11 16:15;0;0;"I have insurance through work & their # dumpcare scares me too. I have Rhemumatoid Arthritis # resist # persist @ ChrisVanHollen https://twitter.com/ChrisVanHollen/status/884868346386276355 …";;@;# # #;"884868858586312705";https://twitter.com/MotorCityBecca/status/884868858586312705
ChrisVanHollen;2017-07-11 16:14;84;229;"We must continue to speak out—the next three weeks will determine the fate of our health care system. Don’t slow down, keep fighting back!";;;;"884868542734229504";https://twitter.com/ChrisVanHollen/status/884868542734229504
ChrisVanHollen;2017-07-11 16:13;102;533;"Grateful for the thousands of calls and emails I've received opposing the Senate Republicans’ immoral health care bill.";;;;"884868346386276355";https://twitter.com/ChrisVanHollen/status/884868346386276355
FundacionEfrain;2017-07-11 14:41;0;0;"# HealthcareBill # CBO misprojection: 4get 2 mention largely due to Choice NOT 2 buy @ JerryMoran @ SenPatRoberts @ SenAngusKing @ ChrisVanHollen";;@ @ @ @;# #;"884845195090698240";https://twitter.com/FundacionEfrain/status/884845195090698240
catizme;2017-07-11 14:03;0;2;"@ thehill lol this is funny that the left cares about our national security now, what a joke. Not really funny, but SAD.";;@;;"884835527547121669";https://twitter.com/catizme/status/884835527547121669
MichaelFelong;2017-07-11 13:34;0;0;"@ ChrisVanHollen isn't the Democratic Party like Russia anyway, Democrats want government control over healthcare and everything else!";;@;;"884828368713154565";https://twitter.com/MichaelFelong/status/884828368713154565
dechanique;2017-07-11 11:54;0;3;"Thank you - please continue fighting against the healthcare repeal! Begin impeachment before they destroy our country -your constituent";;;;"884803025440612352";https://twitter.com/dechanique/status/884803025440612352
eparsons;2017-07-11 08:43;0;0;"@ ChrisVanHollen Please do something for all the American People- repeal Obamacare and support the Cruz-Lee Amendment!";;@;;"884755081396191232";https://twitter.com/eparsons/status/884755081396191232
brigittamullica;2017-07-11 08:38;0;0;"@ ChrisVanHollen Please support the Cruz-Lee amendment. It will allow health insurance companies to sell any healthcare plan. That is good.";;@;;"884753802267697152";https://twitter.com/brigittamullica/status/884753802267697152
DMH_FZ;2017-07-10 23:26;0;0;"So you help san fran nan cram mandatory obamacare upon oir citizens. It is a miserable failure. You won't help to fix?";;;;"884614767964545024";https://twitter.com/DMH_FZ/status/884614767964545024
ClrView;2017-07-10 18:37;0;0;"Really Chris. Let's check out the used-car healthcare plan you are peddling.pic.twitter.com/gFfoKkPnaU";;;;"884542059801137152";https://twitter.com/ClrView/status/884542059801137152
regmondo;2017-07-10 17:24;0;0;""Wealthcare" Love that!";;;;"884523755942412289";https://twitter.com/regmondo/status/884523755942412289
Dave90125;2017-07-10 17:23;0;1;"Intentionally kicking 22 million off health care to give the wealthy a tax break, insuring people will die, is evil, pure and simple. 2/2";;;;"884523616670535680";https://twitter.com/Dave90125/status/884523616670535680
mhk_tweet;2017-07-10 17:19;0;2;"My Congress Critter, Mr. Van Hollen @ ChrisVanHollen has it exactly right. # wealthcarehttps://twitter.com/ChrisVanHollen/status/884517650927431680 …";;@;#;"884522393472991232";https://twitter.com/mhk_tweet/status/884522393472991232
JonathanBourdo1;2017-07-10 08:56;0;0;"Does he not know or care that Putin is still KGB/GRU";;;;"884395937937981440";https://twitter.com/JonathanBourdo1/status/884395937937981440
CookieMD;2017-07-10 00:21;0;0;"We are at def con 5! people! @ GOP @ SenateGOP @ ChrisVanHollen @ RepCummings We R Scared! # fightfordemocracy";;@ @ @ @;#;"884266180999081984";https://twitter.com/CookieMD/status/884266180999081984
CynthiaEisler;2017-07-09 21:04;0;0;"Trump is turning out to be even dumber than I thought!!! He makes absolutely no sense and doesn't even care about his kids.";;;;"884216644226232321";https://twitter.com/CynthiaEisler/status/884216644226232321
DrRockt0pus;2017-07-09 16:16;0;0;"Do you support single payer healthcare please say yes";;;;"884144230704328704";https://twitter.com/DrRockt0pus/status/884144230704328704
bbweiner1;2017-07-09 15:19;1;0;"I haven't given up! I'm relentless and persistent. # SaveMedicaid # Save Healthcare";;;# #;"884130012764549120";https://twitter.com/bbweiner1/status/884130012764549120
Bel428;2017-07-07 19:24;0;0;"@ ChrisVanHollen tell the American people the devastating effect of GP's # WealthCareBill- tell them about the cuts to care 4 # AmericanVets";;@;# #;"883466679791095809";https://twitter.com/Bel428/status/883466679791095809
_bhickman;2017-07-07 17:08;0;1;"Slash back! # Medicare4All stop propping up predatory industry. Every other civilized country in world does better";;;#;"883432659325767682";https://twitter.com/_bhickman/status/883432659325767682
just4hra;2017-07-07 16:10;0;0;". @ SenatorCardin . @ ChrisVanHollen . @ RepJohnDelaney Don't just react, ACT for universal health care!https://twitter.com/Shareblue/status/883352295072825344 …";;@ @ @;;"883418054977343488";https://twitter.com/just4hra/status/883418054977343488
ebcBass;2017-07-07 15:56;0;0;"@ chrisvanhollen "Access to healthcare is a fundamental right" - read SGIM's letter to Senate leadership re: # BCRA http://bit.ly/2tt8Qge";;@;#;"883414467031310336";https://twitter.com/ebcBass/status/883414467031310336
regkray76;2017-07-07 11:01;0;0;"This is why ur gonna lose more seats in 2018. Bc Russia Russia Russia, which poor & blue collar don't care about. How 'bout single payer?";;;;"883340153233620992";https://twitter.com/regkray76/status/883340153233620992
_kyraxoxo;2017-07-07 09:08;0;0;". @ SenatorCardin @ ChrisVanHollen # Trumpcare is disastrous & cruel. Vote No! pic.twitter.com/njQmBKYTmW # IStandWithPP";;@ @;# #;"883311864368812032";https://twitter.com/_kyraxoxo/status/883311864368812032
RobertG35947779;2017-07-06 20:53;0;0;"Chris you were elected to represent us in the Senate. Not be part of a witch hunt. Get to work making healthcare affordable, lower taxes!!!";;;;"883126737978241024";https://twitter.com/RobertG35947779/status/883126737978241024
ElizabethEftfmd;2017-07-06 12:38;0;0;"@ SenatorCardin @ ChrisVanHollen Keep up your fight for a fair healthcare bill for all Americans & for supporting NIH research! # Sjogrenshttps://twitter.com/sjogrensorg/status/882967450291249153 …";;@ @;#;"883002191757406208";https://twitter.com/ElizabethEftfmd/status/883002191757406208
BorisDirnbach;2017-07-06 11:38;0;0;". @ SenSchumer @ timkaine @ SenatorDurbin @ PattyMurray @ SenStabenow @ MarkWarner @ amyklobuchar @ SenatorBaldwin @ ChrisVanHollen # MedicareForAll !!";;@ @ @ @ @ @ @ @ @;#;"882987176505593856";https://twitter.com/BorisDirnbach/status/882987176505593856
bryheroshae;2017-07-06 10:29;0;1;"When you call your reps about # Wealthcare, also protest the repeal of the # CleanWaterRule ! @ SenatorCardin @ ChrisVanHollen https://twitter.com/SenatorCardin/status/881535439709937664 …";;@ @;# #;"882969830894206977";https://twitter.com/bryheroshae/status/882969830894206977
bryheroshae;2017-07-06 10:26;0;1;"@ ChrisVanHollen Just heard your interview with the guys at @ PodSaveAmerica protesting # wealthcare ! So proud you're my senator! # resist";;@ @;# #;"882968887687598080";https://twitter.com/bryheroshae/status/882968887687598080
phinathome;2017-07-05 22:13;0;0;"So because Obamacare copied from Romney in Mass, makes it right? It's state sponsor,not federal.It's already fail, many insurance pull out";;;;"882784416317276161";https://twitter.com/phinathome/status/882784416317276161
c_nephobe;2017-07-05 19:58;1;3;"Changes to CBO methodology will not change the fact that the AHCA is a terrible bill that does not improve healthcare for anyone.";;;;"882750504551550976";https://twitter.com/c_nephobe/status/882750504551550976
oldandevil1;2017-07-05 16:22;0;1;"Why hasn't the senate health, education, labor and pensions been allowed to hold hearings on tRumpcare?";;;;"882696096442699776";https://twitter.com/oldandevil1/status/882696096442699776
allennichols02;2017-07-05 15:10;0;0;"https://www.forbes.com/sites/theapothecary/2017/01/02/learning-from-cbos-history-of-incorrect-obamacare-projections/#5b38e82946a7 …";;;#5b38e82946a7;"882678159505838080";https://twitter.com/allennichols02/status/882678159505838080
FundacionEfrain;2017-07-05 13:50;0;0;"@ SenAngusKing @ ChrisVanHollen @ SenatorCardin @ SenMarkey @ amyklobuchar @ RoyBlunt @ clairecmc End # 7yearsBadLuck # Repeal # Obamacare";;@ @ @ @ @ @ @;# # #;"882657892020703232";https://twitter.com/FundacionEfrain/status/882657892020703232
just4hra;2017-07-05 12:42;0;0;". @ SenatorCardin . @ ChrisVanHollen . @ RepJohnDelaney Now is the time to support universal healthcare. http://tinyurl.com/ybeyb8qo";;@ @ @;;"882640917022351360";https://twitter.com/just4hra/status/882640917022351360
CarolBlundeston;2017-07-05 06:43;0;0;"That would be great....Red states get Trumpcare. Blue states won't have to subsidize red states. I vote yes!!!";;;;"882550523999735808";https://twitter.com/CarolBlundeston/status/882550523999735808
FundacionEfrain;2017-07-04 22:04;0;0;"# Patriots 4 # Healthcarebill R U 1 @ SenJoniErnst @ ChuckGrassley @ JerryMoran @ SenPatRoberts @ SenAngusKing @ ChrisVanHollen @ SenatorCardin";;@ @ @ @ @ @ @;# #;"882419911976521729";https://twitter.com/FundacionEfrain/status/882419911976521729
LauraLeHatcher;2017-07-04 13:17;0;2;"Happy Fourth at the Towson Parade! Thank you @ ChrisVanHollen @ MoveOn for your support # SelfAdvocacy # NoCutsNoCaps # saveourhealthcarepic.twitter.com/BrkEuOrQZr";;@ @;# # #;"882287166059155456";https://twitter.com/LauraLeHatcher/status/882287166059155456
HealthyMaryland;2017-07-04 10:32;3;5;"So great to be marching with health care hero @ ChrisVanHollen today at the Towson # 4thofJuly parade! # ProtectOurCarepic.twitter.com/rujl1YgIQD";;@;# #;"882245786880409601";https://twitter.com/HealthyMaryland/status/882245786880409601
FundacionEfrain;2017-07-04 09:01;0;0;"@ SenPatRoberts @ SenAngusKing @ ChrisVanHollen @ SenatorCardin @ SenMarkey @ amyklobuchar @ ChuckGrassley # HealthcareBill # American as # applepie";;@ @ @ @ @ @ @;# # #;"882222952992972802";https://twitter.com/FundacionEfrain/status/882222952992972802
just4hra;2017-07-04 00:17;0;0;"Agreed! # MedicareForAll . @ SenatorCardin . @ ChrisVanHollen . @ RepJohnDelaneyhttps://twitter.com/ShaunKing/status/881967779653578752 …";;@ @ @;#;"882090920409214978";https://twitter.com/just4hra/status/882090920409214978
RadicalGoats;2017-07-03 20:11;0;0;"Speaking of that, you need to say loud and clear that the new Trumpcare bill allows states to drop Medicaid entirely!";;;;"882028979095564290";https://twitter.com/RadicalGoats/status/882028979095564290
CynthiaEisler;2017-07-03 18:25;0;0;"Typical of this Trump administration. All they care about is money in their own pockets.";;;;"882002307839348737";https://twitter.com/CynthiaEisler/status/882002307839348737
HealthyMaryland;2017-07-03 18:16;2;2;"Did you miss our Wednesday call with Senator @ ChrisVanHollen on how we # ProtectOurCare? Check out archived audio: http://healthcareforall.com/2017/06/thank-you-for-joining-the-call-with-senator-van-hollen/ …pic.twitter.com/N4YYmrrtEK";;@;#;"882000097697042433";https://twitter.com/HealthyMaryland/status/882000097697042433
Jcaplan1212;2017-07-03 15:59;0;0;"Telemedicine only saves money in certain locations, it's not a fix-all. And that $20 is a copay, that's what you pay. # HealthcareBill";;;#;"881965557620363265";https://twitter.com/Jcaplan1212/status/881965557620363265
ClrView;2017-07-03 12:25;0;0;"If we are going to have a strong economy in Maryland, the first thing we should do is abandon business killing programs like Obamacare.";;;;"881911889630044160";https://twitter.com/ClrView/status/881911889630044160
stewart_ted;2017-07-03 10:15;0;1;"@ ChrisVanHollen # Obamacare a SUCCESS;Millions of uninsured now covered; @ AmericaFirstPol is WRONG! VOTE NO on # AHCA https://twitter.com/AmericaFirstPol/status/881550075297763332 …https://twitter.com/AmericaFirstPol/status/881550075297763332 …";;@ @;# #;"881879094971039745";https://twitter.com/stewart_ted/status/881879094971039745
ElizabethEftfmd;2017-07-03 08:00;0;0;"All of them deserve it! @ SenatorCardin @ ChrisVanHollen @ RepAnthonyBrown Please work on this! Of course also work on good healthcare too!";;@ @ @;;"881845198866743297";https://twitter.com/ElizabethEftfmd/status/881845198866743297
holyspacemonkey;2017-07-02 23:41;0;0;"Remember when Trump suddenly realized how complicated healthcare is? Or when he suggested forging peace in the Middle East should be easy?";;;;"881719630401748992";https://twitter.com/holyspacemonkey/status/881719630401748992
SealingErikaM;2017-07-02 22:58;0;1;"Heard you on the pod keep up the good fight for Healthcare! Maryland is counting on you!";;;;"881708773081059328";https://twitter.com/SealingErikaM/status/881708773081059328
Mittineague;2017-07-02 19:43;0;0;". @ ChrisVanHollen @ SenatorCollins @ SenAngusKing Please consign # BCRA 2 the trash heap Get serious + fix # ACA or # singlepayer # MedicareForAll";;@ @ @;# # # #;"881659749380632576";https://twitter.com/Mittineague/status/881659749380632576
jgrove_2000;2017-07-02 19:29;0;0;"@ ChrisVanHollen U-turn on healthcare? It is exactly what we need! 2010 Democrats pass Obamacare... Heroin deaths go exponential. pic.twitter.com/zEpMKoAA3d";;@;;"881656078345412608";https://twitter.com/jgrove_2000/status/881656078345412608
TLaskyPhD;2017-07-02 18:51;1;0;"just received a great constituent email from @ ChrisVanHollen - so glad he cares about my health care!!! # ProtectOurCare";;@;#;"881646514896064513";https://twitter.com/TLaskyPhD/status/881646514896064513
1hunglowww;2017-07-02 14:56;0;0;"@ ChrisVanHollen you produced a failure Obama care. You lost an election it's the deplorables turn";;@;;"881587354628227073";https://twitter.com/1hunglowww/status/881587354628227073
egfranklin;2017-07-02 13:04;0;0;"@ SenatorCardin @ ChrisVanHollen @ RepCummings: this is so bad but don't become distracted from # TravelBan # Trumpcare # RussiaGate.https://twitter.com/rbreich/status/881555640707014656 …";;@ @ @;# # #;"881559208151351296";https://twitter.com/egfranklin/status/881559208151351296
kyleheatwole;2017-07-02 12:18;3;11;"When is this going to stop? I am becoming truly scared for our citizens, including those who work at CNN.";;;;"881547594106884096";https://twitter.com/kyleheatwole/status/881547594106884096
kchausmer;2017-07-02 12:04;0;1;"@ ChrisVanHollen - Thank you for vigorously opposing the healthcare bill.";;@;;"881544013169528833";https://twitter.com/kchausmer/status/881544013169528833
Jcaplan1212;2017-07-01 23:48;0;0;"Medicaid compensation rates are low, that's why many doc dont accept it. Also, a lot of poor people cant afford a $20 copay # healthcarebill";;;#;"881359007058980864";https://twitter.com/Jcaplan1212/status/881359007058980864
kempann;2017-07-01 18:57;0;0;"@ ChrisVanHollen Talking truth of bad impacts of # healthcarebill on our State & its people. Speak out . @ LarryHoganpic.twitter.com/6sfAupBhHu";;@ @;#;"881285787035328516";https://twitter.com/kempann/status/881285787035328516
jujubee54321;2017-07-01 17:36;0;0;"Stop the crap and encourage politicians to work together. Obama care sucks.";;;;"881265245997506560";https://twitter.com/jujubee54321/status/881265245997506560
HeatherMSimpson;2017-07-01 14:25;2;4;"Thank you # Maryland! We need to protect access to key health care for all. @ ChrisVanHollen @ PPFA @ DanRodricks @ baltimoresun";;@ @ @ @;#;"881217100815241216";https://twitter.com/HeatherMSimpson/status/881217100815241216
munyelele;2017-07-01 13:36;0;0;"Thank you senator for keeping the pressure on # NoTrumpcare # SaveACA @ ChrisVanHollen";;@;# #;"881204770362593280";https://twitter.com/munyelele/status/881204770362593280
ChrisVanHollen;2017-07-01 12:39;129;401;"Defunding @ PPFA would leave millions without critical health care services. Proud that Maryland is the first state to protect its funding.https://twitter.com/danrodricks/status/880816264838500352 …";;@;;"881190525914763265";https://twitter.com/ChrisVanHollen/status/881190525914763265
MojoSpinner;2017-07-01 11:15;0;0;"2/ With GOP politicians running and hiding from press + constituents, knowing that @ ChrisVanHollen is out there, fighting against Trumpcare,";;@;;"881169456994582528";https://twitter.com/MojoSpinner/status/881169456994582528
KeepUrDoctor;2017-07-01 09:07;0;0;""The Republican health care bill will literally kill people." Democrats";;;;"881137088279838720";https://twitter.com/KeepUrDoctor/status/881137088279838720
Blickd7;2017-07-01 09:03;0;0;"I love the term "wealthcare"! That's exactly what it is!";;;;"881136265260929024";https://twitter.com/Blickd7/status/881136265260929024
HealthyMaryland;2017-07-01 07:58;1;0;"Did you miss our Wednesday call with Senator @ ChrisVanHollen on how we # ProtectOurCare? Check out archived audio: http://healthcareforall.com/2017/06/thank-you-for-joining-the-call-with-senator-van-hollen/ …pic.twitter.com/ZXH5mn9hzI";;@;#;"881119927792545792";https://twitter.com/HealthyMaryland/status/881119927792545792
michael56519302;2017-06-30 20:48;0;1;"And...the video is factually inaccurate. But hey- these days, does 40% of the country even care?";;;;"880951194033807361";https://twitter.com/michael56519302/status/880951194033807361
