LazyCircles;2017-07-24 19:38;0;0;"@ InhofePress @ JimInhofe Voting for a healthcare bill without studying its repercussions is unconscionable.We need hearings! VOTE NO TOMORROW";;@ @;;"889631011725856768";https://twitter.com/LazyCircles/status/889631011725856768
OklahomaCheryl;2017-07-24 18:57;0;0;"@ SenatorLankford @ JimInhofe It's not 2014 anymore; Most like ACA. 17% like one of # Trumpcare bills with zero support of medical assoc or CBOhttps://twitter.com/PattyMurray/status/889616290310238211 …";;@ @;#;"889620682774020096";https://twitter.com/OklahomaCheryl/status/889620682774020096
AmerIndivis;2017-07-24 18:48;0;0;". @ SenatorLankford . @ JimInhofe Please vote no on the health care bill. A broken ACA is much better than no insurance. Fix it, don't gut it.";;@ @;;"889618395364302849";https://twitter.com/AmerIndivis/status/889618395364302849
sallyray5;2017-07-24 18:41;1;1;"Is it worth the risk to rip healthcare from millions to give a tax cut to few? @ SenatorLankford @ JimInhofe # NoTrumpCare # SaveOurCarehttps://twitter.com/nytopinion/status/889615438472237058 …";;@ @;# #;"889616475547414529";https://twitter.com/sallyray5/status/889616475547414529
DillonJudyA;2017-07-24 18:38;0;1;"Really? You don't care about vets or any other Americans or you would vote NO on repeal & replace. I can't wait until you're voted out!!";;;;"889615831252037632";https://twitter.com/DillonJudyA/status/889615831252037632
tobraavery;2017-07-24 18:31;0;0;". @ SenatorLankford @ JimInhofe As your constituent I am asking you vote NO on the Senate healthcare bill. It is NOT what is best for Americans";;@ @;;"889614048094015490";https://twitter.com/tobraavery/status/889614048094015490
DanSmith112263;2017-07-24 17:53;0;0;"Apparently, the GOP fights dirty these days ...http://nymag.com/daily/intelligencer/2017/06/trumps-sabotage-of-obamacare-is-working.html …";;;;"889604441825005568";https://twitter.com/DanSmith112263/status/889604441825005568
xpathf1nderx;2017-07-24 17:31;0;0;"@ SenatorLankford @ JimInhofe vote NO on motion to proceed. We can do better in an open public debate. # TrumpcareKills";;@ @;#;"889598945021894657";https://twitter.com/xpathf1nderx/status/889598945021894657
tankerdude01;2017-07-24 17:26;0;0;"My two Senators, @ JimInhofe & @ jameslankford better vote for Obamacare repeal Tuesday, or the campaign to throw them out begins Wednesday.";;@ @;;"889597598474088450";https://twitter.com/tankerdude01/status/889597598474088450
Activist4MS;2017-07-24 16:03;0;3;"PLEASE, for the love of all that is right & good, vote NO this week on # HealthcareBill There is a better way!@SenatorLankford @ JimInhofe https://twitter.com/msactivist/status/889549376204427264 …";;@SenatorLankford @;#;"889576840305815553";https://twitter.com/Activist4MS/status/889576840305815553
nrobby86;2017-07-24 16:01;0;0;"@ JimInhofe @ SenatorLankford I am your constituent and urge you to vote no on the current healthcare bill # VoteNo # AmendItDontRepealIt";;@ @;# #;"889576395785089024";https://twitter.com/nrobby86/status/889576395785089024
bjmisme;2017-07-24 13:54;0;0;"@ SenatorLankford @ JimInhofe # BCRA is NOT going to improve matters. FIX the # ACA, don't destroy our entire healthcare system!!";;@ @;# #;"889544229562834945";https://twitter.com/bjmisme/status/889544229562834945
sallyray5;2017-07-24 13:31;0;1;"Worst ever. So say NO! @ SenatorLankford @ JimInhofe # NoTrumpCare # SaveMedicaid # SaveOurCare http://nymag.com/daily/intelligencer/2017/07/trumpcare-is-the-worst-designed-social-policy-in-history.html?utm_source=tw&utm_medium=s3&utm_campaign=sharebutton-t …";;@ @;# # #;"889538459320320001";https://twitter.com/sallyray5/status/889538459320320001
vwarheit;2017-07-24 13:25;2;2;"Most Blatant Disrespect Award goes to @ JimInhofe: "I'm biased bc it doesn't affect me" https://www.vox.com/policy-and-politics/2017/7/20/16000752/health-resistance-gop-senators?utm_campaign= … # congressionalhealthcare4all";;@;#;"889536947529457664";https://twitter.com/vwarheit/status/889536947529457664
sallyray5;2017-07-24 13:22;0;0;"This is simple unacceptable. Must be stopped! @ SenatorLankford @ JimInhofe Stand up or step down! # NoTrumpCare http://www.cnbc.com/2017/07/20/trump-administration-scraps-obamacare-signup-assistance-in-18-cities.html …";;@ @;#;"889536386591850496";https://twitter.com/sallyray5/status/889536386591850496
DrEarlSr;2017-07-24 12:48;0;0;"@ JimInhofe Please Repeal/Replace obmacare...MAGA";;@;;"889527656571691008";https://twitter.com/DrEarlSr/status/889527656571691008
sallyray5;2017-07-24 11:37;0;1;"Wow. Makes you go @ SenatorLankford @ JimInhofe http://www.nbcnews.com/politics/elections/they-voted-trump-need-health-care-democrat-doctor-volunteers-n785796?cid=public-rss_20170724 …";;@ @;;"889509755374379008";https://twitter.com/sallyray5/status/889509755374379008
Agrass79;2017-07-24 11:08;3;11;"But you're voting for trumpcare which extremely underfunds Medicaid which leads to underfunding vets medical care. You make zero sense.";;;;"889502653113348096";https://twitter.com/Agrass79/status/889502653113348096
TheCombatNurse;2017-07-24 11:01;2;7;"Vets are just a soapbox to you Jim. VA's don't need "a fresh set of eyes" to scrutinize and make cuts, they need more hands to provide care.";;;;"889500742599487489";https://twitter.com/TheCombatNurse/status/889500742599487489
fakeBradSteele;2017-07-24 10:56;0;6;"Great! Vets deserve the best care. But, what about those who will suffer greatly from the enormous Medicaid cuts you are rubber stamping?";;;;"889499627061473280";https://twitter.com/fakeBradSteele/status/889499627061473280
JimInhofe;2017-07-24 10:53;10;41;"I am fighting to ensure OK VA facilities provide our veterans top notch medical care. Read my op-ed in @ NewsOK.http://newsok.com/article/5557170";;@;;"889498895319011328";https://twitter.com/JimInhofe/status/889498895319011328
sallyray5;2017-07-24 09:09;2;0;"White House video on healthcare is DEEPLY misleading & based on lies! @ SenatorLankford @ JimInhofe Vote NO! https://www.facebook.com/washingtonpost/videos/10155399241842293/ …";;@ @;;"889472487062474752";https://twitter.com/sallyray5/status/889472487062474752
JMurray247;2017-07-24 08:32;0;0;"I endorse this tweet, @ SenatorLankford & @ JimInhofe. # RepealObamacare https://twitter.com/brianmcarey/status/889462200150220801 …";;@ @;#;"889463221098250245";https://twitter.com/JMurray247/status/889463221098250245
deb8coachdrummr;2017-07-23 14:11;0;0;"You're assuming Inhofe and his people read tweets and care about the people they represent";;;;"889186189269504000";https://twitter.com/deb8coachdrummr/status/889186189269504000
EddieBaron2;2017-07-23 12:19;0;0;"@ JimInhofe Truly, whatever you did for one of the least of these brothers & sisters of mine, you did for me. # DontTakeOurHealthcare";;@;#;"889158147310575617";https://twitter.com/EddieBaron2/status/889158147310575617
billybaysinger;2017-07-23 11:12;0;1;"@ JimInhofe @ SenatorLankford "Repeal and/or Replace" is NOT passing anything that gives Insurance Cos a bailout! Be careful how you vote!";;@ @;;"889141263425040385";https://twitter.com/billybaysinger/status/889141263425040385
MDresk;2017-07-22 21:58;0;0;"Please work with the Dems on health care reform. Is too big an issue for one party to do alone. Look what happened last time!";;;;"888941405514506240";https://twitter.com/MDresk/status/888941405514506240
KathyElliott8;2017-07-22 20:10;0;0;"@ jameslankford @ JimInhofe so sweet! Everyone deserves to have healthcare.";;@ @;;"888914056345681921";https://twitter.com/KathyElliott8/status/888914056345681921
ATwibble_2xRemo;2017-07-22 19:12;1;1;"@ SenatorLankford @ JimInhofe @ RepMullin do any of YOU care about any of this?";;@ @ @;;"888899488496091136";https://twitter.com/ATwibble_2xRemo/status/888899488496091136
rayhatfield;2017-07-22 16:50;0;0;"Clear that @ JimInhofe of # Oklahoma doesn’t care what his constituents think. Revels in his cruelty. Doesn’t affect him so he doesn’t care.pic.twitter.com/KDfjeVK44g";;@;#;"888863761431506945";https://twitter.com/rayhatfield/status/888863761431506945
SceneAlot;2017-07-22 14:06;0;1;"@ JimInhofe @ TomColeOK04 @ SenatorLankford does our Oklahoma delegation care about corruption and treason?";;@ @ @;;"888822475185934337";https://twitter.com/SceneAlot/status/888822475185934337
sallyray5;2017-07-22 12:29;0;0;"Creating failure=blood on your hands @ SenateGOP @ HouseGOP @ SpeakerRyan @ SenateMajLdr @ JimInhofe @ SenatorLankford http://www.cnbc.com/2017/07/20/trump-administration-scraps-obamacare-signup-assistance-in-18-cities.html …";;@ @ @ @ @ @;;"888798146217857025";https://twitter.com/sallyray5/status/888798146217857025
farwesternsky;2017-07-22 00:44;0;0;"@ senatorlankford @ jiminhofe # maybeyouretheproblem # obamacare # DrainTheSwamphttps://twitter.com/SenJeffMerkley/status/888537201281310720 …";;@ @;# # #;"888620785757294592";https://twitter.com/farwesternsky/status/888620785757294592
farwesternsky;2017-07-22 00:41;0;0;"@ SenatorLankford @ JimInhofe Hmmmm... # obamacare # DrainTheSwamp # maybeyouretheproblemhttps://twitter.com/SenJeffMerkley/status/888535866586562561 …";;@ @;# # #;"888620011316760576";https://twitter.com/farwesternsky/status/888620011316760576
RonGillespie6;2017-07-22 00:15;0;0;"If you guys cannot repeal Obamacare we can repeal you from office!!!!!";;;;"888613570203832320";https://twitter.com/RonGillespie6/status/888613570203832320
RonGillespie6;2017-07-22 00:13;0;0;"Repeal Obama care!!!!!!";;;;"888612894484647937";https://twitter.com/RonGillespie6/status/888612894484647937
DanSmith112263;2017-07-21 16:17;0;0;"Mystery solved. It appeared to be suicide, but actually the GOP shot it in the head.http://nymag.com/daily/intelligencer/2017/07/trump-administration-used-public-funds-to-sabotage-obamacare.html …";;;;"888493263107313664";https://twitter.com/DanSmith112263/status/888493263107313664
stoneguard;2017-07-21 15:52;0;0;"@ JimInhofe Senator, repeal 100% of Obamacare, now! https://www.votervoice.net/AFA/campaigns/53675/respond …";;@;;"888486751370526720";https://twitter.com/stoneguard/status/888486751370526720
mpb2100;2017-07-21 15:32;0;0;"@ JimInhofe Whatever you did for the least of these brothers and sisters of mine, you did for me. # DontTakeOurHealthcare # wwjd";;@;# #;"888481935722467330";https://twitter.com/mpb2100/status/888481935722467330
Alyndriel;2017-07-21 13:41;1;2;"@ JimInhofe when you say "you don't know what [it] does, but it's better than Obamacare", you don't get to call dedicated activists ignorant.";;@;;"888453883449794560";https://twitter.com/Alyndriel/status/888453883449794560
jawba81;2017-07-21 13:29;0;2;"@ SenatorLankford and @ JimInhofe are sick of hearing from me. But that's ok, they've got healthcare so they can afford to get sick. Vote NO!!";;@ @;;"888450822291509250";https://twitter.com/jawba81/status/888450822291509250
ok18879;2017-07-21 11:27;0;0;"@ JimInhofe You cashed our checks, where are the results? # FullRepealNow of Obamacare while we can. No to # RenameAndRetain";;@;# #;"888420093767626754";https://twitter.com/ok18879/status/888420093767626754
wrrnpr;2017-07-21 11:08;0;0;"@ JimInhofe Senator, repeal 100% of Obamacare, now! https://www.votervoice.net/AFA/campaigns/53675/respond …";;@;;"888415282833887233";https://twitter.com/wrrnpr/status/888415282833887233
sallyray5;2017-07-20 21:21;2;2;"You should care. # VoteThemOut @ SenateGOP @ HouseGOP @ SpeakerRyan @ SenateMajLdr @ SenatorLankford @ JimInhofe https://www.washingtonpost.com/blogs/post-partisan/wp/2017/07/20/trumps-attacks-on-sessions-and-mueller-are-deeply-disturbing-but-republicans-wont-care/?tid=sm_tw&utm_term=.f3f7b017acd9 …";;@ @ @ @ @ @;#;"888207364628901888";https://twitter.com/sallyray5/status/888207364628901888
SolomonEnid;2017-07-20 20:22;0;0;"@ JimInhofe Please DON'T repeal obamacare until there is bill that provides/support everyone. if other countries can do it so can we t tT";;@;;"888192403374456832";https://twitter.com/SolomonEnid/status/888192403374456832
SolomonEnid;2017-07-20 20:21;0;0;"@ JimInhofe Vote NO on new healthcare bills. if passed millions of people will lose healthcare & be hurt bythis # raiseyourvoice # cantbequiet";;@;# #;"888192071059648512";https://twitter.com/SolomonEnid/status/888192071059648512
SolomonEnid;2017-07-20 20:20;0;0;"@ JimInhofe Over 10 million people with disabilities rely on # Medicaid for healthcare coverage. Please – # ProtectOurCare & # SaveMedicaid.";;@;# # #;"888191870278524928";https://twitter.com/SolomonEnid/status/888191870278524928
Dystopianna;2017-07-20 19:33;1;1;"Interesting! I put @ JimInhofe in that same category as well: USELESS # HealthcareIsAHumanRighthttps://twitter.com/JStein_Vox/status/887786820938977281 …";;@;#;"888180160922570754";https://twitter.com/Dystopianna/status/888180160922570754
IndivisibleNorm;2017-07-20 17:46;0;2;". @ JimInhofe . @ SenatorLankford "Whatever you did for the least of these brothers and sisters of mine, you did for me." # DontTakeOurHealthcare";;@ @;#;"888153259780734980";https://twitter.com/IndivisibleNorm/status/888153259780734980
ZackBergerMDPhD;2017-07-20 16:57;0;0;"@ JimInhofe can you help me choose a regimen for active TB treatment? Since you're a healthcare expert, and all.";;@;;"888140780254187522";https://twitter.com/ZackBergerMDPhD/status/888140780254187522
ZackBergerMDPhD;2017-07-20 16:54;3;7;"Got a patient with multiple comorbidities and drug sensitivities. Hopking health care expert @ JimInhofe can help me. Anyone got his cell?";;@;;"888140118841864193";https://twitter.com/ZackBergerMDPhD/status/888140118841864193
Clinicians4PC;2017-07-20 16:18;2;2;"Um, guys? Call @ JimInhofe to inform him that we know healthcare. (202) 224-4721 https://twitter.com/JStein_Vox/status/887786820938977281 …";;@;;"888130967960821761";https://twitter.com/Clinicians4PC/status/888130967960821761
mpowerednetwork;2017-07-20 16:10;1;2;"@ SenatorLankford @ JimInhofe Why are you supporting increasing deductibles on Wealthcare?! Are you listening to your constituents?! Vote NO";;@ @;;"888129089583763456";https://twitter.com/mpowerednetwork/status/888129089583763456
doclisaj;2017-07-20 15:45;1;3;"@ JimInhofe do you honestly believe that >7500 physicians who vocally support the ACA dont understand healthcare? @ physicianwomen @ choo_ekhttps://twitter.com/jstein_vox/status/887786820938977281 …";;@ @ @;;"888122590253862914";https://twitter.com/doclisaj/status/888122590253862914
egoorid;2017-07-20 13:53;0;0;"@ JimInhofe Senator I saw this story and thought you should be aware of it. https://tinyurl.com/y84v3xqn  please make healthcare work! Thanks!";;@;;"888094465835110400";https://twitter.com/egoorid/status/888094465835110400
jtaylortowry;2017-07-20 13:51;0;0;"@ SenateMajLdr @ SenateGOP @ SenateFloor @ SenateDems @ jiminhofe @ jameslankford @ SpeakerRyan Repeal # Obamacare, do not replace! # MAGAhttps://twitter.com/ms_erika74/status/888043695441821696 …";;@ @ @ @ @ @ @;# #;"888093933636595713";https://twitter.com/jtaylortowry/status/888093933636595713
btaylor_jr;2017-07-20 12:11;0;0;"@ GOP @ POTUS Repeal Obamacare return healthcare to the states stop big government # DraintheSwamp # MakeAmericaGreatAgain # DOYOURJOB";;@ @;# # #;"888068805318017029";https://twitter.com/btaylor_jr/status/888068805318017029
NewsOK;2017-07-20 12:00;1;0;"Oklahoma's @ JimInhofe, @ SenatorLankford uncertain on health care repeal's futurehttp://newsok.com/article/5556932?utm_source=NewsOKcom&utm_medium=Social&utm_campaign=NICTwitter …";;@ @;;"888065970119507971";https://twitter.com/NewsOK/status/888065970119507971
mpowerednetwork;2017-07-20 08:44;0;0;"@ SenatorLankford @ JimInhofe How is this making America great? Why are you so eager to purge your constituents? Renounce YOUR healthcare! https://twitter.com/cnnmoney/status/888013879808315392 …";;@ @;;"888016655586140160";https://twitter.com/mpowerednetwork/status/888016655586140160
Crystal_L_Perez;2017-07-20 05:54;0;0;"Who cares about the hospital's if you're trying to kill us anyway? You take away our healthcare you, you kill us. Who do you serve? NOT ME!";;;;"887973999745150976";https://twitter.com/Crystal_L_Perez/status/887973999745150976
brownrose0920;2017-07-20 00:26;0;0;"@ JimInhofe Senator, repeal 100% of Obamacare, now! https://www.votervoice.net/AFA/campaigns/53675/respond …";;@;;"887891325311438848";https://twitter.com/brownrose0920/status/887891325311438848
showmeblues;2017-07-19 22:28;0;2;"How many Senators are heavily invested in healthcare / pharma?! Seriously. Good grief.";;;;"887861665655660544";https://twitter.com/showmeblues/status/887861665655660544
IndivisibleNorm;2017-07-19 22:24;9;10;". @ JimInhofe "'Whatever you did for one of the least of these brothers and sisters of mine, you did for me.'" # DontTakeOurHealthcare";;@;#;"887860826157142016";https://twitter.com/IndivisibleNorm/status/887860826157142016
justlyso;2017-07-19 22:02;0;0;"@ JimInhofe mmm, Your comment that conservatives support O'care becuz they don't allow McC's bill 2 come to floor is disgusting. McC=sellout.";;@;;"887855111216611328";https://twitter.com/justlyso/status/887855111216611328
BKing512;2017-07-19 21:33;0;0;"@ JimInhofe "Truly I tell you, whatever you did for the least of these brothers and sisters of mine, you did for me." # DontTakeOurHealthcare";;@;#;"887847846090686464";https://twitter.com/BKing512/status/887847846090686464
DriveByPoster2;2017-07-19 19:17;0;0;"Spent the day contacting @ JimInhofe @ RepMullin @ SenatorLankford on NOT repealing healthcare. I feel my time was wasted.";;@ @ @;;"887813596473958400";https://twitter.com/DriveByPoster2/status/887813596473958400
DriveByPoster2;2017-07-19 18:45;0;0;"@ JimInhofe Don't vote to repeal health care for 32 million people many that support you. Fix what we have.";;@;;"887805721999532033";https://twitter.com/DriveByPoster2/status/887805721999532033
3Sinnings;2017-07-19 18:36;0;0;"Handing US over to Russia. @ SenatorLankford @ JimInhofe while you guys try to take away healthcare. Stand. Up. https://twitter.com/thehill/status/887801246203228161 …";;@ @;;"887803440033931264";https://twitter.com/3Sinnings/status/887803440033931264
LazyCircles;2017-07-19 17:51;1;0;"Why are you all hell-bent on making sure Oklahomans can't access healthcare? @ jameslankford @ JimInhofe @ RepRussell # shameful"Christians"https://twitter.com/businessinsider/status/887789659635556352 …";;@ @ @;#;"887791967215775744";https://twitter.com/LazyCircles/status/887791967215775744
nandbshuman;2017-07-19 17:37;1;4;"Yes, @ JimInhofe is biased exactly because he and his colleagues don't have to live with the Healthcare they're trying to pass.";;@;;"887788448773357568";https://twitter.com/nandbshuman/status/887788448773357568
GarrettHaake;2017-07-19 09:49;0;4;"Asked Sen. @ JimInhofe what he thinks the way forward for GOP is on healthcare: "I have no idea. Depends what we can get 50 votes for."";;@;;"887670697467760640";https://twitter.com/GarrettHaake/status/887670697467760640
billylee1950;2017-07-19 08:56;0;1;"@ JimInhofe You pay 28% of cost of your health care, GOP wants voters to have high premiums & high copays? Why should we vote for you?";;@;;"887657322226601984";https://twitter.com/billylee1950/status/887657322226601984
IndivisibleNorm;2017-07-18 18:36;0;1;"@ SenatorLankford @ JimInhofe You claim to care about veterans. What do you have to say for yourselves? https://twitter.com/votevets/status/887431732789641217 …";;@ @;;"887440857569296386";https://twitter.com/IndivisibleNorm/status/887440857569296386
sallyray5;2017-07-18 18:12;0;1;"Just a reminder. @ SenatorLankford @ JimInhofe @ RepRussell @ JohnCornyn @ tedcruz http://www.politifact.com/punditfact/statements/2017/mar/26/hugh-hewitt/obamacare-death-spiral/ …";;@ @ @ @ @;;"887434875078311942";https://twitter.com/sallyray5/status/887434875078311942
btaylor_jr;2017-07-18 17:25;0;0;"Repeal Obamacare";;;;"887423120860225536";https://twitter.com/btaylor_jr/status/887423120860225536
clark_darko;2017-07-18 14:21;0;0;"@ SenatorLankford @ JimInhofe @ TomColeOK04 i'm at a total loss at the Republicans refusal to repeal Obamacare.";;@ @ @;;"887376898220847105";https://twitter.com/clark_darko/status/887376898220847105
sallyray5;2017-07-18 14:17;0;0;"Healthcare should not be political @ SenateGOP @ HouseGOP @ SpeakerRyan @ SenateMajLdr @ JimInhofe @ SenatorLankford http://www.nbcnews.com/politics/donald-trump/trump-lays-blame-health-care-bill-failure-n784006?cid=public-rss_20170718 …";;@ @ @ @ @ @;;"887375726290382849";https://twitter.com/sallyray5/status/887375726290382849
IndivisibleNorm;2017-07-18 13:02;2;2;"Attention OK! While @ JimInhofe is prepared to take away your healthcare coverage, he's FILLING HIS COFFERS courtesy of UnitedHealth. https://twitter.com/IndivisibleNorm/status/887356562020458497 …";;@;;"887356996789440513";https://twitter.com/IndivisibleNorm/status/887356996789440513
IndivisibleNorm;2017-07-18 13:01;4;7;". @ JimInhofe "Oklahoma senator James Inhofe purchased between $50,000 and $100,000 worth of UnitedHealth shares." http://nymag.com/daily/intelligencer/2017/07/republicans-bought-insurance-stocks-while-passing-trumpcare.html …";;@;;"887356562020458497";https://twitter.com/IndivisibleNorm/status/887356562020458497
jtaylortowry;2017-07-18 10:33;1;1;"# Repeal # Obamacare, do not replace! Govt should not take over ANY industry! @ jiminhofe @ jameslankford @ SenMajLdr @ SenateGOP # MAGAhttps://twitter.com/realDonaldTrump/status/887134287350439936 …";;@ @ @ @;# # #;"887319434070827009";https://twitter.com/jtaylortowry/status/887319434070827009
LUVfromAmerica;2017-07-18 09:36;0;0;"Lord help us all. Love America # youreaterriblesenator # shameonyou # oklahomaisembarrassedbyyou # inhofeonlycaresabouthimself";;;# # # #;"887305042818195457";https://twitter.com/LUVfromAmerica/status/887305042818195457
trumpATeam;2017-07-18 09:33;0;0;"Nobody cares about # JackassJohn # Mcshame continue on";;;# #;"887304305350508544";https://twitter.com/trumpATeam/status/887304305350508544
annamarieyl;2017-07-18 07:35;0;0;"@ SenatorLankford @ JimInhofe Please vote no to taking away Healthcare from 32 million. https://twitter.com/thehill/status/887267226788745216 …";;@ @;;"887274604347224064";https://twitter.com/annamarieyl/status/887274604347224064
jimmynubs2000;2017-07-18 01:31;0;0;"@ JimInhofe as a die hard conservative okie, I sure hope you are working towards getting rid of Obamacare.... or we change Senators!";;@;;"887182979499524096";https://twitter.com/jimmynubs2000/status/887182979499524096
funky5mab;2017-07-18 00:40;0;0;"@ SenatorLankford @ JimInhofe You are showing true colors of being cowards putting the # GOP before what is right. Your healthcare bill failed.";;@ @;#;"887170116277878785";https://twitter.com/funky5mab/status/887170116277878785
OklahomaCheryl;2017-07-18 00:08;0;0;"@ SenatorLankford @ JimInhofe CBO scored repeal w/o replacement; is it inhuman disaster with 32M losing healthcare insurance? Premiums up 100% https://twitter.com/ChrisMurphyCT/status/887149384625999874 …";;@ @;;"887162191698440193";https://twitter.com/OklahomaCheryl/status/887162191698440193
Cowgirlpal;2017-07-17 23:45;1;0;"Lankford had dinner @the WH tonight. He doesn't care about Oklahomans.";;@the;;"887156351100702724";https://twitter.com/Cowgirlpal/status/887156351100702724
LewisPetra;2017-07-17 20:58;0;0;"How about it @ JimInhofe & @ SenatorLankford? Would you have voted for this stinker of a health care bill? # TrumpCare # ACA # ObamaCarehttps://twitter.com/garretthaake/status/887110324872241152 …";;@ @;# # #;"887114397520408576";https://twitter.com/LewisPetra/status/887114397520408576
sallyray5;2017-07-17 17:22;0;0;"Then...you would be healthcare heroes. But instead, you're just planning to let thousands dies to give millionaires a tax break.";;;;"887059976497377280";https://twitter.com/sallyray5/status/887059976497377280
sallyray5;2017-07-17 17:21;1;0;"If you cared about all Okies, you would save the ACA, work across the aisle to fix issues & fully fund it. Then accept Medicaid expansion!";;;;"887059807324315649";https://twitter.com/sallyray5/status/887059807324315649
sallyray5;2017-07-17 17:20;1;0;"Do you want us returned to the days of middle class bankruptcy because of healthcare costs? Do you want to destroy rural OK health?";;;;"887059514863890432";https://twitter.com/sallyray5/status/887059514863890432
OklahomaCheryl;2017-07-17 16:56;0;0;"@ SenatorLankford @ JimInhofe @ SenSchumer Senator McCain is in the hospital using ACA. Say NO to # TrumpCare and Fix ACA or Medicare for All.";;@ @ @;#;"887053335412518913";https://twitter.com/OklahomaCheryl/status/887053335412518913
k_proberts;2017-07-17 15:29;0;0;"@ JimInhofe I do not like the BCA. It shatters healthcare all the way. Made in secret, no debate, Vote "NO" on this bill of hate.";;@;;"887031477904576512";https://twitter.com/k_proberts/status/887031477904576512
sallyray5;2017-07-17 12:14;0;0;"Which POTUS promised he wouldn't do. # GOPLies # NoTrumpCare @ SenateGOP @ SenateMajLdr @ SenatorLankford @ JimInhofe https://www.washingtonpost.com/news/wonk/wp/2017/07/17/republicans-obamacare-repeal-is-turning-into-an-attack-on-medicaid/?tid=sm_tw&utm_term=.8b1199a6c65c …";;@ @ @ @;# #;"886982369575661568";https://twitter.com/sallyray5/status/886982369575661568
sallyray5;2017-07-17 12:06;0;0;"We can't afford # TrumpCare It's evil. @ SenateGOP @ SenateMajLdr @ SenatorLankford @ JimInhofe @ JohnCornyn @ tedcruz https://www.washingtonpost.com/news/wonk/wp/2017/07/17/how-the-republican-health-care-bill-could-raise-premiums-for-177-million-americans/?utm_term=.ac523dfbb2d4 …";;@ @ @ @ @ @;#;"886980512539176962";https://twitter.com/sallyray5/status/886980512539176962
PatBintz;2017-07-17 11:05;0;0;"Thank you for your courage re healthcare bill. @ SenatorCollins If only my senators were so strong! @ SenatorLankford @ JimInhofe # killthebill";;@ @ @;#;"886965133637021698";https://twitter.com/PatBintz/status/886965133637021698
IndivisibleNorm;2017-07-17 10:42;1;1;""Many of these people need care they will not receive if they go uninsured—or for that matter, if they are placed";;;;"886959273900732416";https://twitter.com/IndivisibleNorm/status/886959273900732416
IndivisibleNorm;2017-07-17 10:39;7;4;". @ SenatorLankford . @ JimInhofe Happy Monday! Here's some reading for you: http://www.slate.com/articles/business/moneybox/2017/06/trumpcare_will_probably_kill_thousands_that_s_neither_uncivil_nor_alarmist.html … . @ IndivisibleOK . @ IndivisibleTeam NO # BCRA!";;@ @ @ @;#;"886958516598181892";https://twitter.com/IndivisibleNorm/status/886958516598181892
booniefrankie;2017-07-17 08:50;0;0;"@ JimInhofe A leader leads...not follows. You KNOW the healthcare bill is wrong. And there you are saying NOTHING. Leader? Uhm, no...";;@;;"886931084365242368";https://twitter.com/booniefrankie/status/886931084365242368
mpowerednetwork;2017-07-17 08:46;0;0;"@ SenatorLankford @ JimInhofe What are you going to tell these folks about their healthcare options? Cobra is expensive. Are you listening?!";;@ @;;"886930188935843841";https://twitter.com/mpowerednetwork/status/886930188935843841
mpowerednetwork;2017-07-17 08:24;0;0;"@ JimInhofe @ SenatorLankford Why are you supporting Wealthcare while your constituents pay for you & your family's healthcare?! # Hypocritehttps://twitter.com/aewright/status/886418989508734976 …";;@ @;#;"886924589972037632";https://twitter.com/mpowerednetwork/status/886924589972037632
sallyray5;2017-07-16 16:11;0;0;"Ideology not reality. @ SenatorLankford @ JimInhofe @ JohnCornyn @ tedcruz @ SenTedCruz # NoTrumpCare http://secondnexus.com/politics-and-economics/latest-analysis-confirms-actual-state-obamacare/?utm_content=inf_686_1164_2&tse_id=INF_245d2370665011e790011d41b85aaeb5 …";;@ @ @ @ @;#;"886679606853500929";https://twitter.com/sallyray5/status/886679606853500929
sallyray5;2017-07-16 16:06;0;0;"Why does she clearly understand this and you don't? @ SenatorLankford @ JimInhofe @ JohnCornyn @ tedcruz @ SenTedCruz Or do you just not care?https://twitter.com/abcpolitics/status/886578683250528257 …";;@ @ @ @ @;;"886678437397659648";https://twitter.com/sallyray5/status/886678437397659648
sallyray5;2017-07-16 14:55;0;0;"So 8-10 Rep senators haven't sold out their constituents for the party...yet. @ SenatorLankford @ JimInhofe http://www.reuters.com/article/us-usa-healthcare-collins-idUSKBN1A10LH?feedType=RSS&feedName=politicsNews&utm_source=feedburner&utm_medium=feed&utm_campaign=Feed%3A+Reuters%2FPoliticsNews+%28Reuters+Politics+News%29 …";;@ @;;"886660484644167681";https://twitter.com/sallyray5/status/886660484644167681
IndivisibleNorm;2017-07-16 14:45;0;0;"You guys don't care b/c you think everyone will forget about this when you're up for reelection. Fair warning: WE WILL NOT FORGET.";;;;"886657946616287232";https://twitter.com/IndivisibleNorm/status/886657946616287232
IndivisibleNorm;2017-07-16 14:43;0;0;". @ SenatorLankford . @ JimInhofe But hey, @ GovMaryFallin doesn't care! She's out of office soon & won't have 2 face consequences of HC failure!https://twitter.com/ASlavitt/status/886616469462712325 …";;@ @ @;;"886657675328663554";https://twitter.com/IndivisibleNorm/status/886657675328663554
IndivisibleNorm;2017-07-16 14:42;0;0;". @ SenatorLankford . @ JimInhofe OK will DEFINITELY choose to do the bare min for citizens when it comes to healthcare. Flexibility in OK=death https://twitter.com/ASlavitt/status/886615849804738561 …";;@ @;;"886657306854916096";https://twitter.com/IndivisibleNorm/status/886657306854916096
sallyray5;2017-07-16 12:36;0;0;"So. Tax increases for the poor to give tax cuts to the wealthy. Nice. @ SenatorLankford @ JimInhofe # NoTrumpCare http://www.epi.org/blog/healthcares-biggest-losers-part-deux-how-the-senates-trumpcare-bill-can-increase-your-state-taxes/ …";;@ @;#;"886625707195076609";https://twitter.com/sallyray5/status/886625707195076609
billylee1950;2017-07-16 11:44;0;0;"@ JimInhofe We demand the same health care that CONGRESS has!";;@;;"886612631058092032";https://twitter.com/billylee1950/status/886612631058092032
susandavis178;2017-07-16 09:32;0;0;"Call your senator on Monday and tell him to vote NO to this horrible tax cut plan they call healthcare. Call them Monday!";;;;"886579286550958080";https://twitter.com/susandavis178/status/886579286550958080
susandavis178;2017-07-16 09:16;0;0;"Healthcare the,GOP wants won't just affect people on Medicaid..it will affect 84 million people with preexisting conditions.";;;;"886575234077380610";https://twitter.com/susandavis178/status/886575234077380610
susandavis178;2017-07-16 09:14;0;0;"CUT SOMETHING from healthcare. So,the first to go was Medicaid. That means the poorest, most vulnerable Americans will lose their healthcare";;;;"886574776743075841";https://twitter.com/susandavis178/status/886574776743075841
susandavis178;2017-07-16 09:13;1;1;"That contained a tax cut for them. Then, in thinking of healthcare, the way that tax cut would be provided to,the wealthy was to";;;;"886574466519773185";https://twitter.com/susandavis178/status/886574466519773185
mvermi;2017-07-15 21:43;0;0;". @ SenatorLankford @ InhofePress @ JimInhofe support the Cruz-Lee Amendment to opt out of # Obamacare # OptMeOut # teaparty";;@ @ @;# # #;"886400836808699904";https://twitter.com/mvermi/status/886400836808699904
sallyray5;2017-07-15 21:38;0;0;"Ripping care from children. Where is that in the Bible? @ SenatorLankford @ JimInhofe @ tedcruz @ JohnCornyn # WWJD # GOPLies # NoTrumpCarehttps://twitter.com/kamalaharris/status/885517176928686080 …";;@ @ @ @;# # #;"886399619042824192";https://twitter.com/sallyray5/status/886399619042824192
okc_larry;2017-07-15 19:04;0;0;"@ JimInhofe If anyone wants to opt out of Obamacare rules, regulations, and mandates they should be free to do so # OptMeOut";;@;#;"886360839380500480";https://twitter.com/okc_larry/status/886360839380500480
annamarieyl;2017-07-15 18:50;0;0;"@ SenatorLankford @ JimInhofe @ RepMullin I'm real, live in Oklahoma, & care deeply that our pres & staff conspired w/Russia 2 hijack democracyhttps://twitter.com/JonahNRO/status/885828004001329154 …";;@ @ @;;"886357286570033153";https://twitter.com/annamarieyl/status/886357286570033153
jtaylortowry;2017-07-15 17:36;0;1;"GOP # Obamacare replacement: # REPEAL Do NOT replace! @ jiminhofe @ jameslankford @ SenateGOP @ SenateFloor @ SenateDems # MAGAhttps://twitter.com/dave_cpt/status/886335796290101248 …";;@ @ @ @ @;# # #;"886338789345460224";https://twitter.com/jtaylortowry/status/886338789345460224
sallyray5;2017-07-15 16:38;0;0;"How can you be unclear or undecided about such evil cruelty? # WWJD @ SenatorLankford @ JimInhofe # GOPLies # NoTrumpCare https://www.nytimes.com/interactive/2017/07/13/us/politics/senate-revised-health-care-whip-count.html?smid=tw-share …";;@ @;# # #;"886324231906131971";https://twitter.com/sallyray5/status/886324231906131971
goldendebbie;2017-07-15 13:19;1;0;"@ JimInhofe For God sake... ur a Senator from OK... do the right thing & Trumpcare is not it. Don't follow Trump's revenge into hell # VoteNo";;@;#;"886273994504028160";https://twitter.com/goldendebbie/status/886273994504028160
sallyray5;2017-07-15 12:16;1;0;"How can OK afford this? @ SenatorLankford @ JimInhofe say NO! # NoTrumpCare http://www.politico.com/story/2017/07/15/medicaid-funding-drop-obamacare-repeal-240588 …";;@ @;#;"886258155616915456";https://twitter.com/sallyray5/status/886258155616915456
billylee1950;2017-07-15 12:12;0;0;"@ JimInhofe Why do you support trump? Oklahomans deserve affordable health care for all. Vote the people not big money! Can they vote for you";;@;;"886257289732263936";https://twitter.com/billylee1950/status/886257289732263936
osubusmaj;2017-07-15 11:46;4;5;"I wish @ SenatorLankford & @ JimInhofe were this passionate about protecting healthcare services. But they care more abt # GOP than Oklahomans.https://twitter.com/nowthisnews/status/885703671509536768 …";;@ @;#;"886250525183889413";https://twitter.com/osubusmaj/status/886250525183889413
ricopie;2017-07-15 08:48;0;0;"The question is, will @ JimInhofe and @ SenatorLankford go down in history as stripping # Healthcare from millions for their own gain?https://twitter.com/upshotnyt/status/886193862548520960 …";;@ @;#;"886205913354440704";https://twitter.com/ricopie/status/886205913354440704
grizatlcp;2017-07-15 03:34;0;0;"It's down to the Mercers, the Kochs, Sheldon Adelson when they can wake him and the Putin gang. Nobody else wants this crap # Trumpcare";;;#;"886126886404800512";https://twitter.com/grizatlcp/status/886126886404800512
segseven;2017-07-14 21:43;1;1;"Let's hope they vote to change Healthcare. @ SenatorLankford @ JimInhofe Counting on my Oklahoma Senators! https://twitter.com/realdonaldtrump/status/885773130723205120 …";;@ @;;"886038384665399297";https://twitter.com/segseven/status/886038384665399297
IndivisibleNorm;2017-07-14 17:03;4;3;". @ JimInhofe You know what's really sad? Most people won't even bother visiting your office b/c you care even less http://www.news9.com/story/35872460/demonstrators-question-healthcare-bill-at-sen-lankfords-office …";;@;;"885967967267192832";https://twitter.com/IndivisibleNorm/status/885967967267192832
IndivisibleNorm;2017-07-14 16:58;1;2;". @ SenatorLankford . @ JimInhofe . @ SenateGOP If any of you had any confidence in # BCRA, you would be willing to discuss http://www.news9.com/story/35872460/demonstrators-question-healthcare-bill-at-sen-lankfords-office …";;@ @ @;#;"885966845387386881";https://twitter.com/IndivisibleNorm/status/885966845387386881
karrotfaye;2017-07-14 16:46;3;2;"@ GOP @ jameslankford @ JimInhofe @ physicianwomen less coverage=less prenatal care=more maternal, fetal neonatal deaths 5/";;@ @ @ @;;"885963679560331264";https://twitter.com/karrotfaye/status/885963679560331264
karrotfaye;2017-07-14 16:41;2;3;"@ GOP @ jameslankford @ JimInhofe @ physicianwomen as an Ob/gyn in OKC I am literally begging you to vote no on # trumpcare 1/https://twitter.com/ddiamond/status/885613350004109312 …";;@ @ @ @;#;"885962571702034432";https://twitter.com/karrotfaye/status/885962571702034432
DrJoeBentivegna;2017-07-14 13:13;0;0;"@ SenSherrodBrown @ SenRobPortman @ PortmanPress @ jiminhofe @ InhofePress @ SenatorLankford # HealthcareBillhttps://www.youtube.com/watch?v=QQTX0DWonbE&t=16s …";;@ @ @ @ @ @;#;"885910134484074496";https://twitter.com/DrJoeBentivegna/status/885910134484074496
okpca;2017-07-14 12:45;0;0;"Go to http://okpca.org/takeaction  to give your input on the Senate health care bill to @ SenatorLankford and Senator @ JimInhofe pic.twitter.com/NVQAA46ful";;@ @;;"885903127039401984";https://twitter.com/okpca/status/885903127039401984
ouholter;2017-07-14 12:19;0;0;"@ SenatorLankford @ JimInhofe This bill will hurt OK Cancer pts and BMT pts. Please protect , vote no! https://www.washingtonpost.com/news/posteverything/wp/2017/07/14/the-senate-health-care-bill-gets-a-makeover-but-its-still-really-ugly/ …";;@ @;;"885896532653989888";https://twitter.com/ouholter/status/885896532653989888
mpowerednetwork;2017-07-14 07:49;0;0;"@ SenatorLankford @ JimInhofe Why are you still supporting Wealthcare?! You WILL lose your job. Vote NO https://twitter.com/kaiserfamfound/status/885825204412448770 …";;@ @;;"885828493845688322";https://twitter.com/mpowerednetwork/status/885828493845688322
mpowerednetwork;2017-07-14 07:47;0;0;"@ SenatorLankford @ JimInhofe I am your constituent. I'm sick of suffering so your wealthy constituents can thrive. Vote NO on Wealthcare! https://twitter.com/robinhoodtax/status/885808608813776899 …";;@ @;;"885828040701423616";https://twitter.com/mpowerednetwork/status/885828040701423616
mpowerednetwork;2017-07-14 07:45;0;0;"@ SenatorLankford @ JimInhofe I am your constituent. You must vote NO. Wealthcare helps no one but the rich. Why can't you hear us? Vote NO https://twitter.com/canceradvocacy/status/885603036307107845 …";;@ @;;"885827534994231296";https://twitter.com/mpowerednetwork/status/885827534994231296
sallyray5;2017-07-14 07:07;0;0;"Another one about all the # GOPLies @ SenateGOP @ SenateMajLdr @ SenatorLankford @ JimInhofe @ SenTedCruz @ JohnCornyn http://www.nbcnews.com/politics/congress/study-obamacare-not-collapsing-n781486 …";;@ @ @ @ @ @;#;"885817917367046144";https://twitter.com/sallyray5/status/885817917367046144
sallyray5;2017-07-14 06:52;0;0;"# NoWealthCare @ SenateGOP @ SenateMajLdr @ SenatorLankford @ JimInhofe @ SenTedCruz @ JohnCornyn http://www.politico.com/interactives/2017/senate-gop-health-care-bill-rich-americans/ …";;@ @ @ @ @ @;#;"885814316112506882";https://twitter.com/sallyray5/status/885814316112506882
SherronU;2017-07-13 22:13;0;0;"@ JimInhofe # FullRepeal of # ObamaCare. Then pass in steps # FreeMarket Reform. # CutMedicaid to able bodied w no kids~Save # Medicare 4 # Seniors";;@;# # # # # #;"885683693402107908";https://twitter.com/SherronU/status/885683693402107908
midge219;2017-07-13 21:39;0;0;"@ JimInhofe https://www.americamagazine.org/politics-society/2017/07/10/senators-did-you-come-washington-take-health-care-sick-and-food-hungry …";;@;;"885674969077698560";https://twitter.com/midge219/status/885674969077698560
xpathf1nderx;2017-07-13 20:14;0;0;"https://www.nytimes.com/interactive/2017/07/13/us/politics/senate-revised-health-care-whip-count.html?smid=tw-share … # Langford # SenateGOP @ JimInhofe @ SenatorLankford @ OkDemocrats @ tulsaworld @ okc_news";;@ @ @ @ @;# #;"885653768007757824";https://twitter.com/xpathf1nderx/status/885653768007757824
gentlemindmom;2017-07-13 18:05;0;0;"https://www.nytimes.com/interactive/2017/07/13/us/politics/senate-revised-health-care-whip-count.html?smid=tw-nytimes&smtyp=cur … @ SenatorLankford and @ JimInhofe undecided?? How the hell can you be undecided knowing it will murder constitutents?";;@ @;;"885621108971626497";https://twitter.com/gentlemindmom/status/885621108971626497
refturner;2017-07-13 17:46;0;1;"Senate healthcare bill will cause prob w/ pre-existing conds, even 4 those on empl'r provided plans. Vote NO @ SenatorLankford & @ JimInhofe";;@ @;;"885616547556884481";https://twitter.com/refturner/status/885616547556884481
refturner;2017-07-13 17:45;0;1;"Letting insurers sell skimpy plans means higher healthcare costs for the rest of us. Vote NO @ SenatorLankford & @ JimInhofe !";;@ @;;"885616158598209542";https://twitter.com/refturner/status/885616158598209542
LauriePope;2017-07-13 17:30;1;0;"VOTE NO @ SenatorLankford @ JimInhofe # Trumpcare # HealthcareBillhttps://twitter.com/DWStweets/status/885599340613521408 …";;@ @;# #;"885612374245376002";https://twitter.com/LauriePope/status/885612374245376002
DunganBill;2017-07-13 17:14;0;0;"@ jameslankford @ JimInhofe @ RepJBridenstine why is a single payer # Medicare for all plan so bad? # tump # Trumpcare";;@ @ @;# # #;"885608493616697344";https://twitter.com/DunganBill/status/885608493616697344
sallyray5;2017-07-13 17:06;2;0;"Still evil. @ SenateGOP @ SenateMajLdr @ SenatorLankford @ JimInhofe @ tedcruz @ JohnCornyn # NoTrumpCare # SaveMedicaid https://www.washingtonpost.com/blogs/plum-line/wp/2017/07/13/the-new-gop-health-care-plan-is-still-an-abomination/?tid=sm_fb&utm_term=.49ffe254ac08 …";;@ @ @ @ @ @;# #;"885606483286777857";https://twitter.com/sallyray5/status/885606483286777857
digitlmndpatrol;2017-07-13 15:04;0;0;"@ JimInhofe When will you or your staff be answering your phones again? Asking for a constituent. # HealthcareBill is a big NO.";;@;#;"885575785448431617";https://twitter.com/digitlmndpatrol/status/885575785448431617
martysix250;2017-07-13 12:16;0;0;"Get OVER yoursel Who CARES about your juvenile tantrums? Do YOU, @ SenatorBurr @ JimInhofe @ SenatorWicker http://www.cnn.com/2017/07/12/politics/trump-anger-health-care/index.html …";;@ @ @;;"885533457723662337";https://twitter.com/martysix250/status/885533457723662337
sallyray5;2017-07-13 12:00;0;2;"We already didn't expand Medicaid in OK & our rural providers are in intensive care! Cut it more & they die. @ SenatorLankford @ JimInhofe https://twitter.com/sallyray5/status/885528034589253634 …";;@ @;;"885529353140011010";https://twitter.com/sallyray5/status/885529353140011010
sallyray5;2017-07-12 23:23;0;0;"And pretty sure he's not for ripping healthcare from the poor to fund tax cuts for the wealthy @ SenatorLankford @ JimInhofe # WWJDhttps://twitter.com/fwjesus/status/885337712475213825 …";;@ @;#;"885338857398579200";https://twitter.com/sallyray5/status/885338857398579200
sarahghoss27;2017-07-12 22:45;0;0;". @ JimInhofe @ senatorlankford # Trumpcare is disastrous & cruel. Vote No! pic.twitter.com/tobNtIfHGR # IStandWithPP";;@ @;# #;"885329350354231296";https://twitter.com/sarahghoss27/status/885329350354231296
Dihna_B;2017-07-12 17:28;0;0;"They don't care. Both just got re-elected to a 6-year term and figure they can ride out the Trump storm. Can Senators be impeached?";;;;"885249489371627520";https://twitter.com/Dihna_B/status/885249489371627520
3Sinnings;2017-07-12 16:40;0;3;"A good start would be to vote no on the GOP healthcare bill then set about fixing OCare.";;;;"885237445675143169";https://twitter.com/3Sinnings/status/885237445675143169
InhofePress;2017-07-12 16:25;2;2;". @ jiminhofe met with Oklahoma VA leaders today to discuss how to continue to improve veteran healthcare in OK. https://www.inhofe.senate.gov/newsroom/press-releases/inhofe-meets-with-oklahoma-va-leaders …pic.twitter.com/ZOBLyswh0Y";;@;;"885233793484849152";https://twitter.com/InhofePress/status/885233793484849152
SecShulkin;2017-07-12 15:08;36;107;"Good news, @ VetAffairsOIG and Sen. @ JimInhofe indicate Eastern Oklahoma Veterans Healthcare System back on track http://www.tulsaworld.com/news/government/inhofe-after-va-releases-muskogee-facility-report-we-have-solved/article_54828ba3-eda0-592b-a673-ea4f1812119a.html …";;@ @;;"885214180822978563";https://twitter.com/SecShulkin/status/885214180822978563
HockeyMinister;2017-07-12 14:25;0;1;"Or... This may be speeding up, as Michelle said, faster than we care to admit.";;;;"885203483564965888";https://twitter.com/HockeyMinister/status/885203483564965888
Noobvember;2017-07-12 14:13;0;0;"@ SenatorLankford @ JimInhofe @ RepJBridenstine @ GovMaryFallin PLEASE stand for us against this monstrous bill. I'll lose healthcare for LIFE.";;@ @ @ @;;"885200448180957184";https://twitter.com/Noobvember/status/885200448180957184
meteorladyone;2017-07-12 12:14;0;0;"I don't want a launch, I was full repeal and for them to get out of my healthcare. Give Medicaid back to the states.";;;;"885170509855551488";https://twitter.com/meteorladyone/status/885170509855551488
octoberskeye;2017-07-12 09:59;0;0;"You mean the 'We're stealing healthcare from millions of vets but I'm going to pretend we're not' bill?";;;;"885136500546875392";https://twitter.com/octoberskeye/status/885136500546875392
AARPOklahoma;2017-07-12 09:08;3;3;"Sen hx care bill = higher costs, less coverage. Tell @ JimInhofe @ SenatorLankford to # VoteNo. Call 844-222-0110. @ SeanVoskuhl @ RMarkNicholspic.twitter.com/zHJ6qo0UpM";;@ @ @ @;#;"885123764224237568";https://twitter.com/AARPOklahoma/status/885123764224237568
sallyray5;2017-07-11 22:28;0;0;"Your amendment is the worst of all. @ tedcruz You really don't care if people live or die, do you? @ JohnCornyn # NoTrumpCare # GOPLies";;@ @;# #;"884962706524188672";https://twitter.com/sallyray5/status/884962706524188672
sallyray5;2017-07-11 21:21;0;0;"Again, I HAVE to ask: Why such evil? @ SenateGOP @ SenateMajLdr @ SenatorLankford @ JimInhofe @ tedcruz @ JohnCornyn https://www.vox.com/health-care/2017/7/11/15949274/senate-health-bill-preexisting-conditions …";;@ @ @ @ @ @;;"884945700508889089";https://twitter.com/sallyray5/status/884945700508889089
rocketjam;2017-07-11 18:44;0;1;"@ JimInhofe is an embarrassment to Oklahoma. Doesn't care that Russia meddled in election and Trump is destroying US standing in the world.";;@;;"884906339004276736";https://twitter.com/rocketjam/status/884906339004276736
Rusty_Olson;2017-07-11 16:13;4;8;"While Junior is falling on the sword, @ SenatorLankford and @ JimInhofe are working to take your health care away.";;@ @;;"884868188500090882";https://twitter.com/Rusty_Olson/status/884868188500090882
hulinst;2017-07-11 15:42;0;1;"While you enhance VA healthcare access, show you care about US security by condemning in strongest terms # POTUS his dereliction of duty.";;;#;"884860477121085440";https://twitter.com/hulinst/status/884860477121085440
InhofePress;2017-07-11 14:14;3;4;"TUNE IN: at 1:30 CT @ JimInhofe is testifying before @ VAChair on his legislation to improve veterans' health care. https://www.veterans.senate.gov/hearings/pending-health-care-legislation-07112017 …";;@ @;;"884838406215401473";https://twitter.com/InhofePress/status/884838406215401473
OklahomaCheryl;2017-07-11 13:36;0;0;"@ SenatorLankford @ JimInhofe # FixACA; make healthcare bi-partisan. Support S.1462, S.1354, S1201, Heitkamp Proposal. NO @ SenTedCruz Amendment";;@ @ @;#;"884828752026456066";https://twitter.com/OklahomaCheryl/status/884828752026456066
billylee1950;2017-07-11 12:14;0;0;"@ JimInhofe Thanks for improving veterans care! Make removing trump your top priority! Remove trump for treason now!";;@;;"884808165853978624";https://twitter.com/billylee1950/status/884808165853978624
rayhatfield;2017-07-11 11:26;0;5;"If you actually cared about Oklahomans’ access to healthcare, you’d vote against # Trumpcare.";;;#;"884796134144737280";https://twitter.com/rayhatfield/status/884796134144737280
JimInhofe;2017-07-11 10:29;6;17;"My bill, the Enhancing Veteran Care Act, will improve OK veterans' access to healthcare. https://www.inhofe.senate.gov/newsroom/press-releases/inhofe-lankford-introduce-enhancing-veteran-care-act …https://twitter.com/InhofePress/status/884779570322444289 …";;;;"884781737531846662";https://twitter.com/JimInhofe/status/884781737531846662
tulsaworld;2017-07-11 09:40;0;0;". @ JimInhofe says he was not involved in purchase of health-care stock: http://ow.ly/StDT30dxhfh pic.twitter.com/wqT3cBT9Sp";;@;;"884769296475447296";https://twitter.com/tulsaworld/status/884769296475447296
mpowerednetwork;2017-07-11 07:57;0;0;"@ SenatorLankford @ JimInhofe How about repealing YOUR healthcare? How would you like that?! Vote NO https://twitter.com/jilevin/status/884313010247958528 …";;@ @;;"884743342122307587";https://twitter.com/mpowerednetwork/status/884743342122307587
BKing512;2017-07-11 01:30;0;0;"@ SenatorLankford @ JimInhofe How many people losing health care is too many? Spoiler alert the answer is one. # SinglePayer # VoteNo # AHCA";;@ @;# # #;"884645977042243584";https://twitter.com/BKing512/status/884645977042243584
rainbowlizard04;2017-07-10 20:54;0;1;"Save our Health Care! @ stampslicked @ SenatorLankford @ jiminhofe # Trumpcare https://stampslicked.org/obamacare";;@ @ @;#;"884576687819808769";https://twitter.com/rainbowlizard04/status/884576687819808769
sallyray5;2017-07-10 20:50;0;0;"Hey! @ SenateGOP @ SenateMajLdr @ JimInhofe @ SenatorLankford @ tedcruz @ JohnCornyn Quit with the # GOPLies & # SaveACA http://www.nbcnews.com/politics/congress/study-obamacare-not-collapsing-n781486 …";;@ @ @ @ @ @;# #;"884575586408157185";https://twitter.com/sallyray5/status/884575586408157185
OklahomaCheryl;2017-07-10 15:54;0;0;"@ SenatorLankford @ JimInhofe Please don't take a women's healthcare away. Support # PlannedParenthood. Fix ACA & make healthcare bi-partisan.https://twitter.com/nytopinion/status/884425561497579520 …";;@ @;#;"884501222446821376";https://twitter.com/OklahomaCheryl/status/884501222446821376
billylee1950;2017-07-10 14:04;0;0;"@ JimInhofe GOP's AHC bill is bad & poison for voters! Vote no. OBAMA care is working, GOP is taking away funding, to make it fail! Stop!";;@;;"884473441834991617";https://twitter.com/billylee1950/status/884473441834991617
Dwanesterrr;2017-07-10 14:03;0;0;"@ SenTomCotton @ JohnBoozman @ JeffFlake @ SenDanSullivan @ LisaMurkowski @ LutherStrange @ SenShelby # USA # MAGA # HealthcareBill";;@ @ @ @ @ @ @;# # #;"884473121884864512";https://twitter.com/Dwanesterrr/status/884473121884864512
jmingerson725;2017-07-10 12:40;0;0;"Hey buy stock in healthcare! Way to go line your pockets!!!!";;;;"884452281596465152";https://twitter.com/jmingerson725/status/884452281596465152
ouachitaways;2017-07-10 09:51;0;0;"@ POTUS @ VP @ SecretaryZinke @ Interior @ JimInhofe @ SenatorLankford @ RepMullin Does God care about animals? https://billygraham.org/?p=6037&sharer=1 …";;@ @ @ @ @ @ @;;"884409688544206850";https://twitter.com/ouachitaways/status/884409688544206850
IndivisibleNorm;2017-07-10 09:49;22;26;". @ SenatorLankford . @ JimInhofe Looks like one of your major arguments against # ACA & has been refuted by KFF. http://thehill.com/policy/healthcare/341249-study-obamacare-market-stabilizing-not-collapsing …";;@ @;#;"884409138578681856";https://twitter.com/IndivisibleNorm/status/884409138578681856
Dwanesterrr;2017-07-10 02:31;0;0;"@ SenTomCotton @ JohnBoozman @ JeffFlake @ SenDanSullivan @ LisaMurkowski @ LutherStrange @ SenShelby # USA # MAGA # HealthcareBill @ NewtGingritch";;@ @ @ @ @ @ @ @;# # #;"884299038568230912";https://twitter.com/Dwanesterrr/status/884299038568230912
KBinOKC;2017-07-10 00:00;0;0;"Gov doesn't belong in # healthcare Our # freemarketworks @ SenatorLankford @ JimInhofe @ RepFrankLucas @ TomColeOK04 @ POTUS";;@ @ @ @ @;# #;"884260954187366400";https://twitter.com/KBinOKC/status/884260954187366400
MaryMarch3;2017-07-09 18:16;0;0;"@ JimInhofe Please read. 1 story of how BCRA would affect her mom https://while-you-were-sleeping.com/2017/03/24/dear-mom-about-your-50-year-nursing-career-medicaid-womans-post-plows-the-gop/amp/ … Only 16% support. Who do you REALLY work for?";;@;;"884174552405864448";https://twitter.com/MaryMarch3/status/884174552405864448
changestatusquo;2017-07-09 15:14;0;0;"@ RepChrisCollins @ SecPriceMD @ SecPriceMD @ JimInhofe Corruption in Trumpcare $$$$$$$$$$$Greed. http://nymag.com/daily/intelligencer/2017/07/republicans-bought-insurance-stocks-while-passing-trumpcare.html?utm_source=tw&utm_medium=s3&utm_campaign=sharebutton-t … via @ intelligencer";;@ @ @ @ @;;"884128717609553920";https://twitter.com/changestatusquo/status/884128717609553920
TheSoulCab;2017-07-09 14:10;0;0;"Obamacare is not profitable for your portfolio, you're the epitome of a sellout https://theintercept.com/2017/07/06/republican-lawmakers-buy-health-insurance-stocks-as-repeal-effort-moves-forward/ …";;;;"884112444443860994";https://twitter.com/TheSoulCab/status/884112444443860994
chriskrchr;2017-07-09 11:10;0;1;"Sen. @ JimInhofe, only an unethical dirtbag would buy $50k+ in UnitedHealth stock while pushing trumpcare. Your greedy motives are showing.";;@;;"884067126453063680";https://twitter.com/chriskrchr/status/884067126453063680
sallyray5;2017-07-09 10:30;0;0;"Reminder among all the treason, they also still want to take away healthcare @ SenateGOP @ SenateMajLdr @ JimInhofe @ SenatorLankford # SaveACAhttps://twitter.com/fivethirtyeight/status/884049505116729344 …";;@ @ @ @;#;"884057071771156480";https://twitter.com/sallyray5/status/884057071771156480
readjennymartin;2017-07-08 20:24;2;0;"buying health stocks & then voting to kill Obamacare i@jiminhofe, +1 (202) 224-4721], who bought between 50k & $100k in UH stock before vote https://twitter.com/xeni/status/883822002796195840 …";;@jiminhofe;;"883844172498837504";https://twitter.com/readjennymartin/status/883844172498837504
Twytterpaytyd;2017-07-08 19:45;1;0;"# DrainTheSwamp No... the REAL ONE! Abject # CORRUPTION with # Healthcare @ GOP @ ConawayTX11 @ JimInhofe # TheResistance http://nymag.com/daily/intelligencer/2017/07/republicans-bought-insurance-stocks-while-passing-trumpcare.html?utm_source=tw&utm_medium=s3&utm_campaign=sharebutton-t …";;@ @ @;# # # #;"883834488639422469";https://twitter.com/Twytterpaytyd/status/883834488639422469
uncoolcj;2017-07-08 17:56;0;0;"@ JimInhofe we know you're investing in United health stocks while working on the healthcare bill.";;@;;"883807130125553667";https://twitter.com/uncoolcj/status/883807130125553667
digitlmndpatrol;2017-07-08 14:50;0;1;"Are you still wondering how @ JimInhofe will vote on # HealthcareBill Oklahoma? 50-100k UnitedHealth stocks were recently purchased by him.https://twitter.com/GaryRayBetz/status/883692907340976128 …";;@;#;"883760258157563904";https://twitter.com/digitlmndpatrol/status/883760258157563904
doctorow;2017-07-08 10:55;36;22;"GOP lawmakers ( @ ConawayTX11 & @ jiminhofe) snap up surging health insurance stocks as they gut Obamacare https://boingboing.net/2017/07/08/the-stock-act.html …pic.twitter.com/NRHd5mfZhq";;@ @;;"883701131712450560";https://twitter.com/doctorow/status/883701131712450560
noland_ryan;2017-07-08 10:35;0;0;"@ SenatorLankford @ JimInhofe I as a voter request that you skip your August break and work on repealing Obamacare and tax reform";;@ @;;"883695981325426688";https://twitter.com/noland_ryan/status/883695981325426688
isrealtomsmith;2017-07-08 01:00;0;0;"Do your constituents know you bought $100k stock in health insurance companies? Sounds like healthcare is going to work just fine for you.";;;;"883551338273148928";https://twitter.com/isrealtomsmith/status/883551338273148928
sallyray5;2017-07-07 20:50;0;0;"Pushing harder to strip healthcare from millions. # GOPPriorities # GOPLies # NoTrumpCare @ SenatorLankford @ JimInhofe https://www.washingtonpost.com/powerpost/senate-gop-and-white-house-plan-final-urgent-blitz-to-pass-health-care-law/2017/07/07/08367830-631d-11e7-8adc-fea80e32bf47_story.html?utm_term=.96cf69607ee5 …";;@ @;# # #;"883488334068273154";https://twitter.com/sallyray5/status/883488334068273154
FoaRyan;2017-07-07 14:28;0;0;"What have you done to repeal Obamacare today? @ SenatorLankford @ InhofePress @ JimInhofe";;@ @ @;;"883392234405613570";https://twitter.com/FoaRyan/status/883392234405613570
OompaLoompaUSA;2017-07-07 13:02;0;0;"@ JimInhofe and @ ConawayTX11: profiting off of the illness of Americans. YOU are what is wrong with the GOP: NO moral compass. # Deathcare";;@ @;#;"883370623233380354";https://twitter.com/OompaLoompaUSA/status/883370623233380354
Ready2Grind;2017-07-07 11:21;0;0;"How's that inside trading working out with $100k stock purchase in United Healthcare? # crooks @ ConawayTX11 https://interc.pt/2tvfMan @ lhfang";;@ @;#;"883345205361094656";https://twitter.com/Ready2Grind/status/883345205361094656
RbtCooper;2017-07-07 11:15;0;0;"Keep Obamacare and force those dependent on it to experience the full force of its failure.";;;;"883343686666342400";https://twitter.com/RbtCooper/status/883343686666342400
OklahomaCheryl;2017-07-07 10:47;0;0;"@ SenatorLankford @ JimInhofe @ GOP Just say NO to # Trumpcare --Better only for the Wealthy. Can't say it better than Vox + denies women care.https://twitter.com/voxdotcom/status/883319714772127744 …";;@ @ @;#;"883336770573795329";https://twitter.com/OklahomaCheryl/status/883336770573795329
OklahomaCheryl;2017-07-07 10:43;0;0;"@ SenatorLankford @ JimInhofe @GOPHealthcare offers NO choice when premiums are unaffordable. We were promised everyone would have AFFORDABLE";;@ @ @GOPHealthcare;;"883335557803331585";https://twitter.com/OklahomaCheryl/status/883335557803331585
DunganBill;2017-07-07 10:33;0;0;"@ JimInhofe @ jameslankford @ RepJBridenstine I missed your # townhall meetings or Do you already know how # Oklahoma feel about # trumpcare NO";;@ @ @;# # #;"883333265213595648";https://twitter.com/DunganBill/status/883333265213595648
OklahomaCheryl;2017-07-07 09:09;0;0;"@ SenatorLankford @ JimInhofe Vote NO on Cruz Amendment; a scam to buy worthless insurance written in fine print. + Defend women's healthcare. https://twitter.com/make5calls/status/883294206780989441 …";;@ @;;"883312005171564544";https://twitter.com/OklahomaCheryl/status/883312005171564544
mpowerednetwork;2017-07-07 08:18;0;0;"@ SenatorLankford @ JimInhofe Why are you supporting Wealthcare? Why not support your constituents? Are you getting kickbacks? Vote NO https://twitter.com/npr/status/883295785080639488 …";;@ @;;"883299130990317568";https://twitter.com/mpowerednetwork/status/883299130990317568
jmc623;2017-07-07 01:01;0;0;"http://www.deathandtaxesmag.com/337034/republican-congressmen-are-investing-in-health-care-stock-for-some-reason/?amp=1 …";;;;"883189314846302208";https://twitter.com/jmc623/status/883189314846302208
jmc623;2017-07-07 01:01;0;0;"@ JimInhofe http://www.deathandtaxesmag.com/337034/republican-congressmen-are-investing-in-health-care-stock-for-some-reason/?amp=1 …";;@;;"883189252414099456";https://twitter.com/jmc623/status/883189252414099456
SusieHaynie;2017-07-06 23:29;0;0;"# FullRepeal! Say NO to Universal Healthcare! USA is too big for socialized medicine for all. Stand # UnitedForFreedom! # KeepThePromise!";;;# # #;"883165976694489088";https://twitter.com/SusieHaynie/status/883165976694489088
DrEBenge;2017-07-06 21:51;0;0;"Your only goal is to remove Obamacare. You and your GOP friends have no real plan to replace because you could not care less about Oklahoma.";;;;"883141426590208001";https://twitter.com/DrEBenge/status/883141426590208001
lazo_jenn;2017-07-06 21:41;0;0;"http://www.deathandtaxesmag.com/337034/republican-congressmen-are-investing-in-health-care-stock-for-some-reason/ …";;;;"883138859030134784";https://twitter.com/lazo_jenn/status/883138859030134784
lil_lilly001;2017-07-06 20:59;2;2;"http://www.deathandtaxesmag.com/337034/republican-congressmen-are-investing-in-health-care-stock-for-some-reason/ … You think you can do anything you want don't you? All about fattening your wallet huh?";;;;"883128325815902208";https://twitter.com/lil_lilly001/status/883128325815902208
billylee1950;2017-07-06 17:18;0;0;"@ JimInhofe Tell the truth, you defunded Obama care & now You want to replace it with NO care. Give us the same care you have! Stop Lying!";;@;;"883072722984734720";https://twitter.com/billylee1950/status/883072722984734720
DunganBill;2017-07-06 15:54;0;0;"@ JimInhofe @ jameslankford @ RepJBridenstine if you can supplement # flood insurance, why can't you supplement # healthcare # Trumpcare";;@ @ @;# # #;"883051655452930048";https://twitter.com/DunganBill/status/883051655452930048
OklahomaCheryl;2017-07-06 14:05;0;0;"@ SenatorLankford @ JimInhofe GOP asks Dems for healthcare fixes even @ HillaryClinton. Name Dems you are crossing aisle to work & dance with?https://twitter.com/HillaryClinton/status/882692842791063553 …";;@ @ @;;"883024036149813248";https://twitter.com/OklahomaCheryl/status/883024036149813248
mpowerednetwork;2017-07-06 12:41;0;0;"@ SenatorLankford @ JimInhofe Soooo gunshot victims will be considered as having a pre-existing condition? Why are you supporting Wealthcare?! https://twitter.com/business/status/883001634053394433 …";;@ @;;"883002890075373568";https://twitter.com/mpowerednetwork/status/883002890075373568
mpowerednetwork;2017-07-06 12:31;0;0;"@ SenatorLankford @ JimInhofe Are you still voting for Wealthcare?! Why? https://twitter.com/kaiserfamfound/status/882970646711607296 …";;@ @;;"883000509421977604";https://twitter.com/mpowerednetwork/status/883000509421977604
tommy4usa;2017-07-06 12:02;0;0;"# TaxReform should RAISE # PayrollTaxLimit to INCLUDE 100% of the TAx on 100% of Government Paychecks , Fund SS & # Medicare , DONT BARROW IT";;;# # #;"882993225631494145";https://twitter.com/tommy4usa/status/882993225631494145
tommy4usa;2017-07-06 11:58;0;0;"a dad makes $90k a Mom makes $90k YET a gov Funded Paycheck pays 1/2 of SS medicare Tax than a Gov Employee that makes $180K, its THEFT";;;;"882992098101915648";https://twitter.com/tommy4usa/status/882992098101915648
AbeMartin7;2017-07-06 11:48;0;1;"As an Oklahoma I expect you to know government ran healthcare is socialism.https://mobile.twitter.com/AbeMartin7/status/882987535223455744 …";;;;"882989649945399296";https://twitter.com/AbeMartin7/status/882989649945399296
sallyray5;2017-07-06 11:11;0;0;"More # GOPLies @ SenateGOP @ SenateMajLdr @ JohnCornyn @ tedcruz @ SenatorLankford @ JimInhofe # NoTrumpCare # VoteThemOut https://thinkprogress.org/cornyn-trumpcare-choosing-not-losing-24ad96f6ef8c …";;@ @ @ @ @ @;# # #;"882980205681356801";https://twitter.com/sallyray5/status/882980205681356801
sallyray5;2017-07-06 10:44;0;0;"Stop lying and # SaveOurCare @ SenateGOP @ SenateMajLdr @ SenatorLankford @ JimInhofe # GOPLies # NoTrumpCare https://mobile.nytimes.com/2017/07/03/us/politics/misleading-republican-claims-health-care.html?referer=https://t.co/JMRdI8B56m …";;@ @ @ @;# # #;"882973433818218496";https://twitter.com/sallyray5/status/882973433818218496
skarlet61;2017-07-06 10:27;0;1;"# KeepThePromise of # FullRepeal on socialized healthcare. # StopTheTaxation # UnitedForFreedom";;;# # # #;"882969170836570112";https://twitter.com/skarlet61/status/882969170836570112
mpowerednetwork;2017-07-06 08:59;0;0;"@ SenatorLankford @ JimInhofe Are you supporting Wealthcare?! Oklahoma https://twitter.com/amprog/status/882945728972181505 …";;@ @;;"882947163633979392";https://twitter.com/mpowerednetwork/status/882947163633979392
ccphenix;2017-07-05 14:27;0;0;"So I @ SenatorLankford (405)231-4941 & @ JimInhofe (405)608-4381 local offices & DC offices 2day OK you need totoo! # NoTrumpcare # resist";;@ @;# #;"882667330274283521";https://twitter.com/ccphenix/status/882667330274283521
frey_1;2017-07-05 12:51;1;0;"Look @predicted premium rate increase for OK @ SenatorLankford @ JimInhofe # WeSeeYou # WealthCare https://www.washingtonpost.com/graphics/2017/politics/obamacare-repeal-coverage-loss/?tid=sm_tw&utm_term=.860191cc1ffe#6 …";;@predicted @ @;# # #6;"882643129748381696";https://twitter.com/frey_1/status/882643129748381696
AARPOklahoma;2017-07-05 12:00;7;6;"Join Debbie & call 844-866-1425 & ask @ JimInhofe @ jameslankford 2 # VoteNo on the Sen Hxcare Bill. @ SeanVoskuhl @ AARPadvocates @ RMarkNicholspic.twitter.com/5st9k6tfQL";;@ @ @ @ @;#;"882630267663470597";https://twitter.com/AARPOklahoma/status/882630267663470597
yrdgnome;2017-07-05 11:50;0;0;"@ SenatorLankford @ JimInhofe @ TomColeOK04 If you're supporting the senate health care proposal, you're NOT listening!http://www.indystar.com/story/news/politics/2017/07/04/indiana-gop-asked-facebook-obamacare-horror-stories-responses-were-surprising/449586001/ …";;@ @ @;;"882627725906890752";https://twitter.com/yrdgnome/status/882627725906890752
sallyray5;2017-07-05 10:44;0;0;"Even Oklahomans don't like it. # NoTrumpCare @ JimInhofe @ SenatorLankford https://www.usatoday.com/story/news/politics/2017/06/28/suffolk-poll-obamacare-trump-senate-health-care-plan/103249346/ …";;@ @;#;"882611109198475265";https://twitter.com/sallyray5/status/882611109198475265
akeblay;2017-07-04 23:13;0;0;"Many of you have a decision to make, just like many voters will have a decision to make. Choose wisely or else. # twentyeighteen # saveourcare";;;# #;"882437249513603072";https://twitter.com/akeblay/status/882437249513603072
sallyray5;2017-07-04 22:44;0;0;"If we had known where they were going to be, they would've heard even more. @ JimInhofe @ SenatorLankford # NoTrumpCarehttps://www.washingtonpost.com/powerpost/at-parades-and-protests-senators-get-earful-about-health-care/2017/07/04/ab675938-5de2-11e7-9fc6-c7ef4bc58d13_story.html?hpid=hp_hp-top-table-main_congressfourth-830pm%3Ahomepage%2Fstory&utm_term=.ae735c039a1b …";;@ @;#;"882429906277236736";https://twitter.com/sallyray5/status/882429906277236736
sallyray5;2017-07-04 12:11;0;0;"This is a real concern and evil. @ SenateGOP @ SenateMajLdr @ SenatorLankford @ JimInhofe https://www.washingtonpost.com/blogs/plum-line/wp/2017/07/03/if-this-scam-works-as-planned-republicans-could-still-destroy-obamacare/?tid=sm_tw&utm_term=.20108df3500d …";;@ @ @ @;;"882270588760358912";https://twitter.com/sallyray5/status/882270588760358912
sallyray5;2017-07-04 12:04;0;0;"Truth. So stop with the # GOPLies @ SenateGOP @ SenateMajLdr @ SenatorLankford @ JimInhofe http://www.chicagotribune.com/business/columnists/ct-hiltzik-obamacare-20170703-story.html …";;@ @ @ @;#;"882268844240359427";https://twitter.com/sallyray5/status/882268844240359427
mnaeimi2;2017-07-04 10:00;0;0;"Okies are hurting due 2 u&Fallin gutting OK education and not expanding Medicaid; your plan hurts 20 million citizens & takes away Medicare!";;;;"882237570855223296";https://twitter.com/mnaeimi2/status/882237570855223296
mnaeimi2;2017-07-04 09:58;0;0;"u voted not to expand Medicaid for OK so they never got most benefit; u r helping millionaires and taking away Medicare on the sly as well!";;;;"882237199403499523";https://twitter.com/mnaeimi2/status/882237199403499523
RonLHelton;2017-07-03 13:42;0;0;"Full Repeal, No Deal. Let those who want start their own private healthcare exchanges. Enough stealing by the government.";;;;"881931254781927425";https://twitter.com/RonLHelton/status/881931254781927425
scjr14312;2017-07-03 11:46;4;1;". @ JimInhofe How are you going to replace all the health care jobs lost in Oklahoma, when 395,000 lose health care? Job killing bill. https://twitter.com/charles_gaba/status/880428549672501249 …";;@;;"881901995086548992";https://twitter.com/scjr14312/status/881901995086548992
refturner;2017-07-03 09:43;0;0;"Age 60 20K AGI would pay $6830 for # TrumpCare instead of $960 on ACA. @ SenatorLankford @ JimInhofe http://www.tulsaworld.com/homepagelatest/analysis-how-gop-health-care-bill-would-affect-oklahomans/article_2ff53f1a-9540-5237-9b65-46fb8807e2c2.html?utm_medium=social&utm_source=twitter&utm_campaign=user-share … via @ tulsaworld";;@ @ @;#;"881871014476603392";https://twitter.com/refturner/status/881871014476603392
refturner;2017-07-03 09:41;1;0;"See @ SenatorLankford & @ JimInhofe # TrumpCare would be disastrous for Oklahoma. http://www.tulsaworld.com/homepagelatest/analysis-how-gop-health-care-bill-would-affect-oklahomans/article_2ff53f1a-9540-5237-9b65-46fb8807e2c2.html …";;@ @;#;"881870472895483906";https://twitter.com/refturner/status/881870472895483906
CynthiaMTeague;2017-07-03 09:33;2;2;"Rural Oklahomans need more access to healthcare, not less. @ SenatorLankford @ JimInhofe @ InhofePress @ TomColeOK04https://twitter.com/nbcnewshealth/status/881666118519271425 …";;@ @ @ @;;"881868625925341184";https://twitter.com/CynthiaMTeague/status/881868625925341184
mpowerednetwork;2017-07-03 07:27;0;0;"@ SenatorLankford @ JimInhofe How would repealing ACA help those of us already on the ACA? Vote NO on Wealthcare.. Represent me https://twitter.com/cbsnews/status/881833219380965380 …";;@ @;;"881836764557701120";https://twitter.com/mpowerednetwork/status/881836764557701120
HollidayOkie;2017-07-02 21:54;0;0;"1) @ JimInhofe Boycotted Riding his N parade Wen Tulsa changed Name frm Christmas to Holiday Parade. Obviously He cares MORE about";;@;;"881692533511860224";https://twitter.com/HollidayOkie/status/881692533511860224
PhiloCook;2017-07-02 21:00;0;0;"@ JimInhofe Please don't vote for current healthcare bill that hurts older Oklahomans and self-employed. Gives to wealthy.";;@;;"881679073319067649";https://twitter.com/PhiloCook/status/881679073319067649
DYekcor;2017-07-02 19:18;0;1;"Maybe because we refused Medicare expansion and our legislators don't know how to balance a budget?";;;;"881653304224342020";https://twitter.com/DYekcor/status/881653304224342020
emyryly;2017-07-02 19:03;0;0;"Listen to your constituents @ SenatorLankford @ JimInhofe Oklahoma Candlelight Vigil to Save Healthcare. # ProtectOurCare # NoTrumpcare # Resisthttps://twitter.com/Alyndriel/status/880439419848851456 …";;@ @;# # #;"881649482525360129";https://twitter.com/emyryly/status/881649482525360129
3Sinnings;2017-07-02 17:01;0;2;"@ SenatorLankford & @ JimInhofe Repeal/replace is admission that in 8 years, the @ GOP couldn't come up w/healthcare plan. # lackofleadership";;@ @ @;#;"881618904203788288";https://twitter.com/3Sinnings/status/881618904203788288
AmerIndivis;2017-07-02 12:39;0;1;". @ SenatorLankford . @ JimInhofe Oklahomans are like the Texans in this story. We need more insurance, not less. Vote no on health care bill.";;@ @;;"881552915286171649";https://twitter.com/AmerIndivis/status/881552915286171649
Alyndriel;2017-07-02 11:14;1;3;"The people who know EXACTLY how complicated care is think # BCRA is dangerous. Vote NO. . @ SenatorLankford . @ JimInhofe # SaveOurCarehttps://twitter.com/greyrobedsr/status/881503812514664448 …";;@ @;# #;"881531649468575746";https://twitter.com/Alyndriel/status/881531649468575746
oufenix;2017-07-01 21:21;0;0;"Do you even care, @ SenatorLankford, @ JimInhofe???";;@ @;;"881321961070186496";https://twitter.com/oufenix/status/881321961070186496
gentlemindmom;2017-07-01 14:38;4;6;"don't tell them about women's bodies..we will all be made to have female circumcision..bad enough we scare them with period talk..";;;;"881220589331111936";https://twitter.com/gentlemindmom/status/881220589331111936
ahsoka2019;2017-07-01 13:47;1;3;"I truly hope you never have to watch someone you love die b/c of a vote that they didn't merit the care they needed. Til then, BLOCKED.pic.twitter.com/rcKhwaMb7g";;;;"881207575995351045";https://twitter.com/ahsoka2019/status/881207575995351045
carmmyers1;2017-07-01 11:28;0;0;"Romney care with a mandate seems to be working, which is what Obamacare was based on. Repubs want to undo Romney care or follow Romneycare";;;;"881172717193617409";https://twitter.com/carmmyers1/status/881172717193617409
OHarrysgirl922;2017-07-01 02:14;0;0;"@ JimInhofe "I don't know what (the healthcare bill) does, but I know it's better than Obamacare"? Oklahoma, this is the best you've got?!";;@;;"881033192924299264";https://twitter.com/OHarrysgirl922/status/881033192924299264
Mikethepinnut;2017-07-01 00:09;0;0;"@ JimInhofe # RepealObamacare # RepealObamacare # RepealObamacare # RepealObamacare";;@;# # # #;"881001792712192000";https://twitter.com/Mikethepinnut/status/881001792712192000
KimberlyNips1;2017-07-01 00:01;0;0;"@ gop @ SenateGOP @ SenateGOP @ HouseDemocrats @ SenateDems @ JimInhofe @ SenatorLankford # StandWithRand # HealthcareBill # Trump # FridayFeeling https://twitter.com/mitchellvii/status/880848210188804097 …";;@ @ @ @ @ @ @;# # # #;"880999861780439041";https://twitter.com/KimberlyNips1/status/880999861780439041
