flatoutfunny;2017-07-24 19:47;0;0;"McCain doesn't have a cap on his healthcare, why would you vote for Amercians to have a cap on their healthcare?";;;;"889633288536641537";https://twitter.com/flatoutfunny/status/889633288536641537
flatoutfunny;2017-07-24 19:46;0;0;"some dear folks fight for things that will actually hurt them. your job to do the right thing on healthcare. ACA needs repair, not repeal";;;;"889632839377072128";https://twitter.com/flatoutfunny/status/889632839377072128
flatoutfunny;2017-07-24 19:43;0;0;"Yes, Russia meddling and influencing our elections, big problem. Healthcare here at home needs fixed. Get together with Dems and governors.";;;;"889632070716317699";https://twitter.com/flatoutfunny/status/889632070716317699
Suhalper;2017-07-24 19:37;0;0;"@ MikeCrapo Remember who your constituents are and vote in their best interest for healthcare. thank you. Susan";;@;;"889630753444827137";https://twitter.com/Suhalper/status/889630753444827137
joshuahake;2017-07-24 18:44;0;0;"@ MikeCrapo Are you really listening to your constituents when you support taking away their healthcare?";;@;;"889617265724928002";https://twitter.com/joshuahake/status/889617265724928002
SaoirseMoore;2017-07-24 18:32;0;0;"@ mikecrapo @ jimrisch @ sentoddyoung @ senjoniernst @ senpatroberts @ jerrymoran VOTE NO on healthcare bill CONSTITUENTS FIRST";;@ @ @ @ @ @;;"889614360028557312";https://twitter.com/SaoirseMoore/status/889614360028557312
DawnCPierce;2017-07-24 18:23;0;0;"@ MikeCrapo @ SenatorRisch Please vote no on the senate healthcare bill! # ProtectOurCare";;@ @;#;"889611908520845316";https://twitter.com/DawnCPierce/status/889611908520845316
DanSmith112263;2017-07-24 17:49;1;1;"It would be even a happier birthday if the GOP found its moral compass again http://nymag.com/daily/intelligencer/2017/06/trumps-sabotage-of-obamacare-is-working.html …";;;;"889603545565077504";https://twitter.com/DanSmith112263/status/889603545565077504
DeeJargon;2017-07-24 16:29;0;0;". @ MikeCrapo . @ SenatorRisch Reminder that EVERY major medical org is opposed to repeal of # ACA # KillTrumpcare or blood will be on @ GOP handshttps://twitter.com/igorvolsky/status/889571899013050368 …";;@ @ @;# #;"889583319007887360";https://twitter.com/DeeJargon/status/889583319007887360
lbsal1121;2017-07-24 16:08;0;0;"@ MikeCrapo Pls. vote NO on healthcare bill that will hurt millions! Nd. bipartisan approach not @ realDonaldTrump bully pulpit!";;@ @;;"889578119526567941";https://twitter.com/lbsal1121/status/889578119526567941
teachingwildak;2017-07-24 15:51;0;0;"Remember this child when you vote tomorrow # mikecrapo families & children like him need affordable health care # protectourcarepic.twitter.com/C0RCk97RvV";;;# #;"889573754115727360";https://twitter.com/teachingwildak/status/889573754115727360
bjudy90;2017-07-24 15:20;0;0;"@ MikeCrapo @ SenatorRisch Please save healthcarehttps://twitter.com/sr_simone/status/889514670318657536 …";;@ @;;"889565922578513920";https://twitter.com/bjudy90/status/889565922578513920
seely_lori;2017-07-24 15:13;0;0;"At least he has healthcare! You cannot vote to take that away from millions of people";;;;"889564142406778882";https://twitter.com/seely_lori/status/889564142406778882
teddy4050;2017-07-24 14:44;0;0;"@ MikeCrapo Repeal Obamacare";;@;;"889557024635142145";https://twitter.com/teddy4050/status/889557024635142145
luckycfmom;2017-07-24 13:52;0;0;"@ MikeCrapo How can you ignore patient voices in the healthcare debate? # VoteNoBCRA # CFadvocacypic.twitter.com/UsAAPBWZpc";;@;# #;"889543800418213890";https://twitter.com/luckycfmom/status/889543800418213890
Kakistocracy15;2017-07-24 12:29;0;0;"@ SenShelby @ SenatorStrange @ SenDanSullivan @ JeffFlake @ JohnBoozman @ MikeCrapo GOP Leadership # Trumpcare # BCRA # ACAhttps://twitter.com/johnkasich/status/889522009264332804 …";;@ @ @ @ @ @;# # #;"889522814436376577";https://twitter.com/Kakistocracy15/status/889522814436376577
bobchandlercda;2017-07-24 12:28;0;0;"@ MikeCrapo how about we repeal Obamacare already!";;@;;"889522721377329152";https://twitter.com/bobchandlercda/status/889522721377329152
TheRealColinA;2017-07-24 11:41;0;3;"Any idea which # HealthcareBill you're voting on this week? Maybe stop with the birthday wishes and # DoYourJob. # countrybeforeparty";;;# # #;"889510833461612544";https://twitter.com/TheRealColinA/status/889510833461612544
Kakistocracy15;2017-07-24 10:36;0;0;"Don "Do or Die" healthcare # Trumpcare # BCRA # ACApic.twitter.com/sxkSGOYqbb";;;# # #;"889494455769812992";https://twitter.com/Kakistocracy15/status/889494455769812992
amberllab;2017-07-24 09:35;3;4;"ID is counting on YOU to protect our freedom @ MikeCrapo. Healthcare bill crafted in secret without public debate that takes away care? NO. pic.twitter.com/IIfr0bLEcz";;@;;"889479146526588928";https://twitter.com/amberllab/status/889479146526588928
IDMFABF;2017-07-24 09:14;5;5;"@ MikeCrapo- remember these kids? The cookies? # saveourcare # protectourcare # fixACA # dontrepealpic.twitter.com/2nGf8xzsFN";;@;# # # #;"889473778568183809";https://twitter.com/IDMFABF/status/889473778568183809
Megra158;2017-07-24 08:55;1;0;"@ MikeCrapo @ SenatorRisch # protectourcarehttps://twitter.com/nytimes/status/888383095820386304 …";;@ @;#;"889469158403919872";https://twitter.com/Megra158/status/889469158403919872
KirchmannLinda;2017-07-24 00:08;0;0;"@ SenateGOP @ SenatorRisch @ MikeCrapo VOTE NO on trumpcare! Read the bill! It's a bad bill! https://twitter.com/thinkprogress/status/888139678091792385 …";;@ @ @;;"889336518116085761";https://twitter.com/KirchmannLinda/status/889336518116085761
SolomonEnid;2017-07-23 23:48;0;0;"@ MikeCrapo Government represent EVERYONE and can create a healthcare bill that provides for everyone! if other countries can do it so can we";;@;;"889331464587837440";https://twitter.com/SolomonEnid/status/889331464587837440
SolomonEnid;2017-07-23 23:48;0;0;"@ MikeCrapo Remember this isn't about tax cuts and healthcare for just some people ,";;@;;"889331358975143936";https://twitter.com/SolomonEnid/status/889331358975143936
SolomonEnid;2017-07-23 23:47;0;0;"@ MikeCrapo SAVE affordable healthcare act. if cut millions of men women & children will lose healthcare and be hurt by this # raiseyourvoice";;@;#;"889331209997824000";https://twitter.com/SolomonEnid/status/889331209997824000
Plasstastic;2017-07-23 23:09;0;1;"I see you @ MikeCrapo & we aren't having any of this # wealthcare nonsense Give us what you've got or give us # SinglePayer Idahoans rise up!https://twitter.com/benwikler/status/889321002307596289 …";;@;# #;"889321591418404864";https://twitter.com/Plasstastic/status/889321591418404864
BrianBlakeley1;2017-07-23 22:15;0;0;"@ MikeCrapo @ SenatorRisch Idaho residents don't want you voting to reduce health care. Be a leader, not a follower. Vote no.";;@ @;;"889308020185776129";https://twitter.com/BrianBlakeley1/status/889308020185776129
Petrichor666;2017-07-23 21:30;0;0;"It's great @ SenJohnMcCain has great healthcare. Please don't take ours away!";;@;;"889296747192762368";https://twitter.com/Petrichor666/status/889296747192762368
teddy4050;2017-07-23 13:23;0;0;"@ MikeCrapo Repeal Obamacare attack the cost of Healthcare! That's what you promised that's what the voters want-is that clear enough?";;@;;"889174224669114370";https://twitter.com/teddy4050/status/889174224669114370
no1listened;2017-07-23 11:41;0;0;"By reinserting pre-existing condition, isn't McConnell healthcare bill directly harming future health of PTSD victims?";;;;"889148449899200513";https://twitter.com/no1listened/status/889148449899200513
silversdave;2017-07-23 11:10;0;0;"@ MikeCrapo @ SenatorRisch It's REAL # Russia Authorization or # Oligarchy type of government! A # Democratic affordable # HealthcareBill # RT";;@ @;# # # # #;"889140741708013573";https://twitter.com/silversdave/status/889140741708013573
justinalpertesq;2017-07-23 08:37;0;0;"/4 Take care of the family. Give him a life estate in the Tower, Southern WH, and Bedminster.";;;;"889102178232782848";https://twitter.com/justinalpertesq/status/889102178232782848
MDresk;2017-07-22 21:40;0;2;"Please work with the democrats on health care reform.";;;;"888936859480367104";https://twitter.com/MDresk/status/888936859480367104
Kakistocracy15;2017-07-22 17:21;0;0;"A new low in seeking a Trump Win. http://www.thedailybeast.com/senator-democrats-demand-info-from-hhs-about-its-anti-ocare-pr-campaign …pic.twitter.com/a7Zg5NgEx1";;;;"888871691190972416";https://twitter.com/Kakistocracy15/status/888871691190972416
amberllab;2017-07-22 15:55;2;2;"Following @ POTUS orders: @ MikeCrapo @ SenatorRisch Idahoans need health care. Consider single-payer as a humane and economic choice.https://twitter.com/thehill/status/888840340714770432 …";;@ @ @;;"888850054626156545";https://twitter.com/amberllab/status/888850054626156545
tnaseely;2017-07-22 11:41;0;0;"@ MikeCrapo PP provides healthcare to those who can't afford it. I was 1 of them. I have never had an abortion but I support women's choice.";;@;;"888786164290682880";https://twitter.com/tnaseely/status/888786164290682880
Kakistocracy15;2017-07-22 10:31;0;0;"@ SenShelby @ SenatorStrange @ SenDanSullivan @ JeffFlake @ JohnBoozman @ MikeCrapo If he cared abt healthcare, he'd work with Rs & Ds, not golf. https://twitter.com/kylegriffin1/status/888750565190242305 …";;@ @ @ @ @ @;;"888768416630362112";https://twitter.com/Kakistocracy15/status/888768416630362112
Cat_terBeauford;2017-07-21 19:32;0;0;"@ MikeCrapo tweeting from McCall, Idaho. Please. For the sake of your fellow Idahoans, please don't let Trump take our our health care!";;@;;"888542243774119936";https://twitter.com/Cat_terBeauford/status/888542243774119936
DanSmith112263;2017-07-21 14:57;0;0;"Thank you for the role you played in shooting Obamacare in the head & trying to make it look like suicidehttp://www.businessinsider.com/trump-is-funding-pr-campaign-undermine-obamacare-2017-7 …";;;;"888472953850953728";https://twitter.com/DanSmith112263/status/888472953850953728
theliens00;2017-07-21 13:37;0;0;"@ MikeCrapo Please vote No on healthcare repeal....fix what we've already got!";;@;;"888452950208544768";https://twitter.com/theliens00/status/888452950208544768
wendy16418783;2017-07-21 13:16;0;0;". @ MikeCrapo # KeepYourPromise and # RepealObamacare # FullRepeal # CleanRepeal";;@;# # # #;"888447664064307201";https://twitter.com/wendy16418783/status/888447664064307201
boxdorfbruce;2017-07-21 10:01;0;0;"@ MikeCrapo I urge you to support the “motion to proceed” to the Obamacare Repeal Reconciliation Act.";;@;;"888398415931068421";https://twitter.com/boxdorfbruce/status/888398415931068421
Kakistocracy15;2017-07-21 09:23;0;0;"@ SenShelby @ SenatorStrange @ SenDanSullivan @ JeffFlake @ JohnBoozman @ MikeCrapo # Trumpcare STILL doesn't add up for the American people. https://twitter.com/topherspiro/status/888386492749492224 …";;@ @ @ @ @ @;#;"888389026184663040";https://twitter.com/Kakistocracy15/status/888389026184663040
quarklll;2017-07-20 22:27;0;0;"@ MikeCrapo I urge you to support the “motion to proceed” to the Obamacare Repeal Reconciliation Act.";;@;;"888223767746498561";https://twitter.com/quarklll/status/888223767746498561
idazoni;2017-07-20 22:18;0;0;"@ MikeCrapo @ SenatorRisch, I hope you care enough about U.S. that you won't allow Trump to pardon anyone in Russia fiasco, especially family!";;@ @;;"888221541820841984";https://twitter.com/idazoni/status/888221541820841984
Arrowood_Gayle;2017-07-20 21:59;0;1;"Senator if this statement is true then you believe in good affordable healthcare. Doesn't everyone deserve the same";;;;"888216737631453184";https://twitter.com/Arrowood_Gayle/status/888216737631453184
abcpsych1;2017-07-20 21:23;0;0;"@ SenatorRisch @ MikeCrapo Don't care who you are beholden to, your constituents deserve affordable healthcare. All current plans hurt Idaho";;@ @;;"888207792321904641";https://twitter.com/abcpsych1/status/888207792321904641
DanSmith112263;2017-07-20 17:45;0;0;"Speaking of the need for reform, how about the morally bankrupt GOP?http://www.thedailybeast.com/team-trump-used-obamacare-money-to-run-ads-against-it?source=twitter&via=desktop …";;;;"888152874085228544";https://twitter.com/DanSmith112263/status/888152874085228544
IDMFABF;2017-07-20 17:07;0;1;"@ MikeCrapo @ SenatorRisch - vote no on healthcare bill where millions will lose their coverage. # protectourcare";;@ @;#;"888143285599875072";https://twitter.com/IDMFABF/status/888143285599875072
sergioDACED;2017-07-20 16:24;0;0;"@ MikeCrapo Outright Repeal of # Obamacare would be disastrous for Americans' # Healthcare, better to fix # ACA @ IdahoStatesman @ NRO # Trumpcare";;@ @ @;# # # #;"888132451683270656";https://twitter.com/sergioDACED/status/888132451683270656
Psychoman1976;2017-07-20 15:08;0;0;"What about fighting to repeal # Obamacare ?";;;#;"888113482918264833";https://twitter.com/Psychoman1976/status/888113482918264833
DanSmith112263;2017-07-20 13:38;0;0;"How about restoring $$ to Obamacarehttp://www.thedailybeast.com/team-trump-used-obamacare-money-to-run-ads-against-it?source=twitter&via=desktop …";;;;"888090733617586176";https://twitter.com/DanSmith112263/status/888090733617586176
IDMFABF;2017-07-20 09:48;2;3;"Repealing ACA w out replacement plan is not ok! Listen to your constituents! # protectourcare @ MikeCrapo @ SenatorRisch";;@ @;#;"888032858408800256";https://twitter.com/IDMFABF/status/888032858408800256
BusyBFarm;2017-07-20 09:09;0;1;"think they care?Theyhave shown themselves to be aligned with current admin.@every turn";;@every;;"888023011663597568";https://twitter.com/BusyBFarm/status/888023011663597568
SteveFirescobb;2017-07-20 09:08;0;1;"A GOPer talking about hateful acts, last I knew that's about all the GOP is capable of. How's the plan to remove health care from 32million?";;;;"888022923855790080";https://twitter.com/SteveFirescobb/status/888022923855790080
our_idaho;2017-07-20 08:51;0;0;"Budget office: Premiums would nearly double if Obamacare were repealed, @ MikeCrapo @ Raul_Labrador @ SenatorRisch http://money.cnn.com/2017/07/19/news/economy/senate-repeal-bill-cbo/index.html …";;@ @ @;;"888018490652631040";https://twitter.com/our_idaho/status/888018490652631040
our_idaho;2017-07-20 08:49;0;0;"Shame, Shame, Shame, 32 million more people would be uninsured under new Senate Obamacare repeal bill @ MikeCrapo http://money.cnn.com/2017/07/19/news/economy/senate-repeal-bill-cbo/index.html …";;@;;"888018082370789377";https://twitter.com/our_idaho/status/888018082370789377
MagniMD;2017-07-20 08:24;1;4;"Idaho docs, moms and kiddos say NO to Obamacare repeal. Health insurance SAVES LIVES. @ MikeCrapo @ SenatorRischpic.twitter.com/QqDrEtwaEO";;@ @;;"888011631027863552";https://twitter.com/MagniMD/status/888011631027863552
MagniMD;2017-07-20 08:13;0;1;"Senate's healthcare bill would leave 32 million without insurance. Show compassion and vote NO. @ SenatorRisch @ MikeCrapo @ CloseTheGapID";;@ @ @;;"888008982748479490";https://twitter.com/MagniMD/status/888008982748479490
SolomonEnid;2017-07-20 03:04;0;0;"@ MikeCrapo SAVE obamacare/afforable healthcare act. only replace if there is a plan that supports and provides for everyone! # raiseyourvoice";;@;#;"887931286349688833";https://twitter.com/SolomonEnid/status/887931286349688833
lbsal1121;2017-07-19 20:54;0;0;"@ MikeCrapo No New vote! Need bipartisan approach to healthcare! Don't let @ realDonaldTrump bully you! Healthcare rights for all!";;@ @;;"887838187963523074";https://twitter.com/lbsal1121/status/887838187963523074
LouisianaExpat;2017-07-19 20:46;0;0;"Health care and Trump's capitulation to Russia. Two MUCH more serious issues.";;;;"887836006375989252";https://twitter.com/LouisianaExpat/status/887836006375989252
amberllab;2017-07-19 17:43;2;1;"This can't be what you want for America, @ MikeCrapo. Go back to the table for transparent, bipartisan healthcare reform. # SavetheACAhttps://twitter.com/npr/status/887788467907956738 …";;@;#;"887790146426241025";https://twitter.com/amberllab/status/887790146426241025
Kakistocracy15;2017-07-19 17:39;0;0;"@ SenShelby @ SenatorStrange @ SenDanSullivan @ JeffFlake @ JohnBoozman @ MikeCrapo Cruz # Trumpcare is a healthcarEXIT & rates sky rocket!https://twitter.com/ajentleson/status/887786671521058817 …";;@ @ @ @ @ @;#;"887789010164297728";https://twitter.com/Kakistocracy15/status/887789010164297728
IDMFABF;2017-07-19 17:07;0;0;"@ SenatorRisch @ MikeCrapo REJECT health care repeal!";;@ @;;"887780976440492032";https://twitter.com/IDMFABF/status/887780976440492032
luke2109162;2017-07-19 12:44;0;0;"@ MikeCrapo Senator how is " Let Obamacare fail" responsible gov't? Please stop the madness of POTUS.";;@;;"887714896535633920";https://twitter.com/luke2109162/status/887714896535633920
seniorvoicesnw;2017-07-19 12:07;0;0;"Changes to Medicare should not be unchecked. Ask Congress to recapture authority over Medicare and repeal # IPAB! @ MikeCrapo";;@;#;"887705431518334980";https://twitter.com/seniorvoicesnw/status/887705431518334980
GreggHoush;2017-07-19 11:22;0;0;"@ MikeCrapo $765 billion per year lost in US healthcare system. Want to fix healthcare? Maybe start with this https://www.propublica.org/article/the-myth-of-drug-expiration-dates …";;@;;"887694207023972352";https://twitter.com/GreggHoush/status/887694207023972352
Plasstastic;2017-07-19 10:29;0;1;"@ JimRisch @ MikeCrapo Idahoans support Single-Payer! Oh but you cowboys don't care what we think...do you? # wealthcare # DontTreadOnMe";;@ @;# #;"887680718838480897";https://twitter.com/Plasstastic/status/887680718838480897
our_idaho;2017-07-19 10:29;0;2;"That it's so true it makes me smile. He doesn't want to talk about controversial issues. It scares him.";;;;"887680677142863876";https://twitter.com/our_idaho/status/887680677142863876
RozlynnDowner;2017-07-19 09:22;0;0;"# REPEALOBAMACARE completely as PROMISED! NO trumpcare! # UnitedforFreedom!";;;# #;"887663971431534592";https://twitter.com/RozlynnDowner/status/887663971431534592
ThunderOwlRose;2017-07-19 06:18;0;0;"@ MikeCrapo How about the idea of separation Medicaid out of the Obamacare repeal bill and put it in it's own bill.";;@;;"887617571368837121";https://twitter.com/ThunderOwlRose/status/887617571368837121
speedy4022;2017-07-18 22:27;0;0;"I encourage you to vote against the current healthcare bill no bailouts for insurance companies.The insurance companies are playing you.";;;;"887499103168417792";https://twitter.com/speedy4022/status/887499103168417792
faklc_coyle;2017-07-18 22:18;0;0;"@ MikeCrapo senate is disgusting u have your own ins which is evil try being on obamacare u need to lose ur job done with u";;@;;"887496919009841152";https://twitter.com/faklc_coyle/status/887496919009841152
our_idaho;2017-07-18 20:40;0;0;"Someone should remind Trump the president shouldn't let the health system fail, and it should be @ MikeCrapo # FixACAhttp://www.cnn.com/2017/07/18/politics/obamacare-fail-trump/index.html …";;@;#;"887472071575457792";https://twitter.com/our_idaho/status/887472071575457792
our_idaho;2017-07-18 20:36;0;0;"look to @ MikeCrapo & @ SenatorRisch to vote NO. McConnell calls for complete # ACA repeal, leaving millions w/o carehttp://www.cnn.com/2017/07/18/politics/mcconell-repreal-and-replace-obamacare-not-successful/index.html …";;@ @;#;"887471072353763328";https://twitter.com/our_idaho/status/887471072353763328
DznyGurl;2017-07-18 18:50;0;0;"How about a workable, bipartisan plan instead of saying "We have to go out and get more people elected that are Republicans"? # Healthcare";;;#;"887444603623817216";https://twitter.com/DznyGurl/status/887444603623817216
offgridfarmer;2017-07-18 14:23;0;1;"# Medicare4All please!";;;#;"887377266660917248";https://twitter.com/offgridfarmer/status/887377266660917248
Plasstastic;2017-07-18 13:48;0;0;"@ MikeCrapo @ JimRisch Need I remind you what side your bread is buttered? The # Wealthcare bill is & hurts # Idahoans Vote NO! Get to work!";;@ @;# #;"887368481695342592";https://twitter.com/Plasstastic/status/887368481695342592
MDresk;2017-07-18 13:11;0;0;"@ MikeCrapo gutting ACA? What about vulnerable seniors requiring nursing home care? What about our rural hospitals?";;@;;"887359197964189696";https://twitter.com/MDresk/status/887359197964189696
quinnperry;2017-07-18 11:43;0;0;"@ MikeCrapo, I know you care about the rights of citizens and servicemembers, I know you'll do the right thing when it comes to the CFPB rule pic.twitter.com/0GsA9DA7LO";;@;;"887336991380996096";https://twitter.com/quinnperry/status/887336991380996096
Kakistocracy15;2017-07-18 11:11;0;0;"As healthcare crumbles, so does our national security.pic.twitter.com/B7WDDimSmM";;;;"887329096694341634";https://twitter.com/Kakistocracy15/status/887329096694341634
IDMFABF;2017-07-18 08:13;0;0;"@ MikeCrapo @ SenatorRisch advocate 4 bipartisan approach 2 healthcare reform. Any plan to repeal w/out replacement is unacceptable";;@ @;;"887284112939077632";https://twitter.com/IDMFABF/status/887284112939077632
isjohnsgi;2017-07-18 07:17;0;0;"@ MikeCrapo Do not repeal the ACA!! it will cause suffering. It will cause anger @Congress. It will cause job loss in healthcare.";;@ @Congress;;"887270028088926208";https://twitter.com/isjohnsgi/status/887270028088926208
sidnuncio;2017-07-18 00:21;0;0;"We will continue to # Resist the deplorable trumpcare @ SenatorRisch @ MikeCrapo show a modicum of empathy and say no.";;@ @;#;"887165285945430017";https://twitter.com/sidnuncio/status/887165285945430017
amberllab;2017-07-17 23:28;1;2;"I hope that @ MikeCrapo @ SenatorRisch listen to @ SenJohnMcCain's sensible suggestion for how to approach healthcare reform. # ReturnToSanityhttps://twitter.com/SenJohnMcCain/status/887137766429134848 …";;@ @ @;#;"887152161456480257";https://twitter.com/amberllab/status/887152161456480257
MrsBSharps;2017-07-17 22:30;0;0;"@ RandPaul @ SenatorRisch @ MikeCrapo @ SenTedCruz If new Healthcare bill still has taxes and mandates, VOTE NO.";;@ @ @ @;;"887137521561358337";https://twitter.com/MrsBSharps/status/887137521561358337
Warc84;2017-07-17 21:34;0;0;"Take heed @ SenatorRisch and @ MikeCrapo .Uphold your promises and REPEAL Obamacare. Thank you @ SenMikeLeehttps://twitter.com/SenMikeLee/status/887107569445212161 …";;@ @ @;;"887123374027288577";https://twitter.com/Warc84/status/887123374027288577
buddystone;2017-07-17 21:15;0;0;". @ SenatorRisch @ MikeCrapo @ Raul_Labrador @ CongMikeSimpson 7 years chanting "Repeal & Replace." Reality: @ GOP # Trumpcare bill fails.";;@ @ @ @ @;#;"887118706844639232";https://twitter.com/buddystone/status/887118706844639232
RipCosell;2017-07-17 19:14;1;1;"There is no more hateful act than voting for the Republican healthcare plan. Cut the crap about kindness, support and respect.";;;;"887088076278816768";https://twitter.com/RipCosell/status/887088076278816768
willbearsmom;2017-07-17 19:02;1;4;"How much did it hurt to Tweet this graphic, @ FoxNews ? # SaveOurCare # MedicaidMatters # wealthcare @ SenatorRisch @ MikeCrapo Listen to us! https://twitter.com/FoxNews/status/886684803579432960 …";;@ @ @;# # #;"887085247455735808";https://twitter.com/willbearsmom/status/887085247455735808
misterrobot0001;2017-07-17 17:51;0;0;"H-care should be like buying a car or a microwave. Competition allows choices & lower costs. Single Payer won't! Look @the VA! Terrible!";;@the;;"887067353913143301";https://twitter.com/misterrobot0001/status/887067353913143301
misterrobot0001;2017-07-17 17:48;0;0;"This is a $ grab by the government & insurers to control prices. Only free markets & competition will drive down costs & make h-care better.";;;;"887066429308186626";https://twitter.com/misterrobot0001/status/887066429308186626
misterrobot0001;2017-07-17 17:46;0;0;"Did you watch this? Where does it say insurance companies decide who lives/dies? Cruz amendment calls for free market to exist w/ Obamacare.";;;;"887065876222050305";https://twitter.com/misterrobot0001/status/887065876222050305
amberllab;2017-07-17 16:37;0;0;"I'm sure the compassionate @ CongMikeSimpson agrees that healthcare is a human right, whether you are the governor or a child. # Idaho";;@;#;"887048563515023360";https://twitter.com/amberllab/status/887048563515023360
amberllab;2017-07-17 16:36;1;1;"I wish him a speedy recovery and hope @ MikeCrapo and @ SenatorRisch ensure @ ButchOtter and all Idahoans have the healthcare they deserve.https://twitter.com/scottlogankboi/status/887044644432785413 …";;@ @ @;;"887048274896486400";https://twitter.com/amberllab/status/887048274896486400
SchoolsRetooled;2017-07-17 16:35;0;0;"@ SaxbyChambliss @ SenDanCoats @ TomCoburn @ SenThadCochran @ SenBobCorker @ JohnCornyn @ MikeCrapo @ SenTedCruz https://www.facebook.com/notes/kathleen-t-wright/vote-no-on-senate-healthcare-bill/10154764935457944/?hc_location=ufi …";;@ @ @ @ @ @ @ @;;"887048060043481088";https://twitter.com/SchoolsRetooled/status/887048060043481088
amberllab;2017-07-17 16:20;1;1;"Are you going to justify these cuts to care to your constituents, @ SenatorRisch and @ MikeCrapo? https://www.vox.com/policy-and-politics/2017/7/17/15984264/map-uninsured-rate-state-by-state-senate-bill-bcra?utm_campaign=vox&utm_content=chorus&utm_medium=social&utm_source=twitter …";;@ @;;"887044320511094784";https://twitter.com/amberllab/status/887044320511094784
Plasstastic;2017-07-17 11:27;0;0;"@ MikeCrapo @ JimRisch We have an $8,000 deductible & you have decided it should increase? Your job is to fight for Idahoans. # wealthcare";;@ @;#;"886970511221075968";https://twitter.com/Plasstastic/status/886970511221075968
Rockchoppit;2017-07-17 03:49;0;0;"@ MikeCrapo @ SenatorRisch Truth to rumor U sponsor bill 4 Memorial to 10,000+ Americans GOP murders stripping ACA & Medicaid? # HealthcareBill";;@ @;#;"886855418869415936";https://twitter.com/Rockchoppit/status/886855418869415936
DeeJargon;2017-07-17 02:24;0;0;"@ MikeCrapo @ SenatorRisch @ ButchOtter Nothing about # BCRA will improve Americans' health care . @ CloseTheGapIDhttps://twitter.com/bv/status/886828488828825600 …";;@ @ @ @;#;"886834050580623360";https://twitter.com/DeeJargon/status/886834050580623360
willbearsmom;2017-07-16 16:27;3;5;"Your constituents want you to vote no! @ SenatorRisch @ MikeCrapo http://www.ktvb.com/news/politics/hundreds-rally-in-boise-against-health-care-bill/457097954 … @ maddow # riseup2017 # uvi # resist @ IndivisibleTeam";;@ @ @ @;# # #;"886683817007763456";https://twitter.com/willbearsmom/status/886683817007763456
willbearsmom;2017-07-16 16:23;0;0;"@ SenatorRisch @ MikeCrapo Your constituents want you to vote NO! http://www.idahostatesman.com/news/local/article161665243.html … @ maddow @ IndivisibleTeam # saveourcare # riseup2017";;@ @ @ @;# #;"886682835007946752";https://twitter.com/willbearsmom/status/886682835007946752
IDMFABF;2017-07-16 16:07;0;0;"Thank you @ KTVB for covering the Health Care March! @ SenatorRisch @ MikeCrapo http://ktvb.com/news/politics/hundreds-rally-in-boise-against-health-care-bill/457097954 …";;@ @ @;;"886678800490037249";https://twitter.com/IDMFABF/status/886678800490037249
IDMFABF;2017-07-16 16:05;0;0;"Thank you @ IdahoOnYourSide for your article on the Health Care March! @ SenatorRisch @ MikeCrapo http://www.kivitv.com/news/hundreds-march-for-health-care-in-boise …";;@ @ @;;"886678305130151936";https://twitter.com/IDMFABF/status/886678305130151936
IDMFABF;2017-07-16 16:02;0;1;"@ MikeCrapo @ SenatorRisch Have you seen @ realDonaldTrump job approval? http://abcnews.go.com/Politics/months-record-low-trump-troubles-russia-health-care/story?id=48639490 …";;@ @ @;;"886677397025640448";https://twitter.com/IDMFABF/status/886677397025640448
amberllab;2017-07-16 09:32;4;3;"Idaho's @ SenatorRisch and @ MikeCrapo should listen to their constituents loudly proclaim that cuts to care isn't what we want. # RiseUp2017https://twitter.com/ktvb/status/886466497589030913 …";;@ @;#;"886579203927298048";https://twitter.com/amberllab/status/886579203927298048
susan_shirkey;2017-07-16 07:41;1;1;". @ MikeCrapo Give all US Citizens access to the DC healthcare exchange. Health care access, coverage or cost not determined by zip code";;@;;"886551327538642944";https://twitter.com/susan_shirkey/status/886551327538642944
idahotammy;2017-07-16 00:49;0;1;"B4 u decide to vote for a useless healthcare change. U need to read the long range plan for ACA. Also the framework with ACA is solid. (3)";;;;"886447563456430081";https://twitter.com/idahotammy/status/886447563456430081
amberllab;2017-07-15 21:54;0;0;"Idahoans are reaching out to @ MikeCrapo and @ SenatorRisch : Medicaid matters. Protect our care.https://twitter.com/closethegapid/status/886373597136076800 …";;@ @;;"886403570785959936";https://twitter.com/amberllab/status/886403570785959936
rachelgoochey;2017-07-15 20:45;4;4;"Even my 6-year-old knows how terrible the BCRA is! Vote no! @ MikeCrapo @ SenatorRisch # healthcareisahumanright # protectourcarepic.twitter.com/40ybZjXVLt";;@ @;# #;"886386355076452352";https://twitter.com/rachelgoochey/status/886386355076452352
JBohhnhof;2017-07-15 20:21;0;0;"@ MikeCrapo Do the right thing, oppose trumpcare.";;@;;"886380186685415424";https://twitter.com/JBohhnhof/status/886380186685415424
taxmarchboise;2017-07-15 19:49;1;0;"100s of Idahoans came together today to ask @ MikeCrapo & @ SenatorRisch to vote NO on the BCRA and RISE UP for Healthcare!";;@ @;;"886372085315940352";https://twitter.com/taxmarchboise/status/886372085315940352
BetterIdaho;2017-07-15 19:41;4;6;"Hundreds of Idahoans took to the streets today to demand that @ SenatorRisch and @ MIkeCrapo vote # NOonBCRA and # RISEUP for # healthcare # idpol";;@ @;# # # #;"886370170746228736";https://twitter.com/BetterIdaho/status/886370170746228736
melaniefolwell;2017-07-15 18:39;22;27;"Hundreds of Idahoans took to the streets today to demand that @ SenatorRisch and @ MIkeCrapo vote # NOonBCRA and # RISEUP for # healthcarepic.twitter.com/sRkKRRiB5D";;@ @;# # #;"886354649795538944";https://twitter.com/melaniefolwell/status/886354649795538944
thenorthend;2017-07-15 18:21;4;7;"Photos of today's # DoNoHarm # Boise March for # Healthcare. Big turnout. Plz listen @ MikeCrapo # BRHC # Trumpcare via... http://fb.me/HLQX8gqb";;@;# # # # #;"886350113542610945";https://twitter.com/thenorthend/status/886350113542610945
willbearsmom;2017-07-15 17:28;0;2;"@ NationalNOW Awesome members of the SW Idaho NOW Chapter at Boise's Healthcare March. @ maddow @ JimRisch @ MikeCrapo # UVI # RiseUp2017 # Resistpic.twitter.com/18t4wPsh5B";;@ @ @ @;# # #;"886336610182221824";https://twitter.com/willbearsmom/status/886336610182221824
amberllab;2017-07-15 16:26;1;2;"@ MikeCrapo Hear Idahoans: No Medicaid cuts. No lifetime caps. Don't cut cost by cutting care. # RiseUp2017 # UVIpic.twitter.com/w0rtMCFgaG";;@;# #;"886321121338867712";https://twitter.com/amberllab/status/886321121338867712
SaraUU;2017-07-15 15:57;1;7;"ID March for Healthcare! @ MikeCrapo @ JimRisch # ProtectOurCare no medicaid caps, no lifetime limits-where is the better care? # riseup2017pic.twitter.com/gXmJpWw9a2";;@ @;# #;"886313696435122177";https://twitter.com/SaraUU/status/886313696435122177
amberllab;2017-07-15 13:37;0;1;"@ MikeCrapo Are you listening to your constituents? No ACA repeal. Healthcare for all. # UVI # RiseUp2017pic.twitter.com/SmGxh49LxB";;@;# #;"886278596766990336";https://twitter.com/amberllab/status/886278596766990336
amberllab;2017-07-15 13:27;0;1;"@ MikeCrapo No ACA repeal. Make healthcare work for everyone. Idaho needs Medicaid. # UVI # RiseUp2017pic.twitter.com/ltqCaK0xJt";;@;# #;"886275949293051904";https://twitter.com/amberllab/status/886275949293051904
sungloblue;2017-07-15 13:21;0;0;". @ MikeCrapo and @ SenatorRisch - these idahoans take time on their weekend to march in the heat for healthcare for allpic.twitter.com/5quiPWOQHK";;@ @;;"886274479243927552";https://twitter.com/sungloblue/status/886274479243927552
sungloblue;2017-07-15 12:50;0;1;". @ MikeCrapo and @ SenatorRisch - all these kind people want healthcare for more Idahoans, not less! Please vote "No"!pic.twitter.com/N3SFBYTcV2";;@ @;;"886266743781326848";https://twitter.com/sungloblue/status/886266743781326848
Kakistocracy15;2017-07-15 12:33;0;0;"WHOA! # Trumpcare Senate = worst care (From @ ASlavitt)pic.twitter.com/QfBvapVED5";;@;#;"886262432766754816";https://twitter.com/Kakistocracy15/status/886262432766754816
shrout_david;2017-07-15 12:26;0;0;"@ SenatorRisch @ MikeCrapo Do NOT vote for military trans gender surgeries! Waste of money. Don't put surgeries in healthcare bill either.";;@ @;;"886260574161469442";https://twitter.com/shrout_david/status/886260574161469442
EricaLindholdt;2017-07-15 12:10;2;5;"@ jaketapper truth! This soccer mom in ruby red Idaho cares a lot! And quite disgusted with @ MikeCrapo and @ SenatorRisch";;@ @ @;;"886256591523020801";https://twitter.com/EricaLindholdt/status/886256591523020801
KristenInIdaho;2017-07-15 11:40;2;2;"@ lisamurkowski @ DeanHeller @ JeffFlake @ MikeCrapo http://washingtonjournal.com/2017/06/26/six-nobel-prize-winning-economists-just-sent-brutal-letter-mcconnell-condemning-trumpcare-bill/ …";;@ @ @ @;;"886249106217156608";https://twitter.com/KristenInIdaho/status/886249106217156608
Kakistocracy15;2017-07-15 10:06;0;0;"Healthcare Heroes # BCRA https://youtu.be/OBwS66EBUcY";;;#;"886225488250884096";https://twitter.com/Kakistocracy15/status/886225488250884096
NonnaBlaine;2017-07-15 09:44;0;0;"@ JimRisch @ MikeCrapo Important reason to vote no on the "not healthcare" bill. https://twitter.com/arthurdelaneyhp/status/886207703458172928 …";;@ @;;"886220016160350208";https://twitter.com/NonnaBlaine/status/886220016160350208
BethAshworth5;2017-07-15 08:42;0;0;"When mental health care is obliterated by DumpCare can we just send them to your office? Idaho embarrassed by Crapo's GOP rich kick.";;;;"886204402171826176";https://twitter.com/BethAshworth5/status/886204402171826176
BethAshworth5;2017-07-15 08:22;1;1;"Support him and other vets by voting No on tax cut wrapped up as Healthcare bill! Put your words into action. People first.";;;;"886199322118950913";https://twitter.com/BethAshworth5/status/886199322118950913
lustiggirl;2017-07-15 04:40;0;0;"@ SenatorRisch @ MikeCrapo Nobody but racist republicans want this new "healthcare" bill. WTF is up with tax cut for the rich? WE ARE NOT DUMB";;@ @;;"886143324515483649";https://twitter.com/lustiggirl/status/886143324515483649
lustiggirl;2017-07-15 04:36;0;0;"@ SenatorRisch @ MikeCrapo You want to deny healthcare to over 20 million people just to spite @ BarackObama? Vote no for the new bill!";;@ @ @;;"886142457418719232";https://twitter.com/lustiggirl/status/886142457418719232
grizatlcp;2017-07-15 03:34;0;0;"It's down to the Mercers, the Kochs, Sheldon Adelson when they can wake him and the Putin gang. Nobody else wants this crap # Trumpcare";;;#;"886126886404800512";https://twitter.com/grizatlcp/status/886126886404800512
Outdoor22nerd;2017-07-15 01:00;0;0;"@ MikeCrapo Trumpcare should apply to everyone including you and your staff. If I have to suffer from this bill, so should you.";;@;;"886088114954948608";https://twitter.com/Outdoor22nerd/status/886088114954948608
KimWickstrum;2017-07-15 00:00;0;0;"@ MikeCrapo Repeal Obamacare and give us tax cuts as promised! Do it now while media is focused on Trump Jr";;@;;"886073019633762304";https://twitter.com/KimWickstrum/status/886073019633762304
DznyGurl;2017-07-14 23:51;0;0;". @ MikeCrapo @ SenatorRisch This is your chance to speak up for your constituents and be a hero...vote NO on the health care bill! # Trumpcare";;@ @;#;"886070570869080064";https://twitter.com/DznyGurl/status/886070570869080064
gkchumbley;2017-07-14 22:58;0;1;"And in light of the healthcare debacle.";;;;"886057284693970944";https://twitter.com/gkchumbley/status/886057284693970944
satyrpants;2017-07-14 22:13;0;0;"@ SenatorRisch & @ MikeCrapo 's office phones have full voicemail boxes because they're supporting a terrible, terrible healthcare bill. # weak";;@ @;#;"886046011088449536";https://twitter.com/satyrpants/status/886046011088449536
allemeier_r;2017-07-14 22:04;0;0;"Your support of # Trumpcare and deregulating silencers shows who you really are, just a tool for the wackos @ MikeCrapo. https://twitter.com/MikeCrapo/status/885190065626001415 …";;@;#;"886043853576450048";https://twitter.com/allemeier_r/status/886043853576450048
koolrisa;2017-07-14 21:47;0;1;"I HOPE you remember that when that awful healthcare act is voted on sir...";;;;"886039585498595328";https://twitter.com/koolrisa/status/886039585498595328
KirchmannLinda;2017-07-14 21:28;1;1;"@ SenateGOP @ SenatorRisch @ MikeCrapo VOTE NO! Or be forced to use trumpcare as your insurance! # NoAHCAhttps://twitter.com/brianschatz/status/885120685445718017 …";;@ @ @;#;"886034672559558657";https://twitter.com/KirchmannLinda/status/886034672559558657
KirchmannLinda;2017-07-14 20:44;0;0;"WTF! @ SenateGOP @ SenatorRisch @ MikeCrapo This health care bill should apply to you too! # NoAHCA VOTE NO!https://twitter.com/SenKamalaHarris/status/885964541133303810 …";;@ @ @;#;"886023572627521537";https://twitter.com/KirchmannLinda/status/886023572627521537
Erikka4Now;2017-07-14 20:19;0;0;"@ MikeCrapo @ JimRisch @ ToddYoungIN Please vote no on the healthcare bill. Please put your constituency & American citizens first. Thanks!";;@ @ @;;"886017365716197376";https://twitter.com/Erikka4Now/status/886017365716197376
Petrichor666;2017-07-14 19:35;0;1;"Could you please vote no on the healthcare bill? Work to fix the ACA!";;;;"886006364312551424";https://twitter.com/Petrichor666/status/886006364312551424
Petrichor666;2017-07-14 19:32;0;4;"So, kindness, support, and respect run deep in Idaho...please show that by voting no on the healthcare bill!";;;;"886005606330507264";https://twitter.com/Petrichor666/status/886005606330507264
TraciKrueger1;2017-07-14 16:41;0;0;"... So how can you vote yes on health care when you know nothing about what is good for us in Idaho@MikeCrapo Vote NO";;@MikeCrapo;;"885962452147384320";https://twitter.com/TraciKrueger1/status/885962452147384320
ccolbyrun;2017-07-14 14:57;0;2;"More hateful and harmful would be taking health care away from millions of Americans";;;;"885936242776395776";https://twitter.com/ccolbyrun/status/885936242776395776
kpstoia;2017-07-14 13:46;0;1;"how many vets will be hurt if you repeal Obamacare?";;;;"885918504033161216";https://twitter.com/kpstoia/status/885918504033161216
snowbrinkdb;2017-07-14 13:25;1;0;"Senate GOP Health Bill Would Raise Out-of-Pocket Costs in Every State @ SenatorRisch @ MikeCrapo # Trumpcare https://www.bloomberg.com/graphics/2017-gop-health-bill-premiums/ …";;@ @;#;"885913167645229057";https://twitter.com/snowbrinkdb/status/885913167645229057
DrJoeBentivegna;2017-07-14 12:57;0;0;"@ MikeCrapo @ crapo4senate @ SenatorRisch @ JimRisch # HealthcareBillhttps://www.youtube.com/watch?v=QQTX0DWonbE&t=16s …";;@ @ @ @;#;"885906112075227136";https://twitter.com/DrJoeBentivegna/status/885906112075227136
Kakistocracy15;2017-07-14 12:30;0;0;"CruzCare = HC cruise missile # Trumpcare # BCRA # AHCApic.twitter.com/RrcMBQKOOK";;;# # #;"885899192060846080";https://twitter.com/Kakistocracy15/status/885899192060846080
vegasfoodcoop;2017-07-14 11:11;0;0;"@ MikeCrapo When are the American people going to get some relief from the high cost of healthcare?";;@;;"885879449513639937";https://twitter.com/vegasfoodcoop/status/885879449513639937
kurtis17m;2017-07-14 10:33;0;1;". @ MikeCrapo Coverage isn't care! Keep fighting for # FullRepeal! # PJNET pic.twitter.com/4kX7AT2pgG # swampcreatures love # Rinocare";;@;# # # #;"885869825200857089";https://twitter.com/kurtis17m/status/885869825200857089
LizEClark;2017-07-14 10:04;0;0;". @ SenatorRisch @ MikeCrapo @ CongMikeSimpson @ Raul_Labrador Yet another request that you vote NO on impossibly CRUEL healthcare bill https://twitter.com/TopherSpiro/status/885823700842545156 …";;@ @ @ @;;"885862694162644992";https://twitter.com/LizEClark/status/885862694162644992
steve_k13;2017-07-14 09:11;0;0;"@ MikeCrapo @ SenatorRisch Again, I implore you to do what is right. Vote against this health care bill. It only helps the wealthy.";;@ @;;"885849228466987009";https://twitter.com/steve_k13/status/885849228466987009
RJGrandma;2017-07-14 09:11;0;0;"@ MikeCrapo @ JimRisch NO on the "so-called" health care bill. Both you and @ RaulLabrador4ID need to step back from this Admin. It is dirty!";;@ @ @;;"885849136787931136";https://twitter.com/RJGrandma/status/885849136787931136
KirchmannLinda;2017-07-13 21:40;0;0;"@ SenatorRisch @ MikeCrapo @ SenateGOP Vote NO on trumpcare! It's a terrible bill for the american people! # NoAHCAhttps://twitter.com/SenKamalaHarris/status/885552551059390464 …";;@ @ @;#;"885675353028558848";https://twitter.com/KirchmannLinda/status/885675353028558848
GeorgeSeybold;2017-07-13 21:32;0;0;"@ MikeCrapo please vote against the healthcare plan. A vote in favor loses my support for your role in Washington.";;@;;"885673308179410944";https://twitter.com/GeorgeSeybold/status/885673308179410944
BobWorthley;2017-07-13 21:29;0;0;"Call your Republican Senators & tell them u oppose the Republican's plan 2 give huge tax credits 2 the wealthy through their healthcare planpic.twitter.com/gxXIfyvo8X";;;;"885672476197269504";https://twitter.com/BobWorthley/status/885672476197269504
midge219;2017-07-13 21:20;0;0;"@ MikeCrapo https://www.americamagazine.org/politics-society/2017/07/10/senators-did-you-come-washington-take-health-care-sick-and-food-hungry …";;@;;"885670345293811712";https://twitter.com/midge219/status/885670345293811712
our_idaho;2017-07-13 20:57;0;1;"Here is what Idaho's Senator, Mike Crapo, thinks about the # GOP healthcare plan # BCRA. He is afraid to say he will vote away people's care.pic.twitter.com/HMqAqViEML";;;# #;"885664575005147137";https://twitter.com/our_idaho/status/885664575005147137
NanaMof5;2017-07-13 17:24;0;0;"@ MikeCrapo If u care abt Idaho u will NOT pass the current Hlth Bill. I know first hand the difference ACA made in r families life.";;@;;"885610984286687233";https://twitter.com/NanaMof5/status/885610984286687233
MikeJinID;2017-07-13 17:06;1;4;"Hey @KBOITV you know what would be news? How @ MikeCrapo and @ SenatorRisch feel about new version of # Trumpcare. Not a baby shower in Arkhttps://twitter.com/kboitv/status/885603490147348480 …";;@KBOITV @ @;#;"885606437115711488";https://twitter.com/MikeJinID/status/885606437115711488
mrs_robinson54;2017-07-13 15:35;0;0;"For once in your life don't be a partisan hack! Vote no on the health care bill.";;;;"885583414149001216";https://twitter.com/mrs_robinson54/status/885583414149001216
d1876o88;2017-07-13 15:25;0;0;"According to @ make5calls, Senator @ MikeCrapo (R-ID) is voting YES on Trumpcare. Let him know you oppose this!";;@ @;;"885580875211169794";https://twitter.com/d1876o88/status/885580875211169794
kolannom;2017-07-13 15:04;1;2;"@ MikeCrapo @ SenatorRisch please vote no on the Senate Health care bill. It will hurt Idahoans, especially children.";;@ @;;"885575733006839808";https://twitter.com/kolannom/status/885575733006839808
Danadug;2017-07-13 14:55;0;0;"@ MikeCrapo @ SenatorRisch trump(no)care. Don't go there. Vote NO. It's bad for # Idaho";;@ @;#;"885573487149989888";https://twitter.com/Danadug/status/885573487149989888
our_idaho;2017-07-13 14:47;0;1;"I would think the highest quality healthcare for all Idahoans would be important to you. Remember you work for Idaho.";;;;"885571286197391360";https://twitter.com/our_idaho/status/885571286197391360
MrsDMP13;2017-07-13 13:55;0;0;"@ MikeCrapo SUPPORT THE CRUZ PLAN TO REPEAL/REPLACE obamacare! IT's what WE, THE PEOPLE WANT!!!!";;@;;"885558436334895104";https://twitter.com/MrsDMP13/status/885558436334895104
FundacionEfrain;2017-07-13 13:05;0;0;"# ACA sold bill of goods # NEW # HealthcareBill @ MikeCrapo @ SenatorRisch @ SenDuckworth @ SenDonnelly @ SenJoniErnst @ ChuckGrassley @ JerryMoran";;@ @ @ @ @ @ @;# # #;"885545810947174400";https://twitter.com/FundacionEfrain/status/885545810947174400
simongomezv;2017-07-13 13:02;0;1;"The stop the @ GOP fight to take his healthcare away.";;@;;"885545011743518720";https://twitter.com/simongomezv/status/885545011743518720
our_idaho;2017-07-13 12:23;0;0;"Senate GOP releases new health bill with cheaper plans but leads coverage @ MikeCrapo @ SenatorRisch just # idpol # ACAhttp://www.cnn.com/2017/07/13/politics/senate-health-care-bill-ted-cruz-amendment/index.html …";;@ @;# #;"885535144555167744";https://twitter.com/our_idaho/status/885535144555167744
martysix250;2017-07-13 12:07;0;0;"Get OVER yourself. Who CARES about your juvenile tantrums. Do YOU, @ MikeCrapo @ SenPatRoberts @ ChuckGrassley http://www.cnn.com/2017/07/12/politics/trump-anger-health-care/index.html …";;@ @ @;;"885531162369814528";https://twitter.com/martysix250/status/885531162369814528
FundacionEfrain;2017-07-13 11:09;0;0;"# ACA affordable? # Bipartisan # HealthcareBill @ MikeCrapo @ JerryMoran @ SenPatRoberts @ SenAngusKing @ ChrisVanHollen @ SenatorCardin @ SenMarkey";;@ @ @ @ @ @ @;# # #;"885516576786665472";https://twitter.com/FundacionEfrain/status/885516576786665472
Kakistocracy15;2017-07-13 09:52;0;0;"@ senshelby @ senatorstrange @ SenDanSullivan @ JeffFlake @ JohnBoozman @ mikecrapo @ SenToddYoung @ joniernst @ SenPatRoberts # BCRA # Trumpcare # AHCApic.twitter.com/hQTzJSaRe4";;@ @ @ @ @ @ @ @ @;# # #;"885497046412779520";https://twitter.com/Kakistocracy15/status/885497046412779520
Juanita30460505;2017-07-13 09:16;0;0;"@ MikeCrapo RE: Healthcare. Please Senator, do not fund the ins com. Allow shopping healthcare across state linens. Thank you.";;@;;"885488027103109120";https://twitter.com/Juanita30460505/status/885488027103109120
313928Jon;2017-07-13 09:00;0;0;"@ MikeCrapo @ JamesRisch2 @ IdahoStatesman - it has to be a no vote on the crazy @ SenateGOP attempt to repeal & replace health care.";;@ @ @ @;;"885484153155616768";https://twitter.com/313928Jon/status/885484153155616768
vickyunderhill;2017-07-12 22:02;0;0;"@ TomCottonAR @ lutherstrange @ marcorubio @ MikeCrapo @ JimRisch Insist that McConnell repeal Obamacare! End filibusters & clotures!!!";;@ @ @ @ @;;"885318472007376896";https://twitter.com/vickyunderhill/status/885318472007376896
KirchmannLinda;2017-07-12 20:36;0;0;"Vote NO on trumpcare! @ SenatorRisch @ MikeCrapo https://twitter.com/SenFeinstein/status/885225741977346049 …";;@ @;;"885296794623672320";https://twitter.com/KirchmannLinda/status/885296794623672320
rey_lowe;2017-07-12 17:52;0;0;"Any time speech should be free, USA allows Act the fool anytime you want, but be careful the state might determine you crazy! # Dobbspic.twitter.com/rEfEG1Kdgn";;;#;"885255636593856512";https://twitter.com/rey_lowe/status/885255636593856512
LaurieBullard;2017-07-12 17:18;0;1;"No one approves of Trumpcare. Do not sell out your constituents. @ Raul_Labrador @ SenatorRisch @ MikeCrapo # 25thamendment # 25thAmendmentNow";;@ @ @;# #;"885246971283361792";https://twitter.com/LaurieBullard/status/885246971283361792
FundacionEfrain;2017-07-12 15:15;0;0;"# Bipartisan # HealthcareBill @ MazieHirono @ SenBrianSchatz @ MikeCrapo @ SenatorRisch @ SenDuckworth @ SenDonnelly @ SenJoniErnst @ ChuckGrassleyhttps://twitter.com/vickievignon/status/879470746577362944 …";;@ @ @ @ @ @ @ @;# #;"885215965650333697";https://twitter.com/FundacionEfrain/status/885215965650333697
SteveFirescobb;2017-07-12 13:46;0;3;"What's next on your agenda Mike? 1) Pretend tRump did nothing wrong? 2) Take health care away from 22 million? 3) Tax breaks for top 2%?";;;;"885193711826608129";https://twitter.com/SteveFirescobb/status/885193711826608129
FundacionEfrain;2017-07-12 11:27;0;0;"# HealthcareBill no chess match no politics as usual @ SenCoonsOffice @ SenBillNelson @ SenDavidPerdue @ MazieHirono @ SenBrianSchatz @ MikeCrapo";;@ @ @ @ @ @;#;"885158616831066112";https://twitter.com/FundacionEfrain/status/885158616831066112
katmai_bear;2017-07-12 09:45;0;0;"Norhing. At this point, they should send an honest letter telling me they don't care what I think. They work for big money and Trump only.";;;;"885133041210753024";https://twitter.com/katmai_bear/status/885133041210753024
Campaign4Kids;2017-07-12 08:06;0;0;"@ MikeCrapo Health Bill Would Threaten Care for Kids in Foster Care - Medium https://medium.com/voices4kids/health-bill-would-threaten-care-for-kids-in-foster-care-8b5951d4bcfd?source=userActivityShare-5108137b92f6-1499861008 … # DoNoHarm";;@;#;"885108072737329152";https://twitter.com/Campaign4Kids/status/885108072737329152
MichaelOakAllen;2017-07-12 06:59;0;0;"Why do you want to take 22 million Americans' health care and turn it into $100s of billions in tax handouts for the rich";;;;"885091119326998528";https://twitter.com/MichaelOakAllen/status/885091119326998528
our_idaho;2017-07-11 23:25;0;0;"Republicans, @ MikeCrapo & @ SenatorRisch, will vote Yes on # HealthcareBill despite the vast majority against it. http://www.cnn.com/2017/07/11/politics/senate-health-care-bill/index.html …";;@ @;#;"884976868629151744";https://twitter.com/our_idaho/status/884976868629151744
airwaving;2017-07-11 23:19;0;0;"@ MikeCrapo Trust you oppose "trump"care--or are you ok with massive losses in coverage for Idaho?";;@;;"884975387834556416";https://twitter.com/airwaving/status/884975387834556416
rey_lowe;2017-07-11 20:56;0;0;"Now your repeating self! It's ok # Obama # Clinton # Bush I think drove most out of their minds! Need help @ realDonaldTrump cares 4U # Tuckerpic.twitter.com/etIX1xRaPA";;@;# # # #;"884939490346905600";https://twitter.com/rey_lowe/status/884939490346905600
F_LandStander;2017-07-11 17:55;0;1;"Don't ram Trumpcare through while we're all distracted by the latest in the Trump-Russia saga!";;;;"884893922178121728";https://twitter.com/F_LandStander/status/884893922178121728
cliffiedog;2017-07-11 17:08;0;0;"@ MikeCrapo Support HR 676 Medicare-For-All - save at least 20,000 more lives than ACA Over 110 Democratic co-sponsors";;@;;"884882207780683776";https://twitter.com/cliffiedog/status/884882207780683776
RozlynnDowner;2017-07-11 16:19;0;0;"YOU'RE all going to be out since YOU won't listen! # CruzAmendment is the minimum! # REPEALObamacare completely! # UnitedforFreedom!";;;# # #;"884869805446189057";https://twitter.com/RozlynnDowner/status/884869805446189057
katmai_bear;2017-07-11 11:59;0;2;"@ MikeCrapo You make me sick. I am a hard working Idahoan who cares more about this country than you. # TrumpRussia";;@;#;"884804281718538240";https://twitter.com/katmai_bear/status/884804281718538240
EricaLindholdt;2017-07-11 11:57;0;0;"Thanks @ SenMarkey for your Trumpcare no vote. Sen Crapo lacks the integrity and compassion you have 4 ur constituents. Btw RUSSIA";;@;;"884803836870668288";https://twitter.com/EricaLindholdt/status/884803836870668288
buddystone;2017-07-11 11:18;0;1;"Very much so. And he will have many more if he continues to make sure # Trumpcare never becomes law. Cheers!";;;#;"884793933925982208";https://twitter.com/buddystone/status/884793933925982208
hdmtnryder;2017-07-11 08:43;0;0;"@ MikeCrapo @ SenatorRisch The Cruz-Lee Anendment would restore freedom to healthcare. Git 'er done!";;@ @;;"884755034201661440";https://twitter.com/hdmtnryder/status/884755034201661440
luckycfmom;2017-07-11 08:42;0;1;"https://youtu.be/QDL7Ynp6OuI  Shame on @ MikeCrapo for turning back on Idaho families by supporting crap healthcare bill. # cfadvocacy";;@;#;"884754887698927616";https://twitter.com/luckycfmom/status/884754887698927616
EricaLindholdt;2017-07-10 21:08;0;0;"@ MikeCrapo @ SenatorRisch big week ahead, boys. Looks like go time for health care and Russia. We get to see which side of history you're on";;@ @;;"884580129451630593";https://twitter.com/EricaLindholdt/status/884580129451630593
KirchmannLinda;2017-07-10 20:36;0;0;"@ SenatorRisch @ MikeCrapo vote No on trumpcare! # NoTrumpCarehttps://twitter.com/chrislhayes/status/884479470119333888 …";;@ @;#;"884572131459297280";https://twitter.com/KirchmannLinda/status/884572131459297280
barkster21;2017-07-10 14:37;1;0;". @ senatorrisch @ mikecrapo # RepealNow # ReplaceLater # Trump/ # RandPaul agree [http://thehill.com/blogs/blog-briefing-room/news-other-administration/340200-trump-repeal-obamacare-now-replace-it … # Congress # tweetcongress # ObamaCare # ACA";;@ @;# # # # # # # #;"884481681251545090";https://twitter.com/barkster21/status/884481681251545090
arp_patriot;2017-07-10 11:43;0;0;"@ MikeCrapo Senator, please get SOMETHING passed to end Obamacare. Support POTUS, thats it. Then do tax reform/cuts!!!";;@;;"884438014801264641";https://twitter.com/arp_patriot/status/884438014801264641
RealCarmel;2017-07-09 16:36;0;0;"@ MikeCrapo @ JimRisch # opposeTrumpcare # notoCruzcare # readthereviewshttps://twitter.com/aslavitt/status/883045598756315137 …";;@ @;# # #;"884149156993945600";https://twitter.com/RealCarmel/status/884149156993945600
finbarvano;2017-07-09 15:33;4;8;"@ MikeCrapo just gonna sit around while # Trump takes away our # healthcare & sells out to # Russia ? # WTFComrade";;@;# # # #;"884133510696632320";https://twitter.com/finbarvano/status/884133510696632320
AnnaHillThinks;2017-07-09 12:31;0;0;"@ SenatorRisch @ MikeCrapo I am an Idahoan and I oppose the senate healthcare bill. # HealthcareBill # wrongforidaho # wrongforUSA";;@ @;# # #;"884087578143502337";https://twitter.com/AnnaHillThinks/status/884087578143502337
EricaLindholdt;2017-07-09 11:18;0;2;"wishing you would vote No on Healthcare farce. Wishing you would do something about a pres working w/ hackers.";;;;"884069222225072129";https://twitter.com/EricaLindholdt/status/884069222225072129
IdahoFeminist;2017-07-08 14:44;0;0;"# cookiesforcrapo # momsformedicaid # trumpcare # wealthcare";;;# # # #;"883758709481938944";https://twitter.com/IdahoFeminist/status/883758709481938944
Kat_Don;2017-07-07 23:14;0;0;"@ MikeCrapo @ SenatorRisch Idaho does not want Trumpcare! Fix ACA instead https://twitter.com/topherspiro/status/883494097293635585 …";;@ @;;"883524722817810432";https://twitter.com/Kat_Don/status/883524722817810432
amberllab;2017-07-07 22:28;0;0;"Idahoans want to ensure we continue to have health care, @ MikeCrapo. # cookieswithcrapo # momsformedicaid # SaveOurCare # haveaheartsenatorhttps://twitter.com/KBSX915/status/883382417502879745 …";;@;# # # #;"883513156105945088";https://twitter.com/amberllab/status/883513156105945088
our_idaho;2017-07-07 20:05;0;0;". @ MikeCrapo @ Raul_Labrador @ CongMikeSimpson @ SenatorRisch, do this. McConnell's remarks to prop up # Obamacare # ACAhttp://www.cnn.com/2017/07/07/politics/mitch-mcconnell-bipartisan-health-care/index.html …";;@ @ @ @;# #;"883477182747508737";https://twitter.com/our_idaho/status/883477182747508737
taxmarchboise;2017-07-07 14:04;2;3;"Sorry you missed it @ MikeCrapo http://boisestatepublicradio.org/post/idaho-moms-serve-milk-cookies-and-health-care-critique#stream/0 …";;@;#stream;"883386292301516800";https://twitter.com/taxmarchboise/status/883386292301516800
flyoveridaho;2017-07-07 13:38;0;0;"I agree. Let's just vote to repeal Obama care and be done with it!";;;;"883379690278232065";https://twitter.com/flyoveridaho/status/883379690278232065
kurtis17m;2017-07-07 11:39;0;0;". @ MikeCrapo Coverage isn't care! Keep fighting for # FullRepeal! # PJNETpic.twitter.com/4kX7AT2pgG";;@;# #;"883349693673033728";https://twitter.com/kurtis17m/status/883349693673033728
FABarnhill;2017-07-07 11:20;0;1;"Will have a web post up in a couple hours if you care to share it.";;;;"883344896706306049";https://twitter.com/FABarnhill/status/883344896706306049
ladufurrena;2017-07-07 11:12;2;5;"Thx to @ KBSX915 + @ FABarnhill for coverage of yesterday's Mom-In For Healthcare at @ MikeCrapo's office. Very . # haveaheart # momsformedicaid";;@ @ @;# #;"883343034271711233";https://twitter.com/ladufurrena/status/883343034271711233
SamSandmire;2017-07-07 10:43;1;1;"Mom-In @ mikecrapo's office. @ maddow @ maddowblog # idpol # healthcarebill http://www.idahostatesman.com/news/state/article159970669.html …";;@ @ @;# #;"883335671191969792";https://twitter.com/SamSandmire/status/883335671191969792
sbeer23;2017-07-07 10:06;0;0;"@ MikeCrapo I hope you re-think your support of the proposed health care bill";;@;;"883326440497758210";https://twitter.com/sbeer23/status/883326440497758210
sungloblue;2017-07-06 21:23;0;1;"When Moms, kids in tow, have to camp out in a Senator's office to support basic healthcare, the Senator must reconsider his/her vote, right?";;;;"883134284516646913";https://twitter.com/sungloblue/status/883134284516646913
allemeier_r;2017-07-06 20:28;0;0;"Thx 2 @ SenatorRisch & @ MikeCrapo for not giving a shit about healthcare for Idaho & putting @ realDonaldTrump first. U R part of the problem.";;@ @ @;;"883120601573052417";https://twitter.com/allemeier_r/status/883120601573052417
taxmarchboise;2017-07-06 18:44;3;2;"Go Boise Moms! # protectourcare. http://www.idahostatesman.com/news/state/article159970669.html …. @ MikeCrapo @ maddow";;@ @;#;"883094388695416832";https://twitter.com/taxmarchboise/status/883094388695416832
amberllab;2017-07-06 18:43;1;1;"Idahoans are talking is @ MikeCrapo listening? # cookieswithcrapo # momsformedicaid # SaveOurCare # haveaheartsenator https://www.boiseweekly.com/boise/mom-in-at-idaho-sen-crapos-office-keeps-heat-on-healthcare-bill/Content?oid=5803501 …";;@;# # # #;"883094145731936256";https://twitter.com/amberllab/status/883094145731936256
DeeJargon;2017-07-06 18:33;1;2;"Thanks # Boise Moms for a Better Future" for advocating # healthcare for moms & babies! @ MikeCrapo NO on # BCRA # idpol http://www.idahostatesman.com/news/politics-government/state-politics/article159990244.html …";;@;# # # #;"883091452712017921";https://twitter.com/DeeJargon/status/883091452712017921
melaniefolwell;2017-07-06 18:29;0;0;"@ MikeCrapo we need to talk. https://m.boiseweekly.com/boise/mom-in-at-idaho-sen-crapos-office-keeps-heat-on-healthcare-bill/Content?oid=5803501 …";;@;;"883090472381448192";https://twitter.com/melaniefolwell/status/883090472381448192
DanSmith112263;2017-07-06 18:28;0;2;"Gosh, it's almost like Americans prefer healthcare for the poor to tax cuts for billionaireshttp://thehill.com/policy/healthcare/340890-mcconnell-signals-doubts-about-obamacare-vote …";;;;"883090326809980928";https://twitter.com/DanSmith112263/status/883090326809980928
buddystone;2017-07-06 18:26;0;0;"Comes down to massive tax break for the rich. @ MikeCrapo @ SenatorRisch Meanwhile, @ Raul_Labrador says healthcare isn't a basic human right.https://twitter.com/npoppino/status/883087880876212224 …";;@ @ @;;"883089900018388993";https://twitter.com/buddystone/status/883089900018388993
SpiritedIdeals;2017-07-06 18:11;0;0;"@ MikeCrapo I heard you guys were out of ideas and were seeking assistance. Here you go! https://theysaythepenismightier.com/2017/07/06/healthcare-what-would-a-working-alternative-look-like/ …";;@;;"883085981649297408";https://twitter.com/SpiritedIdeals/status/883085981649297408
willbearsmom;2017-07-06 17:40;2;2;"@ MikeCrapo More Press. Moms won't stop. # ProtectOurCare # NoHearingNoVote # resistTrump # healthcare not # wealthcarehttps://www.boiseweekly.com/boise/mom-in-at-idaho-sen-crapos-office-keeps-heat-on-healthcare-bill/Content?oid=5803501 …";;@;# # # # #;"883078314281324545";https://twitter.com/willbearsmom/status/883078314281324545
taxmarchboise;2017-07-06 15:45;4;6;"Moms host a sit in @ MikeCrapo office today! # saveourcare # cookieswithcrapo # haveaheartsenator # nototrumpcare @ maddowpic.twitter.com/AgFuiXCLMI";;@ @;# # # #;"883049246244585472";https://twitter.com/taxmarchboise/status/883049246244585472
willbearsmom;2017-07-06 15:34;3;4;"@ MikeCrapo We need you to stand up and listen to your constituents. # SaveOurCare # NoHearingNoVote # ResistTrumphttp://idahonews.com/news/local/moms-children-use-milk-and-cookies-to-protest-health-care-bill-at-sen-crapos-office …";;@;# # #;"883046578990272512";https://twitter.com/willbearsmom/status/883046578990272512
amberllab;2017-07-06 15:09;0;1;"Kids don't want to spend their summers at @ MikeCrapo pleading for the healthcare that keeps them alive # cookieswithcrapo # haveaheartsenatorpic.twitter.com/AYhjmWhsCA";;@;# #;"883040308312788997";https://twitter.com/amberllab/status/883040308312788997
willbearsmom;2017-07-06 14:53;4;7;"@ MikeCrapo Moms aren't going away. # SaveOurCare # NoHearingNoVote # Resist # healthcare not # wealthcare # idpolpic.twitter.com/6sRgltljW2";;@;# # # # # #;"883036224059047936";https://twitter.com/willbearsmom/status/883036224059047936
BetterIdaho;2017-07-06 14:39;4;6;"These Idahoans came to @ MikeCrapo's office for a "mom-in." The ask: protect our care. See our livestream at https://www.facebook.com/betteridaho/ pic.twitter.com/uwfp819VY7";;@;;"883032656564203520";https://twitter.com/BetterIdaho/status/883032656564203520
willbearsmom;2017-07-06 13:56;3;4;"@ MikeCrapo Children have taken over your office w/ cookies to tell you they need # healthcare not # wealthcare # SaveOurCare # nohearingnovotepic.twitter.com/zmX1t3tDsl";;@;# # # #;"883021804511543296";https://twitter.com/willbearsmom/status/883021804511543296
amberllab;2017-07-06 13:37;0;0;"@ MikeCrapo staff says they don't need cookies and want us to leave # cookieswithcrapo # momsformedicaid # saveourcare # haveaheartsenatorpic.twitter.com/D5dw8iu5nd";;@;# # # #;"883017043083014144";https://twitter.com/amberllab/status/883017043083014144
thenorthend;2017-07-06 13:28;0;1;"# Boise # Idaho # healthcare protest at Senator @ MikeCrapo's office. @ IndivisibleID @ UAIdaho # indvisible # trumpcare # BHCR # resisthttps://twitter.com/davlinnews/status/883012021687472128 …";;@ @ @;# # # # # # #;"883014879447101440";https://twitter.com/thenorthend/status/883014879447101440
amberllab;2017-07-06 13:17;0;0;"Moms want the best for all kids, @ MikeCrapo # cookieswithcrapo # momsformedicaid # saveourcare # haveaheartsenatorhttps://twitter.com/davlinnews/status/883010711890284545 …";;@;# # # #;"883012093196124160";https://twitter.com/amberllab/status/883012093196124160
davlinnews;2017-07-06 13:16;3;2;"Protesters sharing health care stories and asking for a face-to-face meeting with Sen. Crapo before he makes final decision on bill. # idpol";;;#;"883011794532352000";https://twitter.com/davlinnews/status/883011794532352000
davlinnews;2017-07-06 12:53;18;25;"Families gathering at Sen. @ MikeCrapo's Boise office to deliver cookies and milk, ask him to reconsider supporting health care bill. # idpol";;@;#;"883005938059190272";https://twitter.com/davlinnews/status/883005938059190272
amberllab;2017-07-06 12:09;0;1;"These cookies contain nuts gluten and love. Hope @ MikeCrapo loves then! # cookieswithcrapo # momsformedicaid # saveourcare # haveaheartsenatorpic.twitter.com/RqGdFhnxtW";;@;# # # #;"882994894737817602";https://twitter.com/amberllab/status/882994894737817602
CloseTheGapID;2017-07-06 11:45;2;2;"The Senate # healthcare bill will hurt Idahoans. @ MikeCrapo @ SenatorRisch @ CongMikeSimpson # ProtectOurCarepic.twitter.com/2WzlVnfllW";;@ @ @;# #;"882988827828248577";https://twitter.com/CloseTheGapID/status/882988827828248577
amberllab;2017-07-06 11:35;0;0;"Ready to deliver cookies to @ MikeCrapo # cookieswithcrapo # momsformedicaid # saveourcare # haveaheartsenator @ KTVB @KBOITV @ IdahoOnYourSidepic.twitter.com/dfK2ibrLfQ";;@ @ @KBOITV @;# # # #;"882986315075133440";https://twitter.com/amberllab/status/882986315075133440
FundacionEfrain;2017-07-05 13:42;0;0;"@ SenCoonsOffice @ SenBillNelson @ SenDavidPerdue @ MazieHirono @ SenBrianSchatz @ MikeCrapo @ SenatorRisch End # 7yearsBadLuck # Repeal # Obamacare";;@ @ @ @ @ @ @;# # #;"882655940847304705";https://twitter.com/FundacionEfrain/status/882655940847304705
nedmiller;2017-07-05 12:53;0;0;"@ MikeCrapo Will you please not vote for the awful # GOPHealthcare bill which will hurt many of the most vulnerable peopl of Idaho?";;@;#;"882643527737409538";https://twitter.com/nedmiller/status/882643527737409538
akeblay;2017-07-04 23:13;0;0;"Many of you have a decision to make, just like many voters will have a decision to make. Choose wisely or else. # twentyeighteen # saveourcare";;;# #;"882437249513603072";https://twitter.com/akeblay/status/882437249513603072
howeaboutsports;2017-07-04 23:01;0;0;". @ MikeCrapo care to explain? Will pussyfooting Idaho media ask?? @ KTVB @ IdahoStatesmanhttps://twitter.com/sarahlsmith677/status/870005201008066560 …";;@ @ @;;"882434171699814400";https://twitter.com/howeaboutsports/status/882434171699814400
howeaboutsports;2017-07-04 22:58;0;0;"Hey @ MikeCrapo care to explain your oil money? @ KTVB @ KMVTNewshttps://twitter.com/sarahlsmith677/status/870004884883480576 …";;@ @ @;;"882433453743980544";https://twitter.com/howeaboutsports/status/882433453743980544
airwaving;2017-07-04 22:11;0;0;"@ MikeCrapo Do not forget them: http://time.com/money/4699647/gop-health-care-plan-veterans/ …";;@;;"882421721248268293";https://twitter.com/airwaving/status/882421721248268293
FundacionEfrain;2017-07-04 22:03;0;0;"# Patriots 4 # Healthcarebill R U 1 @ SenDavidPerdue @ MazieHirono @ SenBrianSchatz @ MikeCrapo @ SenatorRisch @ SenDuckworth @ SenDonnelly";;@ @ @ @ @ @ @;# #;"882419635320180736";https://twitter.com/FundacionEfrain/status/882419635320180736
amberllab;2017-07-04 15:46;0;0;"@ MikeCrapo a potent reminder to you on this day we celebrate freedom. Idahoans need the freedom to choose health care from @ PPFA @ PPVNHhttps://twitter.com/ppact/status/882323631556218881 …";;@ @ @;;"882324748461457408";https://twitter.com/amberllab/status/882324748461457408
EricaLindholdt;2017-07-04 11:23;0;4;"and to you. I hope this Fourth you are thinking about how this health care bill will effect your Idaho constituents.";;;;"882258596402151424";https://twitter.com/EricaLindholdt/status/882258596402151424
FundacionEfrain;2017-07-04 08:52;0;0;"@ ChrisMurphyCt @ SenBlumenthal @ SenatorCarper @ SenCoonsOffice @ SenBillNelson @ MikeCrapo @ MazieHirono # HealthcareBill # American as # applepie";;@ @ @ @ @ @ @;# # #;"882220681450192897";https://twitter.com/FundacionEfrain/status/882220681450192897
melaniefolwell;2017-07-03 18:05;0;3;"I love Idaho, too, and...say, do you have a minute to talk healthcare for thousands of Idahoans? I'm out of office but will make time for it";;;;"881997386293301252";https://twitter.com/melaniefolwell/status/881997386293301252
DanSmith112263;2017-07-03 16:36;0;0;"POTUS #45, meet # 25thAmendmentNow. Trumpcare is everything wrong with America.";;;#45 #;"881974943008919552";https://twitter.com/DanSmith112263/status/881974943008919552
AlanPartridgeII;2017-07-02 11:39;0;2;"I'm sure they will release a carefully worded statement in 3 days saying it is "concerning" and then do fuck all, as usual.";;;;"881537941402603521";https://twitter.com/AlanPartridgeII/status/881537941402603521
goattrails;2017-07-02 09:43;0;1;"Idaho join the states that care to protect their citizens from bogus voting takeover by DJT's regime.";;;;"881508527683977216";https://twitter.com/goattrails/status/881508527683977216
TaraSkye12;2017-07-02 02:49;0;0;"@ MikeCrapo Senator Crapo, as a resident of Idaho I urge you to do the right thing and VOTE NO on # BCRAhttp://www.businessinsider.com/cbo-score-senate-republican-healthcare-bill-trumpcare-2017-6 …";;@;#;"881404565198962688";https://twitter.com/TaraSkye12/status/881404565198962688
DanSmith112263;2017-07-01 23:05;0;0;"Here's wishing that the poor, elderly, & veterans had healthcare instead of 400 billionaires getting a tax cut to buy an extra yacht.";;;;"881348027914571776";https://twitter.com/DanSmith112263/status/881348027914571776
amberllab;2017-07-01 22:57;0;0;"@ MikeCrapo Idahoans need healthcare solutions, not setbacks. The BCRA takes Idaho backwards. # DontHurtIdaho";;@;#;"881346084110569472";https://twitter.com/amberllab/status/881346084110569472
kurtis17m;2017-07-01 22:52;0;0;". @ MikeCrapo We were promised # FullRepeal not Obamacare 2.0. Plse deliver! # PJNETpic.twitter.com/k8SJeOWrxS";;@;# #;"881344734903451648";https://twitter.com/kurtis17m/status/881344734903451648
sunbeltgirl;2017-07-01 20:44;4;1;". @ MikeCrapo Coverage isn't care! Keep fighting for # FullRepeal! # PJNETpic.twitter.com/9rc2B2eemx";;@;# #;"881312630606110720";https://twitter.com/sunbeltgirl/status/881312630606110720
Mittineague;2017-07-01 15:05;0;0;". @ MikeCrapo @ SenatorRisch @ SenDuckworth Please consign # BCRA to the trash heap Get serious and fix # ACA or # singlepayer # MedicareForAll";;@ @ @;# # # #;"881227247822045185";https://twitter.com/Mittineague/status/881227247822045185
GoddessRN10;2017-07-01 12:06;0;1;"Why don't you say something substantial. Healthcare, Trump behavior, human rights. One more birthday wish ?? Really??";;;;"881182171158859780";https://twitter.com/GoddessRN10/status/881182171158859780
taxmarchboise;2017-07-01 08:06;0;0;"@ MikeCrapo http://boisestatepublicradio.org/post/president-idahos-st-lukes-health-system-weighs-senate-health-care-bill#stream/0 …";;@;#stream;"881121797919260673";https://twitter.com/taxmarchboise/status/881121797919260673
Megra158;2017-07-01 08:05;0;0;"@ MikeCrapo @ SenatorRisch vote no please! http://boisestatepublicradio.org/post/president-idahos-st-lukes-health-system-weighs-senate-health-care-bill#stream/0 …";;@ @;#stream;"881121624442806272";https://twitter.com/Megra158/status/881121624442806272
WillyGlen;2017-07-01 00:08;0;0;". @ MikeCrapo The most hated legislation since prohibition, Ocare, led to GOP gains/DEM loses in DC. # FullRepeal # UnitedForFreedompic.twitter.com/O3b57PgYDT";;@;# #;"881001428118110208";https://twitter.com/WillyGlen/status/881001428118110208
