hrhdjc;2017-07-24 19:54;0;0;"@ SenatorRounds Your constituents are depending on you. Small states hospitals count Vote 'no' on # Obamacare repeal.";;@;#;"889634869176922116";https://twitter.com/hrhdjc/status/889634869176922116
chericirehc;2017-07-24 19:47;0;1;"@ SenJohnThune @ SenatorRounds @RepKristiNoem when r u going 2 do something 2 protect us? Or don't u care they're giving USA away to Russia? https://twitter.com/KeithOlbermann/status/889606381971677184 …";;@ @ @RepKristiNoem;;"889633066548961280";https://twitter.com/chericirehc/status/889633066548961280
ToniMiller77;2017-07-24 19:39;0;0;"@ SenatorRounds @ SenJohnThune please don't vote for 36,000 SD peeps losing health care & 7400 lost jobs. Stand up for us!";;@ @;;"889631160145412097";https://twitter.com/ToniMiller77/status/889631160145412097
chericirehc;2017-07-24 19:29;0;0;"@ SenJohnThune @ SenatorRounds @RepKristiNoem Seriously John? I mean SERIOUSLY? U don't even know what UR voting on? http://www.msnbc.com/rachel-maddow-show/gop-senators-still-unsure-which-health-care-bill-they-hope-pass?cid=sm_fb_maddow …";;@ @ @RepKristiNoem;;"889628752711495680";https://twitter.com/chericirehc/status/889628752711495680
retselyrag;2017-07-24 18:58;0;0;"Why aren't you making health care priority? Is it because you are one of republicans out to destroy our President Trump and USA?";;;;"889620714583728129";https://twitter.com/retselyrag/status/889620714583728129
MurphyBrwn;2017-07-24 18:44;0;0;". @ potus "I am going to take care of everybody!" @ BillCassidy @ SenatorRounds @ SenRonJohnson @ SenCoryGardner https://youtu.be/y8mcN0zweQE";;@ @ @ @ @;;"889617255088128000";https://twitter.com/MurphyBrwn/status/889617255088128000
DanSmith112263;2017-07-24 17:56;0;0;"Let's give them a country they can be proud of ...http://nymag.com/daily/intelligencer/2017/06/trumps-sabotage-of-obamacare-is-working.html …";;;;"889605349237456896";https://twitter.com/DanSmith112263/status/889605349237456896
jonbassett;2017-07-24 16:42;0;0;"@ senjohnthune @ SenatorRounds Please vote No on BCRA (current version). No on MTP. No on bill. Healthcare legislation isn't done in the dark";;@ @;;"889586590233772032";https://twitter.com/jonbassett/status/889586590233772032
pkpardy;2017-07-24 15:36;0;1;"@ SenatorRounds Please help kids, low income and elderly South Dakotans keep access to basic care. https://twitter.com/topherspiro/status/889487372152385537 …";;@;;"889569935931969539";https://twitter.com/pkpardy/status/889569935931969539
bsfergen;2017-07-24 11:39;0;0;"@ GOPLeader @ SenMikeMoore @ GOP @ POTUS @ SpeakerRyan @ NRSC @ johnthune @ SenatorRounds @ ChuckGrassley @ SenJoniErnst https://www.washingtonpost.com/amphtml/local/virginia-politics/thousands-flock-to-free-medical-clinic-as-washington-dithers-on-health-care/2017/07/21/07b7d1f2-6d80-11e7-96ab-5f38140b38cc_story.html …";;@ @ @ @ @ @ @ @ @ @;;"889510415348228096";https://twitter.com/bsfergen/status/889510415348228096
IamTheWindowMan;2017-07-24 00:10;0;0;"# SHOUTOUT @ SenatorRounds Create (only 1) National health care agency- to manage a Catastrophic/Preexisting/Senior/Vet (Part A) Insurance P. pic.twitter.com/dvnPzAF9qx";;@;#;"889336841291407360";https://twitter.com/IamTheWindowMan/status/889336841291407360
JayGravholt;2017-07-23 17:20;0;0;"@ johnthune @ SenatorRounds @ KristiNoem I would certainly hope you care more about the people and the law over a fascist. Do you?";;@ @ @;;"889233869643427842";https://twitter.com/JayGravholt/status/889233869643427842
MDresk;2017-07-22 21:26;0;0;"Please work with Dems in fixing health care. Is too important to have one party do alone, as was the objection with how ACA came to be.";;;;"888933417802317824";https://twitter.com/MDresk/status/888933417802317824
fireworkbonnie;2017-07-22 18:13;0;0;"@ SenatorRounds Please do not vote for trumpcare. Please fix the ACA.";;@;;"888884611899547648";https://twitter.com/fireworkbonnie/status/888884611899547648
paigeonedesigns;2017-07-22 16:04;0;0;"Talk about the root cause drug and hospital COSTS! Drug and Insurance companies only care about profit! Healthcare should not be a luxury!";;;;"888852215741468673";https://twitter.com/paigeonedesigns/status/888852215741468673
ppSoDak;2017-07-22 14:13;0;1;". @ SenatorRounds # Healthcare for South Dakotans is more important than scoring political points http://ampr.gs/2uGFxHY # DontTakeAwayOurCare";;@;# #;"888824218753921025";https://twitter.com/ppSoDak/status/888824218753921025
SolomonEnid;2017-07-22 01:36;0;0;"@ SenatorRounds say YES to universal healthcare. if other countries can provide for everyone then so can we. # raiseyourvoice # cantkeepquiet";;@;# #;"888633903426158592";https://twitter.com/SolomonEnid/status/888633903426158592
SolomonEnid;2017-07-22 01:36;0;0;"@ SenatorRounds SAVE affordable health care act. if cut millions of men women children will lose healthcare & be hurt by this # raiseyourvoice";;@;#;"888633728725012480";https://twitter.com/SolomonEnid/status/888633728725012480
susiekayj;2017-07-21 20:02;0;0;"Sessions discussed Trump campaign with Russia, that ok? Kushner lied mult times, still has security, that ok? Trumpcare will kill many, ok?";;;;"888549691746525184";https://twitter.com/susiekayj/status/888549691746525184
susiekayj;2017-07-21 18:08;0;0;"But u are doing your best to take their health care away. U supported taking their disability. Are your pockets full yet?";;;;"888521042150531072";https://twitter.com/susiekayj/status/888521042150531072
susiekayj;2017-07-21 17:57;0;0;"Lies, nothing but lies! Gop doesn't care who they hurt with their lies. They won't listen to anyone. So filled with greed, willing to kill.";;;;"888518292754890753";https://twitter.com/susiekayj/status/888518292754890753
esjimp;2017-07-21 16:04;0;0;"healthcare need to come down a lot it's a joke right now what are the Democrats thinking";;;;"888489935329558528";https://twitter.com/esjimp/status/888489935329558528
DanSmith112263;2017-07-21 14:54;0;0;"http://www.businessinsider.com/trump-is-funding-pr-campaign-undermine-obamacare-2017-7 …";;;;"888472284725481473";https://twitter.com/DanSmith112263/status/888472284725481473
SenatorRounds;2017-07-21 14:11;2;5;"When returning vets have access to Post-9/11 GI Bill edu benefits, they'll be equipped to pursue rewarding careers https://www.rounds.senate.gov/newsroom/weekly-column/preparing-service-members-for-post-military-careers …";;;;"888461563681787904";https://twitter.com/SenatorRounds/status/888461563681787904
ConfusedPOLs;2017-07-20 23:56;0;0;"Get a damn clue. Adults don't need govt - Republican or Dem involved in healthcare or insurance decisions. Repeal Obamacare.";;;;"888246330673569792";https://twitter.com/ConfusedPOLs/status/888246330673569792
ConfusedPOLs;2017-07-20 23:51;0;0;"Enough w/GOP bs. Current bills keep Obamacare's subsidies, Medicaid expansion, mandates, 5x prem for 50 & over. VOTERS WANT FULL REPEAL";;;;"888245129198391296";https://twitter.com/ConfusedPOLs/status/888245129198391296
johns3334;2017-07-20 23:28;0;0;"Nooooo trump care better";;;;"888239327548801024";https://twitter.com/johns3334/status/888239327548801024
FoxBusiness;2017-07-20 23:10;49;109;". @ SenatorRounds: ObamaCare drove health cares prices up. We're trying to bring them down so normal people can afford to buy health care. pic.twitter.com/MDvNRUSitN";;@;;"888234595967041536";https://twitter.com/FoxBusiness/status/888234595967041536
razonie;2017-07-20 22:31;0;1;"This all has nothing to do with affordable health care, and is all about insurance companies and their profits! No one is buying health care";;;;"888224934295687172";https://twitter.com/razonie/status/888224934295687172
stan_duzy;2017-07-20 22:02;0;0;"What is ur definition of "normal people"? Only those who have livable wage jobs that can afford health care? Screw the poor, disadvantaged?";;;;"888217496481935362";https://twitter.com/stan_duzy/status/888217496481935362
justingsmith;2017-07-20 19:06;0;0;"Sen. Mike Rounds ( @ SenatorRounds) holds out hope for bipartisan health care reform: http://www.mitchellrepublic.com/news/local/4300613-rounds-holds-out-hope-bipartisan-health-care-reform …";;@;;"888173333937782784";https://twitter.com/justingsmith/status/888173333937782784
eainaire;2017-07-20 18:10;0;0;"As a SD voter, I'd prefer hearing that you're voting NO on any health care legislation that would disenfranchise millions of Americans";;;;"888159158821822465";https://twitter.com/eainaire/status/888159158821822465
DanSmith112263;2017-07-20 17:49;0;0;"Are you sensitive to the fact the GOP no longer has a moral compass?http://www.thedailybeast.com/team-trump-used-obamacare-money-to-run-ads-against-it?source=twitter&via=desktop …";;;;"888153951111184384";https://twitter.com/DanSmith112263/status/888153951111184384
susiekayj;2017-07-20 17:42;0;1;"Great news. How about not cutting snap so people can eat? Not taking ACA so people can have healthcare? U don't care about people?";;;;"888152059714908161";https://twitter.com/susiekayj/status/888152059714908161
Doctor_Lesleigh;2017-07-20 17:29;0;0;"@ SenJohnThune, @ SenatorRounds: Regarding the death of # Trumpcare, my SD Senators and other Republicans be likepic.twitter.com/2lO41bByFV";;@ @;#;"888148834467160065";https://twitter.com/Doctor_Lesleigh/status/888148834467160065
susiekayj;2017-07-20 17:25;0;0;"Stand up for americans by stopping trumps revenge on ACA. U do know this will take healthcare from vets too. Do the right thing!";;;;"888147761803255809";https://twitter.com/susiekayj/status/888147761803255809
2012JagXK;2017-07-20 14:43;0;0;"Reps/Sens have confused health care with health insurance. They're arguing over the cost of insurance which will then affect healthcare cost";;;;"888106992962633729";https://twitter.com/2012JagXK/status/888106992962633729
MmeMoira;2017-07-20 14:13;0;0;"Health care that actually pays for something, not just avoids the tax/penalty";;;;"888099570449862656";https://twitter.com/MmeMoira/status/888099570449862656
Stonewall_77;2017-07-20 13:43;127;190;"" # ObamaCare drove health cares prices up. We're trying to bring them down so normal people can afford to buy health care." ~ @ SenatorRounds pic.twitter.com/xQGuF79yPm";;@;#;"888091914011947008";https://twitter.com/Stonewall_77/status/888091914011947008
wordsby_bob;2017-07-20 13:32;0;1;"Is that a joke? No one is trying to bring the costs of health care down except the consumer.";;;;"888089161126875136";https://twitter.com/wordsby_bob/status/888089161126875136
ehnottooxabi;2017-07-20 13:22;0;0;"You mean when tuition was subsidized, and healthcare wasn't concentrated with monopolies Pre 1980's? Agreed, sounds wonderful.";;;;"888086825520287746";https://twitter.com/ehnottooxabi/status/888086825520287746
cherieollenberg;2017-07-20 12:59;0;0;"The health care is going down the tubes. The Congress and the Senate are SO damn stubborn to work together. It is a damn power trip!!!";;;;"888080957944639488";https://twitter.com/cherieollenberg/status/888080957944639488
real_CValencia;2017-07-20 12:59;0;0;"You clearly have no idea how Obamacare works, hope you stop drinking that Fox News look aid";;;;"888080821877342208";https://twitter.com/real_CValencia/status/888080821877342208
jpoundcake;2017-07-20 12:54;0;0;"in 2002 had 2 buy my own health care. was only $100/mo which is 1/3 of my monthly cost now through my company for myself only.";;;;"888079709434773504";https://twitter.com/jpoundcake/status/888079709434773504
real_CValencia;2017-07-20 12:50;0;3;"Bro, millions of normal people were able to afford healthcare who previously couldn't.";;;;"888078688507621378";https://twitter.com/real_CValencia/status/888078688507621378
Tracey4America;2017-07-20 12:50;0;2;"well that won't happen now will it, so convenient for you lot to get the best care while you're scheming for single payer 4 everyone else";;;;"888078595976962053";https://twitter.com/Tracey4America/status/888078595976962053
FoxBusiness;2017-07-20 12:47;64;148;". @ SenatorRounds: ObamaCare drove health cares prices up. We're trying to bring them down so normal people can afford to buy health care. pic.twitter.com/8Zv5MFxu2G";;@;;"888077989245734912";https://twitter.com/FoxBusiness/status/888077989245734912
PamNuccio;2017-07-20 12:47;0;0;"Repeal Obamacare. Please keep that at the forefront of your thinking. Real Americans have been harmed !";;;;"888077850334478336";https://twitter.com/PamNuccio/status/888077850334478336
aclimbr2;2017-07-20 11:07;0;0;". @ SenatorRounds # KeepYourPromise and # RepealObamacare # FullRepeal # CleanRepeal";;@;# # # #;"888052741653835776";https://twitter.com/aclimbr2/status/888052741653835776
The_Proteus7;2017-07-20 08:31;0;0;"Ohhh, you’re going to let us make some of our own health care decisions, @ SenatorRounds Really? How nice of you. I’m tired of paying";;@;;"888013383878008832";https://twitter.com/The_Proteus7/status/888013383878008832
Hufse01;2017-07-20 08:30;0;0;"Obama care has failed. Free ride for everyone is not sustainable.";;;;"888013228546158592";https://twitter.com/Hufse01/status/888013228546158592
LivingBlueSoDak;2017-07-20 00:44;0;0;"@RepKristiNoem @ SenJohnThune @ SenatorRounds Do you care? https://twitter.com/LivingBlueinRed/status/887894361396129793 …";;@RepKristiNoem @ @;;"887896071707521024";https://twitter.com/LivingBlueSoDak/status/887896071707521024
lbsal1121;2017-07-19 21:00;0;1;"@ SenatorRounds Don't let @ realDonaldTrump bully you! No new healthcare vote! Work across the aisle for bipartisan healthcare for all!";;@ @;;"887839478265544706";https://twitter.com/lbsal1121/status/887839478265544706
susiekayj;2017-07-19 20:24;1;1;"U plan on taking our ACA thru repeal? Leaving a legacy as a murderer? And u don't even care? Support trumps meeting privately with Putin?";;;;"887830619190943747";https://twitter.com/susiekayj/status/887830619190943747
FundacionEfrain;2017-07-19 17:36;0;0;"# HealthcareBill is GOOD @ SenatorRounds @ SenBobCorker @ JohnCornyn @ SenatorLeahy @ MarkWarner @ SenatorCantwell @ Sen_JoeManchin @ SenRonJohnson";;@ @ @ @ @ @ @ @;#;"887788176881971200";https://twitter.com/FundacionEfrain/status/887788176881971200
dougd517;2017-07-19 15:17;0;0;"Hey # GOP @ SenJohnThune @ SenatorRounds # RepealObamacare NOT # RepealAndReplace No # AugustRecess til # Obamacare is # replealed! # HealthcareBill";;@ @;# # # # # # #;"887753333871702020";https://twitter.com/dougd517/status/887753333871702020
GinnyRae101;2017-07-19 13:27;0;0;"# VoteNo debate on cruel & expensive # Republican # HealthcareBill @ SenBobCorker @ SenatorRounds @ Sen_JoeManchin @ SenatorCollins @ DeanHeller";;@ @ @ @ @;# # #;"887725527951454213";https://twitter.com/GinnyRae101/status/887725527951454213
GreggHoush;2017-07-19 11:24;0;0;"@ SenatorRounds $765 billion per year lost in US healthcare system. Want to fix healthcare? Maybe start with this https://www.propublica.org/article/the-myth-of-drug-expiration-dates …";;@;;"887694691470364674";https://twitter.com/GreggHoush/status/887694691470364674
vcvenus;2017-07-19 10:58;0;0;"People who don't believe there should be a national healthcare system shouldn't be a part of process.THAT'S why Repubs can't fix healthcare";;;;"887688202617667585";https://twitter.com/vcvenus/status/887688202617667585
johnhondrogen;2017-07-19 08:22;0;0;"@ SenatorRounds @ Sen_JoeManchin Work together for # SinglePayerNow. We need great healthcare for all. Get corp $ out of politics. Be a leader";;@ @;#;"887648783106023424";https://twitter.com/johnhondrogen/status/887648783106023424
airforcepam;2017-07-19 08:10;0;0;"@ SenatorRounds trump is prob one of the people when you ask which HC they want AHCA or obama care, they choose AFCA saying it sounds better";;@;;"887645730332004352";https://twitter.com/airforcepam/status/887645730332004352
airforcepam;2017-07-19 08:06;0;0;"@ SenatorRounds I don't think he knows the real name of our current health care system since he constantly calls it obama care";;@;;"887644857790996480";https://twitter.com/airforcepam/status/887644857790996480
airforcepam;2017-07-19 07:55;0;0;"@ SenatorRounds German health care has everyone paying for health ins on,a sorr if sliding scale comes out of paycheck like income tax.";;@;;"887642147385520128";https://twitter.com/airforcepam/status/887642147385520128
airforcepam;2017-07-19 07:53;0;0;"@ SenatorRounds i suggest you study the german health care system. I did a papee comparing ours with theirs, have combo of private & social";;@;;"887641665070014464";https://twitter.com/airforcepam/status/887641665070014464
Port3Star;2017-07-19 07:36;0;0;"@ SenatorRounds http://money.cnn.com/2017/07/18/news/economy/obamacare-trump-fail/index.html …";;@;;"887637275235893248";https://twitter.com/Port3Star/status/887637275235893248
kcbankruptcy;2017-07-19 07:36;0;0;"I'm still at a loss as to y # Obamacare can't be fixed instead of throwing the baby out w/ the bathwater. Do find nothing worth keeping?";;;#;"887637154221801472";https://twitter.com/kcbankruptcy/status/887637154221801472
airforcepam;2017-07-19 07:35;0;0;"@ SenatorRounds getting control on pharmeceutical prices would be a huge savings for Medicare & Medicaid.";;@;;"887637058138677248";https://twitter.com/airforcepam/status/887637058138677248
airforcepam;2017-07-19 07:31;0;0;"@ SenatorRounds getting pharmeceutical companies to lower prices or threaten to buy from Canada esp for Medicaid and Medicare";;@;;"887635994702299136";https://twitter.com/airforcepam/status/887635994702299136
Kurbie41;2017-07-19 07:28;0;0;"@ SenatorRounds If you repeal the ACA, does that include your health care coverage?";;@;;"887635350167867393";https://twitter.com/Kurbie41/status/887635350167867393
airforcepam;2017-07-19 07:28;0;0;"@ SenatorRounds please tell the president to fix the AHCA, he only wants it gone because people call it obama care it is as simple as that.";;@;;"887635213404078082";https://twitter.com/airforcepam/status/887635213404078082
BFandAP;2017-07-19 07:28;0;0;". @ SenatorRounds this morning w/ @ CNN is the most honest interview I've heard from @ SenateGOP on # healthcare.";;@ @ @;#;"887635156835500032";https://twitter.com/BFandAP/status/887635156835500032
HuntingforHolly;2017-07-19 07:25;0;0;"No repeal. You don't want Obamacare to work & your comments on CNN are laughable. trump is a traitor. Are you on the Russia payroll too?";;;;"887634552700776448";https://twitter.com/HuntingforHolly/status/887634552700776448
AttyTJCole;2017-07-19 07:24;0;0;"@ SenatorRounds the concept of Obamacare doesn't work? Thought the concept was to insure all people?";;@;;"887634304464977924";https://twitter.com/AttyTJCole/status/887634304464977924
zbyronwolf;2017-07-19 07:23;0;0;""we don't have a choice. we have to fix what's in place today," says @ SenatorRounds. But adds: "The concept behind Obamacare does not work."";;@;;"887634004056440832";https://twitter.com/zbyronwolf/status/887634004056440832
ragnarko;2017-07-19 01:13;0;0;"@ SenatorRounds instead of working to replacing and repealing o-care. How about working with Dems to fix It? Omg What an idea! YW";;@;;"887540761281130496";https://twitter.com/ragnarko/status/887540761281130496
casey_dolney;2017-07-18 22:52;0;0;"@ SenJohnThune @ SenatorRounds @RepKristiNoem all I can say is wow what a great you three have put into repealing and replacing O-care.....";;@ @ @RepKristiNoem;;"887505513327370240";https://twitter.com/casey_dolney/status/887505513327370240
QuorumCall;2017-07-18 20:12;0;0;"# Senate Rounds defends GOP efforts to replace Obama health care law http://dlvr.it/PWb30C @ SenatorRounds";;@;#;"887465056555778048";https://twitter.com/QuorumCall/status/887465056555778048
QuorumCall;2017-07-18 20:12;0;0;"# Senate Senator Mike Rounds answers questions on proposed healthcare bill http://dlvr.it/PWb2yN @ SenatorRounds";;@;#;"887465054215430144";https://twitter.com/QuorumCall/status/887465054215430144
wicozani2;2017-07-18 18:39;1;0;"Excellent! Also nice to get your mind off the self-inflicted @ GOP health care bill mess, isn't it? Act for ALL of our children # SaveMedicaid";;@;#;"887441778747604994";https://twitter.com/wicozani2/status/887441778747604994
Ghousertatt;2017-07-18 18:13;0;0;"Get governors together to fix the failing Obamacare? Why were you elected the Congress? It's your job to straighten out your screw up.";;;;"887435159384936448";https://twitter.com/Ghousertatt/status/887435159384936448
POberembt;2017-07-18 17:15;0;0;"@ SenJohnThune, @ SenatorRounds, and letting Obamacare fail, as has been pledged, rather than improve it equally despicable.";;@ @;;"887420654210793472";https://twitter.com/POberembt/status/887420654210793472
AdamJungers1;2017-07-18 14:41;0;0;"@ SenatorRounds It is time to repeal Obamacare.";;@;;"887381913429659648";https://twitter.com/AdamJungers1/status/887381913429659648
copperdogsd1;2017-07-18 13:24;0;0;"@ SenatorRounds @ SenJohnThune @RepKristiNoem Want healthcare to go back to the free market. Do you suppose they feel same about Ag subsidies?";;@ @ @RepKristiNoem;;"887362347253235712";https://twitter.com/copperdogsd1/status/887362347253235712
kotatweets;2017-07-18 11:07;0;0;"@ SenatorRounds defended GOP efforts to replace Obama # healthcare law in yesterday's tele-town hall: https://tinyurl.com/y73jhgbm";;@;#;"887327854718967809";https://twitter.com/kotatweets/status/887327854718967809
RealtorCary;2017-07-18 09:47;0;0;"Obamacare has huge kickbacks in it. Follow the money";;;;"887307743056592898";https://twitter.com/RealtorCary/status/887307743056592898
RealtorCary;2017-07-18 09:45;0;0;"Expand Medicaid then no need for any Obamacare programs. Lower Medicare age 62. remove SS Medicare tax ceiling of 106k to fund. No bailout";;;;"887307368253534210";https://twitter.com/RealtorCary/status/887307368253534210
RealtorCary;2017-07-18 09:43;0;0;"Just do it now! Repeal is a must too much Pork in the Obamacare. Look at Democratic's getting kickbacks follow the money";;;;"887306806061670400";https://twitter.com/RealtorCary/status/887306806061670400
IamTheWindowMan;2017-07-18 01:03;0;0;"# SHOUTOUT @ SenatorRounds Create (only 1) National health care agency- to manage a Catastrophic/Preexisting/Senior/Vet (Part A) Insurance P. pic.twitter.com/hOeskOpimM";;@;#;"887175936029978625";https://twitter.com/IamTheWindowMan/status/887175936029978625
RDockendorf;2017-07-17 23:43;0;0;"@ SenatorRounds talks with @ pressanddakotan on health care reform's future after GOP bill stalls. Read Tuesday http://yankton.net .";;@ @;;"887155864351670272";https://twitter.com/RDockendorf/status/887155864351670272
RDockendorf;2017-07-17 23:42;0;0;"@ SenatorRounds says nation suffers from "Obamacare hangover" and needs a transition to make needed health care reforms.";;@;;"887155518824906752";https://twitter.com/RDockendorf/status/887155518824906752
copperdogsd1;2017-07-17 21:36;0;0;"Experts say that ACA is working. Obama is out of office so quit using the term Obamacare. thx @ SenatorRounds";;@;;"887123812541751297";https://twitter.com/copperdogsd1/status/887123812541751297
susiekayj;2017-07-17 20:47;0;0;"Are u proud of the total hypocrisy of Trump that everything he makes and buys is made elsewhere?U must support his treason too.And deathcare";;;;"887111642680569856";https://twitter.com/susiekayj/status/887111642680569856
csurgtech;2017-07-17 19:42;0;1;"@ SenJohnThune @ SenatorRounds Both of you need to sponsor an amendment to Trumpcare MANDATING Congress participation. NO EXCEPTIONS!!";;@ @;;"887095240489787393";https://twitter.com/csurgtech/status/887095240489787393
WalksWithEagles;2017-07-17 15:53;0;0;"@ SenatorRounds Don't change any part of the Cruz-Lee amendment on Obamacare (ACA)";;@;;"887037485892726784";https://twitter.com/WalksWithEagles/status/887037485892726784
RobertErnster;2017-07-17 12:34;0;0;"@ SenatorRounds Vote NO on Healthcare! The vast majority of people, Ins. Co., hospitals & doctors are all against it. How can you be for it?";;@;;"886987554364567552";https://twitter.com/RobertErnster/status/886987554364567552
randbison;2017-07-17 00:51;0;0;"How come the Governors don't like Thune written Senate healthcare plan? @ SenJohnThune @ SenatorRounds";;@ @;;"886810477086507008";https://twitter.com/randbison/status/886810477086507008
Doctor_Lesleigh;2017-07-16 18:13;0;0;"@ SenatorRounds, @ SenJohnThune, I'm a SD constituent who likes rain, puppies & ppl not dying due to lack of healthcare. Vote NO on # trumpcare";;@ @;#;"886710302833692672";https://twitter.com/Doctor_Lesleigh/status/886710302833692672
lbsal1121;2017-07-16 17:56;0;0;"@ SenatorRounds Can America count on you to do the right thing and vote NO on proposed Healthcare bill that will hurt millions!";;@;;"886706241652887553";https://twitter.com/lbsal1121/status/886706241652887553
Geezerdots;2017-07-16 16:09;0;0;"@ SenJohnThune @ SenatorRounds Please vote NO on the latest healthcare proposal. Too many ppl will die if you don't. We can do better, Sirs.";;@ @;;"886679295141216257";https://twitter.com/Geezerdots/status/886679295141216257
Holly500;2017-07-16 12:36;2;1;"Please vote against # Trumpcare for the good of "We the People" Remember your swearing in to serve the country. Your state will remember.";;;#;"886625582942912514";https://twitter.com/Holly500/status/886625582942912514
badlands_bob;2017-07-16 11:09;0;0;"@RepKristiNoem @ SenJohnThune @ SenatorRounds Don't let this deter your efforts to ruin healthcare for millions to give tax breaks to rich! https://twitter.com/kylegriffin1/status/886599697166725121 …";;@RepKristiNoem @ @;;"886603734205292544";https://twitter.com/badlands_bob/status/886603734205292544
SolomonEnid;2017-07-15 20:45;0;0;"@ SenatorRounds Save/keep all funding for medicare. if cut millions of people will lose heatlhcare & be hurt by this. # cantkeepquiet";;@;#;"886386235157004288";https://twitter.com/SolomonEnid/status/886386235157004288
eye_caramba;2017-07-15 15:59;0;1;"See you 2018 @ GOP @ SenateMajLdr @ SenDeanHeller @ SenBobCorker @ senrobportman @ SenRonJohnson @ SenatorRounds https://mobile.nytimes.com/2017/07/14/us/politics/governors-oppose-senate-affordable-care-act-repeal.html?google_editors_picks=true&referer=https://t.co/lIKEAVdTIR …";;@ @ @ @ @ @ @;;"886314274691395584";https://twitter.com/eye_caramba/status/886314274691395584
mylifeoncaffein;2017-07-15 12:40;0;0;"@RepKristiNoem loves the bill. @ SenatorRounds and @ SenJohnThune apparently do as well. Why? https://mobile.nytimes.com/2017/07/14/us/politics/governors-oppose-senate-affordable-care-act-repeal.html?referer=https://t.co/G892ELRtao?amp=1 …";;@RepKristiNoem @ @;;"886264171305750529";https://twitter.com/mylifeoncaffein/status/886264171305750529
MDresk;2017-07-15 11:14;0;0;"I am a primary care physician. I practiced pre and post ACA. There is a difference. Work with Democrats. All must join in. Yesterday.";;;;"886242589942267904";https://twitter.com/MDresk/status/886242589942267904
MDresk;2017-07-15 11:12;0;0;"Please oppose this bill. Medicare will still be decimated. How will elders afford nursing home care?";;;;"886242023824437248";https://twitter.com/MDresk/status/886242023824437248
ricopie;2017-07-15 08:42;0;0;"The question is, will @ SenatorRounds and @ johnthune go down in history as stripping # Healthcare from millions for their own gain?https://twitter.com/upshotnyt/status/886193862548520960 …";;@ @;#;"886204350124740608";https://twitter.com/ricopie/status/886204350124740608
crwilson709;2017-07-14 21:41;0;0;"@ SenJohnThune @ SenatorRounds What say u?R u going 2 shove this bill dwn throats of pple in SD?Havent seen u around trying 2 sell it.Scared? https://twitter.com/RepJoeKennedy/status/886032476937781248 …";;@ @;;"886038052816039936";https://twitter.com/crwilson709/status/886038052816039936
MomSkelton;2017-07-14 18:41;0;0;"@ SenatorRounds @RepKristiNoem @ altNOAA @ votevets 100% paid-Native Americans on Res NOT for SD residents @ keloland http://thefederalist.com/2017/07/14/5-backroom-deals-inside-latest-senate-health-care-bill/ …";;@ @RepKristiNoem @ @ @;;"885992730999914497";https://twitter.com/MomSkelton/status/885992730999914497
walmou;2017-07-14 17:23;0;0;"@ SenatorRounds Vote NO on the disastrous healthcare bill @ SenMajLdr is trying to ram thru. Bad for US in so many ways!";;@ @;;"885973124772052992";https://twitter.com/walmou/status/885973124772052992
SoDakDems;2017-07-14 14:02;6;4;". @ SenatorRounds needs to hear from you! Call him at (202)224-5842 and tell him to vote "no" on this cruel bill. http://www.argusleader.com/story/news/politics/2017/07/13/health-care-bills-fate-balance-rounds-uncertain-he-can-support/475291001/ …";;@;;"885922352256700417";https://twitter.com/SoDakDems/status/885922352256700417
DrJoeBentivegna;2017-07-14 13:16;0;0;"@ SenatorRounds @ SenJohnThune @ johnthune @ SenAlexander @ LamarAlexander @ SenBobCorker @CorkerforTN # HealthcareBillhttps://www.youtube.com/watch?v=QQTX0DWonbE&t=16s …";;@ @ @ @ @ @ @CorkerforTN;#;"885910853358374914";https://twitter.com/DrJoeBentivegna/status/885910853358374914
3X09;2017-07-14 12:23;0;0;"Pres of the American Cancer Society CAN says the Cruz amend would make healthcare coverage "worse" for those with cancer. @ SenatorRounds";;@;;"885897663425634304";https://twitter.com/3X09/status/885897663425634304
3X09;2017-07-14 12:08;0;0;"@ SenatorRounds Republican health care cuts would result in closed hospitals, lack of access for rural people, loss of jobs to rural towns.";;@;;"885893840514592768";https://twitter.com/3X09/status/885893840514592768
3X09;2017-07-14 12:08;0;0;"@ SenatorRounds The Republican health care plan would cause rural hospitals like St. Michael's in Bon Homme county to close without Medicaid.";;@;;"885893663049474048";https://twitter.com/3X09/status/885893663049474048
QuorumCall;2017-07-14 10:37;0;0;"# Senate Rounds careful to commit early support to GOP health care overhaul http://dlvr.it/PVZ65Y @ SenatorRounds";;@;#;"885870807901028352";https://twitter.com/QuorumCall/status/885870807901028352
Geezerdots;2017-07-14 10:27;0;0;"@ SenatorRounds @ SenJohnThune Man up Senators. Vote no on # Republican abomination of # healthcare bill. America is much better than this.";;@ @;# #;"885868264915685377";https://twitter.com/Geezerdots/status/885868264915685377
TanyaGrahamDVM;2017-07-14 06:40;0;0;"@ SenatorRounds @ SenJohnThune Cutting thousands of SD's (MILLIONS nationwide) from healthcare is wrong. You know. PLEASE do the right thing!";;@ @;;"885811205654413316";https://twitter.com/TanyaGrahamDVM/status/885811205654413316
TanyaGrahamDVM;2017-07-14 06:13;0;0;"@ SenatorRounds Greetings from South Dakota. Do the right thing and vote NO on the latest Trumpcare bill. INSTEAD work w/ the dems 2 fix ACA!";;@;;"885804338102317056";https://twitter.com/TanyaGrahamDVM/status/885804338102317056
Sean_notw;2017-07-13 23:16;0;0;"@ SenJohnThune @ SenatorRounds # HealthcareBill is going to show if you're part of # Resistance or with your constituents that voted 4 repeal.";;@ @;# #;"885699446578741249";https://twitter.com/Sean_notw/status/885699446578741249
midge219;2017-07-13 21:42;0;0;"@ SenatorRounds https://www.americamagazine.org/politics-society/2017/07/10/senators-did-you-come-washington-take-health-care-sick-and-food-hungry …";;@;;"885675749788631040";https://twitter.com/midge219/status/885675749788631040
mcarey8888;2017-07-13 21:31;0;0;"Always wake up with Mornings w/ Maria! Great Show";;;;"885673131326795776";https://twitter.com/mcarey8888/status/885673131326795776
LeeSDPB;2017-07-13 17:52;0;0;"SD @ SenatorRounds says GOP healthcare overhaul revisions are a step in the right direction. http://listen.sdpb.org/post/us-senator-rounds-says-gop-healthcare-revision-step-forward …";;@;;"885618077467070464";https://twitter.com/LeeSDPB/status/885618077467070464
susiekayj;2017-07-13 16:57;0;0;"Maybe means yes. He's too much a coward to admit it. Guess he doesn't care if our hospitals &nursing homes close. He gets a tax break.";;;;"885604131691532295";https://twitter.com/susiekayj/status/885604131691532295
16ozbeer;2017-07-13 16:47;0;0;"Hey @ johnthune and @ SenatorRounds if the Senate's healthcare bill is so good why are you exempt? Are you better than the people you serve?";;@ @;;"885601649934438401";https://twitter.com/16ozbeer/status/885601649934438401
AnthnyMazzeo;2017-07-13 16:46;0;0;"Hey @ GOP! Hey Gop mods! No taxes no mandates!! No O-care! Your 7yr promise that gave Yu majorities must be kept in '17 or lose '18";;@;;"885601464734932994";https://twitter.com/AnthnyMazzeo/status/885601464734932994
Doctor_Lesleigh;2017-07-13 16:43;0;0;"@ SenatorRounds, @ SenJohnThune, the latest version of # Trumpcare isn't as awful but still cuts Medicaid & hurts poor people. Please vote NO.pic.twitter.com/uYDGdRVDOK";;@ @;#;"885600547084025856";https://twitter.com/Doctor_Lesleigh/status/885600547084025856
puddingnacloud;2017-07-13 15:41;0;0;"# OpposeTheBill # RepealBill # Obamacare is a complete failure @ RandPaul @ SenJackReed @ tedcruz @ marcorubio @ SenatorRounds @ SenSasse";;@ @ @ @ @ @;# # #;"885584873720643584";https://twitter.com/puddingnacloud/status/885584873720643584
argusleader;2017-07-13 15:38;0;0;"Call him a 'maybe': @ SenatorRounds won't confirm whether or not he will vote for health care bill http://www.argusleader.com/story/news/politics/2017/07/13/health-care-bills-fate-balance-rounds-uncertain-he-can-support/475291001/ …";;@;;"885584347427897350";https://twitter.com/argusleader/status/885584347427897350
RestiveRabble;2017-07-13 15:27;5;2;"@ SenatorRounds Campaign Ad 2014: “Pressler and Weiland support Obamacare. Mike Rounds will work to repeal it.” http://www.argusleader.com/story/davidmontgomery/2014/10/11/mike-rounds-attack-ads/17112161/ …";;@;;"885581453605711872";https://twitter.com/RestiveRabble/status/885581453605711872
badlands_bob;2017-07-13 15:27;0;0;"<sarcasm> @RepKristiNoem @ SenJohnThune @ SenatorRounds re: Healthcare Thank you for your support </sarcasm>";;@RepKristiNoem @ @;;"885581412534861824";https://twitter.com/badlands_bob/status/885581412534861824
susiekayj;2017-07-13 15:07;0;0;"Did u read Argus today? How badly nursing homes will be affected? Most will be closed by 2025. Evil GOP. Pure evil! And u don't care.";;;;"885576475856056322";https://twitter.com/susiekayj/status/885576475856056322
TerryTHawk;2017-07-13 14:48;0;6;"You just posted the updated draft of the Senate health care bill on your website. Denounce it here: @ SenateMajLdr";;@;;"885571571703848960";https://twitter.com/TerryTHawk/status/885571571703848960
FundacionEfrain;2017-07-13 14:26;0;0;"# ACA sold U bill of goods # NEW # HealthcareBill @ SenJeffMerkley @ RonWyden @ SenToomey @ SenJackReed @ GrahamBlog @ LindseyGrahamSC @ SenatorRounds";;@ @ @ @ @ @ @;# # #;"885566058161201156";https://twitter.com/FundacionEfrain/status/885566058161201156
badlands_bob;2017-07-13 13:42;0;0;"@ GOP "healthcare" bill still crap and @RepKristiNoem @ SenJohnThune @ SenatorRounds still aren't listening. Should be working for single-payer https://twitter.com/politico/status/885550481942216705 …";;@ @RepKristiNoem @ @;;"885555077800280064";https://twitter.com/badlands_bob/status/885555077800280064
miller5717;2017-07-13 12:09;0;5;"Do your job! Protect your constituents' healthcare and our Constitution and democracy!! # traitors # TreasonWeasels";;;# #;"885531542679769088";https://twitter.com/miller5717/status/885531542679769088
SenatorRounds;2017-07-13 12:06;7;4;"Just posted the updated draft of the Senate health care bill on my website. Read it here: https://www.rounds.senate.gov";;;;"885530813860806657";https://twitter.com/SenatorRounds/status/885530813860806657
MilitaryOfficer;2017-07-13 12:00;1;3;"We agree w/ @ SenatorRounds These fee hikes are disproportional & dont reflect service/sacrifice of those who have earned healthcare benefits pic.twitter.com/a9UBUvPYS9";;@;;"885529302233645056";https://twitter.com/MilitaryOfficer/status/885529302233645056
TorovenEmasu;2017-07-13 11:31;0;0;"Please @ SenatorRounds & @ SenJohnThune, do not vote yes on @ McConnellPress's proposed bill. Governors are not qualified to oversee healthcare";;@ @ @;;"885522117806223364";https://twitter.com/TorovenEmasu/status/885522117806223364
aclimbr2;2017-07-13 09:47;0;0;"Easy just send bill sent Obama to repeal it and than go on vacation or are we getting Obamacare 2, with 2 lines deleted.";;;;"885495788557750272";https://twitter.com/aclimbr2/status/885495788557750272
aclimbr2;2017-07-13 09:36;0;0;"Not much to talk about just do what you promised to do repeal obamacare. Let doctor and patient be in charge, Capitalism run insurance";;;;"885493032187027456";https://twitter.com/aclimbr2/status/885493032187027456
keloradio;2017-07-13 09:31;0;0;"Our thanks to @ SenatorRounds for discussing health care and other issues this morning @belfrageshow.";;@ @belfrageshow;;"885491914883158017";https://twitter.com/keloradio/status/885491914883158017
jcbelgium;2017-07-13 09:30;0;0;"We "have this revenue available" because you are took it from us by passing Obamacare! Repeal it you liar. @ SenatorRounds @ MorningsMaria";;@ @;;"885491596556472328";https://twitter.com/jcbelgium/status/885491596556472328
keloradio;2017-07-13 09:08;0;0;"NOW at @belfrageshow @ SenatorRounds. We'll be concentrating on the health care reform bill.";;@belfrageshow @;;"885486019621072896";https://twitter.com/keloradio/status/885486019621072896
kringsnatalie;2017-07-13 09:00;0;0;"Tune in now: @ SenatorRounds to talk health care, August with @belfrageshow momentarily. http://player.listenlive.co/28911";;@ @belfrageshow;;"885484132670861312";https://twitter.com/kringsnatalie/status/885484132670861312
SenatorRounds;2017-07-13 08:54;4;2;"Looking fwd to talking health care w/ Greg @belfrageshow on @ keloradio this morning around 8:05 CT. Hope you can tune in!";;@belfrageshow @;;"885482630879354880";https://twitter.com/SenatorRounds/status/885482630879354880
charles_gaba;2017-07-13 08:50;2;3;"# ACASignups BEHOLD as @ TedCruz & @ SenatorRounds use # MagicFreedomMath to convert 18 into 3!! http://acasignups.net/17/07/12/behold-wonder-ted-cruz-mike-rounds-use-magic-freedom-math-transform-18-3 … # Trumpcare";;@ @;# # #;"885481569372295168";https://twitter.com/charles_gaba/status/885481569372295168
MariaBartiromo;2017-07-13 07:08;19;84;""We need a transition period where we have revenue" - @ SenatorRounds "this is expensive" aka: # Obamacare taxes @ MorningsMaria @ FoxBusiness";;@ @ @;#;"885455775992303616";https://twitter.com/MariaBartiromo/status/885455775992303616
emalthoff;2017-07-12 22:01;0;0;"@ SenatorRounds # unhumane Good Sam says Senate health care bill would force nursing homes to turn away seniorshttp://www.argusleader.com/story/news/politics/2017/07/13/good-sam-says-senate-health-care-bill-would-force-nursing-homes-turn-away-seniors/471482001/ …";;@;#;"885318289743892480";https://twitter.com/emalthoff/status/885318289743892480
n2goo;2017-07-12 19:51;0;1;"Horrible..Do Not Keep The Obamacare Taxes!";;;;"885285418907955203";https://twitter.com/n2goo/status/885285418907955203
MaryEM106;2017-07-12 19:19;0;0;"I just hate this. I want Govt out of health care. # freemarket";;;#;"885277412388462592";https://twitter.com/MaryEM106/status/885277412388462592
jodw1020;2017-07-12 19:18;0;0;"Keeping parts of Obamacare is bad newd for Rep. Party. They will be wiped out 2018. Fully repeal & replace w/ Free Market solution.";;;;"885277176911740929";https://twitter.com/jodw1020/status/885277176911740929
JRHeim1958;2017-07-12 19:02;0;0;"Hey Republicans.....Repeal the tax or look for a new career.";;;;"885273200430432260";https://twitter.com/JRHeim1958/status/885273200430432260
TeamCavuto;2017-07-12 19:00;8;34;". @ SenatorRounds reacts to the Senate health care bill possibly keeping some Obamacare taxes. http://video.foxbusiness.com/v/5504247540001/?#sp=show-clips …";;@;#sp;"885272631079038977";https://twitter.com/TeamCavuto/status/885272631079038977
RestiveRabble;2017-07-12 18:52;0;0;"@ SenatorRounds Campaign Ad 2014: “Pressler and Weiland support Obamacare. Mike Rounds will work to repeal it.” http://www.argusleader.com/story/davidmontgomery/2014/10/11/mike-rounds-attack-ads/17112161/ …pic.twitter.com/edoxSth9oC";;@;;"885270712713400321";https://twitter.com/RestiveRabble/status/885270712713400321
charles_gaba;2017-07-12 16:45;7;10;"# ACASignups BEHOLD WITH WONDER as @ TedCruz & @ SenatorRounds use # MagicFreedomMath to transform 18 into 3! http://acasignups.net/17/07/12/behold-wonder-ted-cruz-mike-rounds-use-magic-freedom-math-transform-18-3 … # Trumpcare";;@ @;# # #;"885238774489378820";https://twitter.com/charles_gaba/status/885238774489378820
susiekayj;2017-07-12 16:16;0;0;"U still want to take healthcare from millions, including vets. U want huge tax break for yourself as u make middle and low income pay more.";;;;"885231328156934144";https://twitter.com/susiekayj/status/885231328156934144
susiekayj;2017-07-12 13:37;0;0;"Really evading trumpcare aren't u? Treason &collusion ok with u? How big a tax break will u get by killing millions? Family ashamed of u?";;;;"885191316308729857";https://twitter.com/susiekayj/status/885191316308729857
Reilefson;2017-07-12 13:30;0;0;"@ SenatorRounds I am asking you o VOTE NO on trump care it is wrong to deprive people of medical needs.";;@;;"885189704395653120";https://twitter.com/Reilefson/status/885189704395653120
retselyrag;2017-07-12 13:10;0;0;"Support President Trump to repeal & replace Obamacare";;;;"885184574002573312";https://twitter.com/retselyrag/status/885184574002573312
AARPSD;2017-07-12 12:46;1;1;"Tell @ SenJohnThune & @ SenatorRounds to do what's right for South Dakota families & # VoteNo on the health care bill. http://action.aarp.org/voteno pic.twitter.com/FF0fyRG1Ar";;@ @;#;"885178510083543040";https://twitter.com/AARPSD/status/885178510083543040
RestiveRabble;2017-07-12 12:28;0;0;"@ SenatorRounds Campaign Ad 2014: “Pressler and Weiland support Obamacare. Mike Rounds will work to repeal it.” http://www.argusleader.com/story/davidmontgomery/2014/10/11/mike-rounds-attack-ads/17112161/ …pic.twitter.com/0IZiRdC78M";;@;;"885173935901470720";https://twitter.com/RestiveRabble/status/885173935901470720
FundacionEfrain;2017-07-12 12:24;0;0;"Want # HealthcareBill no chess match no politics as usual @ SenJackReed @ GrahamBlog @ LindseyGrahamSC @ SenatorRounds @ SenBobCorker @ JohnCornyn";;@ @ @ @ @ @;#;"885173085774729220";https://twitter.com/FundacionEfrain/status/885173085774729220
simor4653;2017-07-12 12:13;0;0;"@ SenatorRounds Voters want a health care plan, tax cuts at all levels, THE WALL,reforms, etc that we shouted. GET IT? Do it now! GOP nuts?";;@;;"885170139276206085";https://twitter.com/simor4653/status/885170139276206085
truestormlover;2017-07-12 12:12;0;0;"Get government out of healthcare. Or we will all end up going to a version of the VA # RepealOcare";;;#;"885169917535948800";https://twitter.com/truestormlover/status/885169917535948800
truestormlover;2017-07-12 12:11;0;0;"@ SenatorRounds The most important thing you can do is get government out of healthcare Or will all be going to a version of the VA # REPEAL";;@;#;"885169659552690178";https://twitter.com/truestormlover/status/885169659552690178
DJDJDJ888;2017-07-12 12:11;0;0;"@ SenatorRounds Repeal Obamacare! Or you will be replaced!";;@;;"885169631383756800";https://twitter.com/DJDJDJ888/status/885169631383756800
SenatorRounds;2017-07-12 11:56;1;3;"Tune in: at the top of the hour, I'll be live w @ FoxBusiness @ TeamCavuto to discuss health care, canceling part of August state work period";;@ @;;"885165928526348290";https://twitter.com/SenatorRounds/status/885165928526348290
RestiveRabble;2017-07-12 11:50;0;0;"@ SenatorRounds Campaign Ad 2014: “Pressler and Weiland support Obamacare. Mike Rounds will work to repeal it.” http://www.argusleader.com/story/davidmontgomery/2014/10/11/mike-rounds-attack-ads/17112161/ …pic.twitter.com/eEpUI0Om4k";;@;;"885164532284485633";https://twitter.com/RestiveRabble/status/885164532284485633
RestiveRabble;2017-07-12 10:51;0;0;"@ SenatorRounds Campaign Ad 2014: “Pressler and Weiland support Obamacare. Mike Rounds will work to repeal it.” http://www.argusleader.com/story/davidmontgomery/2014/10/11/mike-rounds-attack-ads/17112161/ …pic.twitter.com/TdshXymHsr";;@;;"885149553506131968";https://twitter.com/RestiveRabble/status/885149553506131968
RestiveRabble;2017-07-12 09:40;4;3;"@ SenatorRounds Campaign Ad 2014: “Pressler and Weiland support Obamacare. Mike Rounds will work to repeal it.” http://www.argusleader.com/story/davidmontgomery/2014/10/11/mike-rounds-attack-ads/17112161/ …pic.twitter.com/54B7xrIwvh";;@;;"885131876435976192";https://twitter.com/RestiveRabble/status/885131876435976192
ChildWelfareHub;2017-07-12 08:04;0;0;"@ SenatorRounds Health Bill Would Threaten Care for Kids in Foster Care - Medium https://medium.com/voices4kids/health-bill-would-threaten-care-for-kids-in-foster-care-8b5951d4bcfd?source=userActivityShare-5108137b92f6-1499861008 … # DoNoHarm";;@;#;"885107720487137280";https://twitter.com/ChildWelfareHub/status/885107720487137280
badlands_bob;2017-07-11 18:57;0;0;"@ SenJohnThune @ SenatorRounds Quit acting like you care. Replace "Obama" with "trump" and call it good. That's the part that matters, right?";;@ @;;"884909591959552000";https://twitter.com/badlands_bob/status/884909591959552000
susiekayj;2017-07-11 18:49;0;0;"Supporting Russia? Supporting wall while u take healthcare from millions? Supporting tax break 4 wealthy while u take tax breaks from poor?";;;;"884907537438359552";https://twitter.com/susiekayj/status/884907537438359552
susiekayj;2017-07-11 18:00;0;2;"Do u not understand the anger directed at u and GOP? If trumpcare passes the anger will soar. Your grandchildren will feel shame for u.";;;;"884895260698083330";https://twitter.com/susiekayj/status/884895260698083330
SenatorRounds;2017-07-11 17:44;4;11;"Glad Senate will remain working in DC for part of the scheduled Aug. in-state work period to keep working on health care, tax reform, budgetpic.twitter.com/0WFMwvtsb1";;;;"884891235726577664";https://twitter.com/SenatorRounds/status/884891235726577664
badlands_bob;2017-07-11 17:13;0;0;"Kill this abomination and START OVER. You SHOULD be working towards single-payer Medicare for all. VOTE NO";;;;"884883268847284224";https://twitter.com/badlands_bob/status/884883268847284224
RestiveRabble;2017-07-11 17:03;0;0;"@ SenatorRounds Campaign Ad 2014: “Pressler and Weiland support Obamacare. Mike Rounds will work to repeal it.” http://www.argusleader.com/story/davidmontgomery/2014/10/11/mike-rounds-attack-ads/17112161/ …pic.twitter.com/fOsxA1W92s";;@;;"884880964169728007";https://twitter.com/RestiveRabble/status/884880964169728007
badlands_bob;2017-07-11 17:01;0;0;"@ SenJohnThune @ SenatorRounds Stop pretending the # wealthcare bill is anything but a giveaway to ins & drug cos & richest 2%. VOTE NOhttps://twitter.com/RogueWhiteHouse/status/884821525005824006 …";;@ @;#;"884880420512219136";https://twitter.com/badlands_bob/status/884880420512219136
GWMacGillivray;2017-07-11 12:27;0;0;""We have to get over an Obamacare Hangover." - @ SenatorRounds (R-SD) at Cancel Recess Presser";;@;;"884811517379661824";https://twitter.com/GWMacGillivray/status/884811517379661824
jdanner46;2017-07-11 12:23;0;0;"@ SenateGOP good ideaRT @ AliceOllstein: @ SteveDaines . @ SenatorRounds says senators need more time to "ask the right Qs" on health care.";;@ @ @ @;;"884810424826429441";https://twitter.com/jdanner46/status/884810424826429441
LloydZiel;2017-07-11 12:22;0;0;"RT AliceOllstein: SteveDaines .SenatorRounds says senators need more time to "ask the right Qs" on health care.";;;;"884810070806192128";https://twitter.com/LloydZiel/status/884810070806192128
FundacionEfrain;2017-07-11 12:18;0;0;"AYE # HealthcareBill @ SenatorRounds @ SenBobCorker @ JohnCornyn @ SenatorLeahy @ MarkWarner @ SenatorCantwell @ Sen_JoeManchin @ SenRonJohnsonhttps://twitter.com/kmegargle/status/882750318961860608 …";;@ @ @ @ @ @ @ @;#;"884809199099797504";https://twitter.com/FundacionEfrain/status/884809199099797504
AliceOllstein;2017-07-11 12:12;3;3;". @ SenatorRounds says senators need more time to "ask the right Qs" on health care.";;@;;"884807544585285632";https://twitter.com/AliceOllstein/status/884807544585285632
aclimbr2;2017-07-11 09:08;0;0;"@ SenatorRounds repeal Obamacare you voted in past to do that, or support Cruz - Lee amendment.";;@;;"884761233915817984";https://twitter.com/aclimbr2/status/884761233915817984
chericirehc;2017-07-10 22:40;0;1;"That's a great question Ana! @ SenJohnThune @ SenatorRounds @RepKristiNoem, would you care to answer that for us? https://twitter.com/ananavarro/status/884599109180694528 …";;@ @ @RepKristiNoem;;"884603388192673793";https://twitter.com/chericirehc/status/884603388192673793
SDHCW;2017-07-10 22:23;0;0;"Please repel and replace Obama care - it's killing hard working Americans";;;;"884598874110926852";https://twitter.com/SDHCW/status/884598874110926852
gwenn_markham;2017-07-10 21:15;0;0;"@ johnthune @ SenatorRounds @RepKristiNoem. You promised to repeal Obama care. Don't take a month off.";;@ @ @RepKristiNoem;;"884581947661582337";https://twitter.com/gwenn_markham/status/884581947661582337
gwenn_markham;2017-07-10 21:03;0;0;". Please hurry up and repeal Obama care. It isn't working.";;;;"884578865124913157";https://twitter.com/gwenn_markham/status/884578865124913157
susiekayj;2017-07-10 19:47;0;0;"Your support of trumpcare will ensure that u are never elected again. U will be held personally responsible for every death. Live with that";;;;"884559702830592004";https://twitter.com/susiekayj/status/884559702830592004
susiekayj;2017-07-10 19:35;0;0;"Liar! Rounds will burn in hell for his premeditated murder. Obamacare just had it's most profitable quarter. GOP will never live this down.";;;;"884556783188049924";https://twitter.com/susiekayj/status/884556783188049924
malan_paquette;2017-07-10 16:35;0;0;"@ SenatorRounds where's BIA on this, is their federal funding to end too with O-care political sabotage/mass vulnerability event?";;@;;"884511404895502337";https://twitter.com/malan_paquette/status/884511404895502337
goodsam;2017-07-10 16:25;1;0;"111 nursing ctrs in # SouthDakota. Total pts served: 12,506. 52.3% of care covered by # Medicaid. @ SenJohnThune @ SenatorRounds @ ahcancal";;@ @ @;# #;"884508798437777408";https://twitter.com/goodsam/status/884508798437777408
goodsam;2017-07-10 16:21;3;1;"# Medicare & private insurance do not cover many of these critical services. # SaveMedicaid @ SenatorRounds @ SenJohnThunehttps://twitter.com/goodsam/status/884507206032424960 …";;@ @;# #;"884507984713445378";https://twitter.com/goodsam/status/884507984713445378
sunbeltgirl;2017-07-10 15:30;0;0;". @ senatorrounds Coverage isn't care! Keep fighting for # FullRepeal! # PJNETpic.twitter.com/NAB3JfFyUb";;@;# #;"884494935797497857";https://twitter.com/sunbeltgirl/status/884494935797497857
Doctor_Lesleigh;2017-07-10 14:59;0;0;"@ SenatorRounds, this article lays bare math that # Trumpcare uses to determine the worth of poor, sick peeps. Vote no http://www.forbes.com/sites/eriksherman/2017/06/26/how-much-is-a-dead-poor-person-worth-to-the-wealthy-3-million/#1827b24c2a4e …";;@;# #1827b24c2a4e;"884487329678622721";https://twitter.com/Doctor_Lesleigh/status/884487329678622721
Dwanesterrr;2017-07-10 14:03;0;0;"@ SenTomCotton @ JohnBoozman @ JeffFlake @ SenDanSullivan @ LisaMurkowski @ LutherStrange @ SenShelby # USA # MAGA # HealthcareBill";;@ @ @ @ @ @ @;# # #;"884473121884864512";https://twitter.com/Dwanesterrr/status/884473121884864512
Dwanesterrr;2017-07-10 02:31;0;0;"@ SenTomCotton @ JohnBoozman @ JeffFlake @ SenDanSullivan @ LisaMurkowski @ LutherStrange @ SenShelby # USA # MAGA # HealthcareBill @ NewtGingritch";;@ @ @ @ @ @ @ @;# # #;"884299038568230912";https://twitter.com/Dwanesterrr/status/884299038568230912
FundacionEfrain;2017-07-08 13:31;0;0;"@ RonWyden @ SenToomey @ SenJackReed @ GrahamBlog LindseyGrahamSC @ SenatorRounds @ SenBobCorker It’s about USA not U & me # HealthcareBill";;@ @ @ @ @ @;#;"883740442428399617";https://twitter.com/FundacionEfrain/status/883740442428399617
mylifeoncaffein;2017-07-08 11:41;0;0;"@RepKristiNoem @ SenatorRounds @ SenJohnThune South Dakota is a rural state, w/ rural hospitals in danger of closing. https://amp.cnn.com/cnn/2017/06/30/health/rural-hospitals-medicaid-cuts-health-care/index.html …";;@RepKristiNoem @ @;;"883712675301163009";https://twitter.com/mylifeoncaffein/status/883712675301163009
NamasteCathy;2017-07-07 18:12;0;0;"@ SenJohnThune @ SenatorRounds how is it you either don't know about this? or don't care about this? I know. I care. # impeachment for treason.https://twitter.com/kylegriffin1/status/883324895865778177 …";;@ @;#;"883448750353534977";https://twitter.com/NamasteCathy/status/883448750353534977
wicozani2;2017-07-07 13:15;0;0;"@ SenJohnThune @ SenatorRounds @RepKristiNoem # equity # fairness # leadership # ProtectOurCare # SouthDakota # UHC # MedicareForAllhttps://twitter.com/WHO/status/883358467091816450 …";;@ @ @RepKristiNoem;# # # # # # #;"883373995030073344";https://twitter.com/wicozani2/status/883373995030073344
kurtis17m;2017-07-07 11:46;0;0;". @ senatorrounds Obamacare 2.0 isn't the promise! # FullRepeal is! # PJNETpic.twitter.com/k8SJeOWrxS";;@;# #;"883351434544074752";https://twitter.com/kurtis17m/status/883351434544074752
DarleneShab;2017-07-06 23:49;0;0;"What're you doing for their healthcare & childcare? Why do you back a prez who's a proven nat sec risk, & corrupt to boot? Horrible.";;;;"883171040993488896";https://twitter.com/DarleneShab/status/883171040993488896
susiekayj;2017-07-06 21:41;0;1;"Rounds supported trumpcare taking many vets healthcare away. Doesn't seem like rounds cares much for vets.";;;;"883138914336354304";https://twitter.com/susiekayj/status/883138914336354304
Doctor_Lesleigh;2017-07-06 17:14;2;0;"@ SenatorRounds, in SD, healthcare premiums under # trumpcare will rise by 111%. Please save our lives and vote NO. pic.twitter.com/08xp7eMbW0pic.twitter.com/esxJQebt6u";;@;#;"883071668322672640";https://twitter.com/Doctor_Lesleigh/status/883071668322672640
FundacionEfrain;2017-07-06 14:30;0;0;"@ InhofePress @ SenJeffMerkley @ RonWyden @ SenToomey @ SenJackReed @ SenatorRounds @ SenatorTomUdall Don't beat a dead horse # Pass # HealthcareBill";;@ @ @ @ @ @ @;# #;"883030527057571840";https://twitter.com/FundacionEfrain/status/883030527057571840
susiekayj;2017-07-06 13:54;0;1;"U think this makes up for taking healthcare from millions? It doesn't. Vote rounds out!";;;;"883021245876449281";https://twitter.com/susiekayj/status/883021245876449281
susiekayj;2017-07-06 11:22;0;0;"Are u saying u don't support trumpcare which would take healthcare from many vets? Or did u lie to the vets? Vote rounds out!";;;;"882983084114804740";https://twitter.com/susiekayj/status/882983084114804740
FundacionEfrain;2017-07-05 14:07;0;0;"@ GrahamBlog @ LindseyGrahamSC @ SenatorRounds @ SenBobCorker @ JohnCornyn @ SenatorLeahy @ MarkWarner End # 7yearsBadLuck # Repeal # Obamacare";;@ @ @ @ @ @ @;# # #;"882662347499876353";https://twitter.com/FundacionEfrain/status/882662347499876353
RozlynnDowner;2017-07-05 14:02;1;0;"Is conservatism gone FOREVER? What happened to personal responsibility? # REPEALOBAMACARE completely! NO trumpcare! # UnitedforFreedom!";;;# #;"882661099518271488";https://twitter.com/RozlynnDowner/status/882661099518271488
RozlynnDowner;2017-07-05 14:00;1;1;"Only 40%? Scare tactics with lies! # REPEALObamacare completely as PROMISED! NO trumpcare! # UnitedforFreedom!";;;# #;"882660408187858948";https://twitter.com/RozlynnDowner/status/882660408187858948
WillyGlen;2017-07-05 12:57;1;0;". @ SenatorRounds 7 years of promising # fullrepeal of Ocare & w/GOP HOUSE/SEN-WH U R stabbing us in the back. # UnitedForFreedom # FullRepealpic.twitter.com/QnKztsyIEY";;@;# # #;"882644498421096448";https://twitter.com/WillyGlen/status/882644498421096448
airwaving;2017-07-04 22:54;0;0;"This supports the troops indeed:http://time.com/money/4699647/gop-health-care-plan-veterans/ …";;;;"882432522394664961";https://twitter.com/airwaving/status/882432522394664961
FundacionEfrain;2017-07-04 22:12;0;0;"# Patriots 4 # Healthcarebill R U 1 @ SenJeffMerkley @ SenToomey @ SenJackReed @ GrahamBlog @ LindseyGrahamSC @ SenatorRounds @ SenBobCorker";;@ @ @ @ @ @ @;# #;"882421920741953536";https://twitter.com/FundacionEfrain/status/882421920741953536
FundacionEfrain;2017-07-04 13:56;0;0;"@ SenJackReed @ GrahamBlog @ LindseyGrahamSC @ SenatorRounds @ SenSherrodBrown # HealthcareBill # DeclarationOfIndependence from # Obamacare";;@ @ @ @ @;# # #;"882297036623708160";https://twitter.com/FundacionEfrain/status/882297036623708160
scjr14312;2017-07-04 12:56;1;0;". @ SenatorRounds 36th time golfing. Is this someone who cares about Medicaid in S. Dakota? Stand with SD. VOTE NO! https://twitter.com/kylegriffin1/status/882238357870456834 …";;@;;"882281861917007874";https://twitter.com/scjr14312/status/882281861917007874
FundacionEfrain;2017-07-04 09:20;0;0;"@ SenJeffMerkley @ RonWyden @ SenToomey @ SenJackReed @ GrahamBlog @ LindseyGrahamSC @ SenatorRounds # HealthcareBill # American as # applepie";;@ @ @ @ @ @ @;# # #;"882227493696139264";https://twitter.com/FundacionEfrain/status/882227493696139264
WalksWithEagles;2017-07-03 13:48;0;0;"@ SenatorRounds Stop the Obstructionist BS! PASS a COMPLETE REPEAL of the economy killing ACA Obamacare disaster";;@;;"881932749896118273";https://twitter.com/WalksWithEagles/status/881932749896118273
scjr14312;2017-07-03 11:43;1;0;". @ SenatorRounds How are you going to replace all the health care jobs lost in South Dakota, when 64,000 lose health care? Job killing bill. https://twitter.com/charles_gaba/status/880429033158311936 …";;@;;"881901117155799040";https://twitter.com/scjr14312/status/881901117155799040
wordwarrior16;2017-07-03 10:59;0;0;"@ SenJohnThune @ SenatorRounds Do something about THIS, instead of taking away people's health care!!! https://twitter.com/AmazonianGal127/status/881663400782307328 …";;@ @;;"881890106558304257";https://twitter.com/wordwarrior16/status/881890106558304257
badlands_bob;2017-07-02 22:40;0;0;"Pay attn # SouthDakota, don't let infantile tweets distract from fact @RepKristiNoem @ SenJohnThune @ SenatorRounds still pushing # wealthcare";;@RepKristiNoem @ @;# #;"881704141281607680";https://twitter.com/badlands_bob/status/881704141281607680
jug227th;2017-07-02 10:30;0;0;"@ SenatorRounds Why shouldn't the citizens of South Dakota and Minnesota have the same healthcare. Why is one better and one worse?";;@;;"881520487607795714";https://twitter.com/jug227th/status/881520487607795714
DanSmith112263;2017-07-01 22:56;0;0;"TrumpCare is a tax cut for the super rich masquerading as healthcare. Gutting Medicaid hurts a generation of children like Beckett.";;;;"881345790303711238";https://twitter.com/DanSmith112263/status/881345790303711238
MarianneVerre;2017-07-01 20:34;2;0;"@ JerryMoran @ SenTedCruz @ SenatorRounds We are watching. Listen to constituents. Vote NO repeal # ACA NO # Trumpcare http://khn.org/news/mcconnell-has-about-200b-in-candy-to-make-deals-on-obamacare-repeal/ …";;@ @ @;# #;"881310074827821056";https://twitter.com/MarianneVerre/status/881310074827821056
greyhoundmom;2017-07-01 11:26;1;0;"@ SenJohnThune @ SenatorRounds @RepKristiNoem This as rich people get a massive tax break. It's not healthcare, it's # WEALTHCARE. Say NO.https://twitter.com/charles_gaba/status/880429033158311936 …";;@ @ @RepKristiNoem;#;"881172141777006594";https://twitter.com/greyhoundmom/status/881172141777006594
scjr14312;2017-07-01 11:11;1;0;". @ SenatorRounds how many in South Dakota health care industry will lose jobs, when this many in SD lose their health care? Job killing bill https://twitter.com/charles_gaba/status/880429033158311936 …";;@;;"881168456783147008";https://twitter.com/scjr14312/status/881168456783147008
TatankaMc;2017-07-01 10:34;1;0;"They'll be sorry without health care because eating meat causes heart disease, high cholesterol which leads to strokes, cancer, diabetes";;;;"881159127472406530";https://twitter.com/TatankaMc/status/881159127472406530
janemaryel;2017-07-01 09:21;0;0;"@ SenatorCollins @ SenDanSullivan @ lisamurkowski @ SenThomTillis @ SenToomey @ SenatorRounds @ marcorubio @ SenJohnHoeven # healthcare # KeepOurCarehttps://twitter.com/Pontifex/status/881112653237760001 …";;@ @ @ @ @ @ @ @;# #;"881140595510718464";https://twitter.com/janemaryel/status/881140595510718464
jim688691;2017-06-30 23:38;0;2;"Healthcare would be nice";;;;"880994071984189442";https://twitter.com/jim688691/status/880994071984189442
