Stormborn71;2017-07-24 19:40;0;0;"Look, I don't have the time nor inclination to explain the economics of basic healthcare principles to you. Good try, never going to work.";;;;"889631378505175040";https://twitter.com/Stormborn71/status/889631378505175040
Stormborn71;2017-07-24 19:36;0;0;"I gave you my plan. Be careful. I don't work for you. Try another. Yours doesn't work.";;;;"889630510733041664";https://twitter.com/Stormborn71/status/889630510733041664
Hi_IQ_Trump;2017-07-24 19:35;0;0;"Both insurance and medicare drive up costs. Doesn't solve the actual problem.";;;;"889630255685750785";https://twitter.com/Hi_IQ_Trump/status/889630255685750785
Stormborn71;2017-07-24 19:35;0;0;"And how would kids under 18 get care if it is more than their savings but less than deductible?";;;;"889630054292103169";https://twitter.com/Stormborn71/status/889630054292103169
Stormborn71;2017-07-24 19:34;0;0;"Cash? No one is talking cash. Medicaid, even in blue states, pays pittance compared to private payers. Medicare is th gold standard and fair";;;;"889629787144294400";https://twitter.com/Stormborn71/status/889629787144294400
Stormborn71;2017-07-24 19:32;0;0;"I think a two-tiered plan would be best. Expand Medicare for all, but still allow people to purchase private insurance.";;;;"889629456507207680";https://twitter.com/Stormborn71/status/889629456507207680
Hi_IQ_Trump;2017-07-24 19:31;0;0;"Medicaid would fund catastrophic care, not clinic care, including kids under 18.";;;;"889629250231336960";https://twitter.com/Hi_IQ_Trump/status/889629250231336960
Hi_IQ_Trump;2017-07-24 19:31;0;0;"The doctors that don't take Medicaid are better doing what they do, delivering more affordable care in cash.";;;;"889629043150249986";https://twitter.com/Hi_IQ_Trump/status/889629043150249986
Stormborn71;2017-07-24 19:25;0;0;"Dude, I chair a multi-million dollar healthcare trust, worked in healthcare for 20 yrs, & have my Masters in Healthcare Admin. Try again.";;;;"889627539601281024";https://twitter.com/Stormborn71/status/889627539601281024
Hi_IQ_Trump;2017-07-24 19:23;0;0;"Even if not, like I said, catastrophic care would be handled by Medicaid instead.";;;;"889627129016717314";https://twitter.com/Hi_IQ_Trump/status/889627129016717314
Stormborn71;2017-07-24 19:22;1;0;"Medicaid is being demolished by trumpcare. Next.";;;;"889626969142419456";https://twitter.com/Stormborn71/status/889626969142419456
pattyttt;2017-07-24 19:22;0;1;"why don't you and your colleagues work to pass a health care bill for all Americans, politicians included";;;;"889626963769479169";https://twitter.com/pattyttt/status/889626963769479169
harrwood12;2017-07-24 18:52;0;1;"A druggie or alcoholic gets a check and Medicaid no expense to them and the working people pay for Obamacare and the dead beats. Great sen.";;;;"889619270421929986";https://twitter.com/harrwood12/status/889619270421929986
harrwood12;2017-07-24 18:47;0;1;"Why is it so important to u to bankrupt people with Obamacare? It does not help anyone. U pay 300 a month have a 10k ded Total 13,600";;;;"889617979167715330";https://twitter.com/harrwood12/status/889617979167715330
V_robigg;2017-07-24 18:41;0;3;"It has to be repealed.Too many people in too many parts of country have literally no care because they have only one Ins. Co. & not accepted";;;;"889616624365580289";https://twitter.com/V_robigg/status/889616624365580289
Swingvoter44;2017-07-24 18:26;0;1;"I urge you to do the right thing, and send this third version of the health care bill to the dumpster.Thank you, Senator.";;;;"889612790813474816";https://twitter.com/Swingvoter44/status/889612790813474816
BenGunn007;2017-07-24 17:16;0;1;"The medical professionals they see you coming Maggie! Their days are numbered for out of control expenditure How's your healthcare plan?";;;;"889595054939090945";https://twitter.com/BenGunn007/status/889595054939090945
ArnoldLawson47;2017-07-24 16:14;0;2;"Americans should receive single pay healthcare! Provide it as easy as we provide CIA, FBI, CDC, military, coastgueards, etc..it can be done";;;;"889579616343658501";https://twitter.com/ArnoldLawson47/status/889579616343658501
Schmidterks1;2017-07-24 15:01;0;2;"Every single one of them! Congressman & senators alike! If the healthcare is so great get on board people";;;;"889561310219956225";https://twitter.com/Schmidterks1/status/889561310219956225
nh1Birddog;2017-07-24 14:00;1;2;"All federal employees should be required to use the VA for their health care. No exceptions.";;;;"889545833133346820";https://twitter.com/nh1Birddog/status/889545833133346820
frostnhstaterep;2017-07-24 11:50;5;5;"Dear @ SenatorHassan and @ SenatorShaheen; stand strong & defend # healthcare for everyonepic.twitter.com/okVyzHGa4H";;@ @;#;"889513051858374658";https://twitter.com/frostnhstaterep/status/889513051858374658
jackieaxeNH;2017-07-24 09:23;0;0;"@ SenatorHassan insulting # NH this morn saying # Obamacare failure is # TrumpsFault. Pathetic. Such a liar. # nhpolitics # nhdems # tcothttps://twitter.com/toddbookman/status/889474859197239296 …";;@;# # # # # #;"889476116062371840";https://twitter.com/jackieaxeNH/status/889476116062371840
toddbookman;2017-07-24 09:18;4;5;"Speaking at Exeter Hospital, @ SenatorHassan criticizes Trump Administration "sabotage" of Obamacare # nhpoliticspic.twitter.com/Lf0SlD19C6";;@;#;"889474859197239296";https://twitter.com/toddbookman/status/889474859197239296
hbarndollar;2017-07-24 09:06;2;1;". @ SenatorHassan meets with constituents at Exeter Hospital this morning. She'll speak on healthcare. @ seacoastonlinepic.twitter.com/V0ozoLhTv4";;@ @;;"889471878301192192";https://twitter.com/hbarndollar/status/889471878301192192
DianaRichard20;2017-07-23 07:54;0;0;"When will the Dems roll up sleeves and join the GOP to develop a healthcare plan that supports the people equally? Jump in & get it done!";;;;"889091389497200640";https://twitter.com/DianaRichard20/status/889091389497200640
UNHIOD;2017-07-22 13:50;4;5;"The importance of supporting caregivers by @ SenatorHassan http://ow.ly/tZXV30dBO2b";;@;;"888818438277394432";https://twitter.com/UNHIOD/status/888818438277394432
madmarNH;2017-07-22 11:10;0;0;"@ SenatorShaheen @ SenatorHassan please ensure Byrd Rule is followed on health care - your constituents support you!! https://www.indivisibleguide.com/resource/byrd-rule/ …";;@ @;;"888778395131281408";https://twitter.com/madmarNH/status/888778395131281408
michaelbedard64;2017-07-21 12:49;0;1;"Beats being forced to pay for what I don t want or need. Not fair. Do your job and pass a healthcare bill that works for all.americans.";;;;"888440727377719298";https://twitter.com/michaelbedard64/status/888440727377719298
michaelbedard64;2017-07-21 12:45;0;0;"Oh niw your a scientist. Hmmm. Do some work will you please get health care that's affordable for Americans instead of smog in china";;;;"888439877628506112";https://twitter.com/michaelbedard64/status/888439877628506112
DavidVictory01;2017-07-20 22:56;0;0;"Thank you, Maggie, for your steadfast resistance to these # GOPcare bills. They are nothing less than depraved.";;;#;"888231296408985602";https://twitter.com/DavidVictory01/status/888231296408985602
DavidVictory01;2017-07-20 22:50;0;0;"# Obamacare isn't a disaster. It's survived # GOP attempts at sabotage. Most Americans approve of it. http://www.gallup.com/poll/207671/affordable-care-act-gains-majority-approval-first-time.aspx …";;;# #;"888229761348194309";https://twitter.com/DavidVictory01/status/888229761348194309
58alexandrite;2017-07-20 19:11;0;0;". @ Senatorhassan more than 17.5 million Americans like me depend on Medicare Advantage. Help us protect it! http://www.medicarechoices.org";;@;;"888174523492839424";https://twitter.com/58alexandrite/status/888174523492839424
jandrewvelez;2017-07-20 17:38;0;0;"Hon Hassan I have an idea. Please submit to CBO the # MedicareForAll plan introduced in the House.";;;#;"888151027819610112";https://twitter.com/jandrewvelez/status/888151027819610112
scottcolati;2017-07-20 14:45;0;0;". @ SenatorCollins Really Senator?? WHY? Glad I left Maine for NH where @ SenatorShaheen and @ SenatorHassan support LGBTQ rights and healthcare https://twitter.com/huffpostqueer/status/888088675262889985 …";;@ @ @;;"888107499747819520";https://twitter.com/scottcolati/status/888107499747819520
BenGunn007;2017-07-20 14:07;0;4;"What makes you so hypocritical is you don't live on a plan as you advocate. If CBO is so great then how come Obamacare is such a disaster?";;;;"888098060529807361";https://twitter.com/BenGunn007/status/888098060529807361
nh1Birddog;2017-07-20 14:00;1;6;"How about coming up with a plan where the House and Senate are required to use the same health care options as their constituents?";;;;"888096275241082880";https://twitter.com/nh1Birddog/status/888096275241082880
DonCoffey8;2017-07-20 13:59;0;3;"What's your health care plan when Obamacare goes belly up?";;;;"888095983170707456";https://twitter.com/DonCoffey8/status/888095983170707456
SenatorHassan;2017-07-20 13:37;19;21;"Another day, another CBO score showing a GOP health care plan that would raise costs & rip insurance away from tens of millions of Americanshttps://twitter.com/bpolitics/status/888076978099810308 …";;;;"888090421422940161";https://twitter.com/SenatorHassan/status/888090421422940161
SolomonEnid;2017-07-20 02:58;0;0;"@ SenatorHassan SAVE afforable healthcare act. if cut millions of families will lose healthcare & be hurt by this # raiseyourvoice";;@;#;"887929722398621697";https://twitter.com/SolomonEnid/status/887929722398621697
ijvo1951;2017-07-20 02:02;0;0;"GOP health care bill would affect employer-based insurance http://www.cbsnews.com/news/here-is-how-the-american-health-care-act-would-affect-employer-based-insurance/ …";;;;"887915631869382656";https://twitter.com/ijvo1951/status/887915631869382656
ijvo1951;2017-07-20 01:38;0;0;"As long as your taken care of they citizens you pledged to protect can go without and pay for yours.";;;;"887909567002292229";https://twitter.com/ijvo1951/status/887909567002292229
Drew0Sullivan;2017-07-20 01:36;0;0;"I will not pay or support anyone capable of working, ANF if your job doesn't provide care get a better one.";;;;"887909089279434753";https://twitter.com/Drew0Sullivan/status/887909089279434753
Drew0Sullivan;2017-07-20 01:06;0;0;"And if it does I already paid years on my life, blood sweat and tears to get the bestsubpar healthcare available.";;;;"887901424063062020";https://twitter.com/Drew0Sullivan/status/887901424063062020
Drew0Sullivan;2017-07-20 00:54;0;0;"You want healthcare go for it You pick what you want covered and nothing more";;;;"887898399994937348";https://twitter.com/Drew0Sullivan/status/887898399994937348
ijvo1951;2017-07-20 00:53;0;0;"There is a cap on Medicare taxes and Social Security.";;;;"887898259158642690";https://twitter.com/ijvo1951/status/887898259158642690
Drew0Sullivan;2017-07-20 00:51;0;0;"2700 to Medicare 3500 in federal and 3000 to social security that does not benefit me";;;;"887897737429233664";https://twitter.com/Drew0Sullivan/status/887897737429233664
ijvo1951;2017-07-20 00:47;0;0;"What do you think of Medicare?";;;;"887896600290447360";https://twitter.com/ijvo1951/status/887896600290447360
Drew0Sullivan;2017-07-20 00:42;0;0;"I personally do not need healthcare coverage and see a doctor maybe once a decade. What am I paying for that benefits me?";;;;"887895433942630401";https://twitter.com/Drew0Sullivan/status/887895433942630401
ijvo1951;2017-07-20 00:39;0;0;"Why personal between you and your Insurance Company that profits off your Healthcare or Non-Profit Healthcare. I have fam in Canada love it.";;;;"887894754188505088";https://twitter.com/ijvo1951/status/887894754188505088
Drew0Sullivan;2017-07-20 00:36;0;0;"You're not getting it, I do use those and think taxes to keep them running are fantastic but healthcare is personal not public.";;;;"887894078532325376";https://twitter.com/Drew0Sullivan/status/887894078532325376
Michael99839770;2017-07-19 22:47;0;0;"Open your eye's. I'm talking to a wall. Oregon leftist. Poor nh Republican who doesn't want the government in my pants, bedroom, healthcare";;;;"887866416740929537";https://twitter.com/Michael99839770/status/887866416740929537
DucksWTD;2017-07-19 22:05;0;0;"No, 32 million MORE. For a total of 59 million. Because the Republicon scam isn't about healthcare, it's just a fat tax cut for the rich.";;;;"887856028158578688";https://twitter.com/DucksWTD/status/887856028158578688
Michael99839770;2017-07-19 20:59;0;0;"So we now have 27 million uninsured with obamacare now. Your saying it will go up by 5 million with gop plan? What about failing obamacare?";;;;"887839357197066240";https://twitter.com/Michael99839770/status/887839357197066240
linearithmetic;2017-07-19 19:02;0;0;"Why are you guys all of a sudden so worried if Obamacare wasn't in a death spiral?";;;;"887809828470444033";https://twitter.com/linearithmetic/status/887809828470444033
Michael99839770;2017-07-19 18:50;0;0;"From what I understand the union's don't take part in Obama's healthcare plan. Give that to the teachers and government unions. Good idea?";;;;"887806974779412481";https://twitter.com/Michael99839770/status/887806974779412481
jpmomof5;2017-07-19 18:39;0;0;"We do it now via homeowners insurance via catastrophic premiums/fee but I don't hear anyone screaming about that. # Fight4Medicare4All";;;#;"887804217552928769";https://twitter.com/jpmomof5/status/887804217552928769
alyssaehl;2017-07-19 17:26;0;0;"When did healthcare become a right?";;;;"887785715475652608";https://twitter.com/alyssaehl/status/887785715475652608
hannonk8;2017-07-19 15:39;1;0;"If Trump really wanted to discover importance of Medicaid to American families, he'd invite @ SenatorHassan and her son to lunch. # TRUMPcare";;@;#;"887758803055378438";https://twitter.com/hannonk8/status/887758803055378438
michaelbedard64;2017-07-19 13:54;0;1;"Maggie you should practice what you preach. I can't afford my healthcare. I have it...but I cant Oxford to use it. Thanks for nothing";;;;"887732384644444175";https://twitter.com/michaelbedard64/status/887732384644444175
nh1Birddog;2017-07-19 13:11;0;0;"Yo, Captain Obvious...ICYMI Americans already have access to quality, affordable health care....with or without Obamacare.";;;;"887721547770851328";https://twitter.com/nh1Birddog/status/887721547770851328
Inspiredrunner7;2017-07-19 12:57;1;0;"I think it's time our politicians lead and not tweet. I don't care how it's done but let's make a sensical change to healthcare. # timetolead";;;#;"887718141458960384";https://twitter.com/Inspiredrunner7/status/887718141458960384
linearithmetic;2017-07-19 12:51;0;0;"The same figures predicted double enrollment for Obamacare than actual.";;;;"887716645006852096";https://twitter.com/linearithmetic/status/887716645006852096
BenGunn007;2017-07-19 12:48;0;4;"I think you are getting confused with socialism. The last thing we need is socialized single payer healthcare!";;;;"887715890829152258";https://twitter.com/BenGunn007/status/887715890829152258
Michael99839770;2017-07-19 12:48;0;0;"If they didn't factor in a Russia conspiracy they should have locked up Hillary before her run. Keep obamacare sounds good to me.";;;;"887715744481411075";https://twitter.com/Michael99839770/status/887715744481411075
Michael99839770;2017-07-19 12:35;0;0;"Take all of the exemptions out of Obama's care. Make the unions take part have the politicians take part. The tax paying proles only ones in";;;;"887712575055699975";https://twitter.com/Michael99839770/status/887712575055699975
ZachRippett;2017-07-19 12:29;0;0;"1. Did you just RT your own reply? 2. Daily wire? 3. Take it from one of your own neighbors: https://www.unh.edu/healthyunh/blog/2013/02/my-experience-using-england%E2%80%99s-healthcare …";;;;"887711049893515265";https://twitter.com/ZachRippett/status/887711049893515265
ZachRippett;2017-07-19 12:24;0;2;"http://www.politifact.com/punditfact/statements/2017/mar/26/hugh-hewitt/obamacare-death-spiral/ …";;;;"887709687579385857";https://twitter.com/ZachRippett/status/887709687579385857
ZachRippett;2017-07-19 12:23;0;1;"Medicaid is government healthcare. People will literally die without it. This isn't a game. Also, it's "they're."";;;;"887709585884286977";https://twitter.com/ZachRippett/status/887709585884286977
ZachRippett;2017-07-19 12:21;0;1;"That study is by the OECD, which is a self-proclaimed economic organization that has no business or stake in people's healthcare.";;;;"887709017274974208";https://twitter.com/ZachRippett/status/887709017274974208
ZachRippett;2017-07-19 12:15;0;4;"For-profit insurance companies should have no business, either. No country with universal healthcare has ever voted to abolish it. It works.";;;;"887707583452205058";https://twitter.com/ZachRippett/status/887707583452205058
Michael99839770;2017-07-19 12:12;0;0;"Democrats Obama's care, it's failing. When it does, we'll all have the Veterans Administration, single payer. THAT'S YOUR PLAN! NO THANKS";;;;"887706648982278145";https://twitter.com/Michael99839770/status/887706648982278145
SenatorHassan;2017-07-19 12:04;46;146;"In a democracy, every person counts, and every person deserves access to quality, affordable health care.pic.twitter.com/kfR6FXXgYt";;;;"887704832710193152";https://twitter.com/SenatorHassan/status/887704832710193152
GreggHoush;2017-07-19 11:22;0;0;"@ Senatorhassan $765 billion per year lost in US healthcare system. Want to fix healthcare? Maybe start with this https://www.propublica.org/article/the-myth-of-drug-expiration-dates …";;@;;"887694232319873025";https://twitter.com/GreggHoush/status/887694232319873025
Trace_Width;2017-07-19 11:02;0;0;"all I heard was "WAAAAaaaa....I want free stuff!!! I don't want to work for it. *cry* I want the government to take care of me it's my right";;;;"887689068108279813";https://twitter.com/Trace_Width/status/887689068108279813
vairamsvs;2017-07-19 04:07;0;0;"Get rid-off of the sexist symbol in WH first who wants to get rid-off medicaid and healthcare";;;;"887584650452914176";https://twitter.com/vairamsvs/status/887584650452914176
spinesnh;2017-07-18 23:17;0;0;"@ SenatorHassan no summer vacation until we get a health care plan was together get it done you want my first choice but you're all we got";;@;;"887511648197632000";https://twitter.com/spinesnh/status/887511648197632000
alyssaehl;2017-07-18 21:02;0;1;"MSNBC and their scare tactics. # obstructionist";;;#;"887477681545248773";https://twitter.com/alyssaehl/status/887477681545248773
randymelder;2017-07-18 20:59;0;1;"1) repeal ACA 2) open medicare to all 3) open interstate insurance 4) address costs of care It's not that difficult.";;;;"887476940159893504";https://twitter.com/randymelder/status/887476940159893504
jweb196980;2017-07-18 20:46;0;0;"No it wouldn't. Your confusing this with the deplorable healthcare plan. Nut..";;;;"887473712571789312";https://twitter.com/jweb196980/status/887473712571789312
HoraceBatcheld1;2017-07-18 20:45;0;0;"Not good enough.We want # singlepayernow. We deserve an # NHSforUSA. # MedicareForAll @ SenSchumer @NancyPelosi @ SenateDems @ DNC @ SenSanders";;@ @NancyPelosi @ @ @;# # #;"887473394308063233";https://twitter.com/HoraceBatcheld1/status/887473394308063233
michaelbedard64;2017-07-18 19:12;0;0;"News flash maggie. My health care costs are though the roof and going up every year. I can't take any more. Going broke because of aca";;;;"887449970521059328";https://twitter.com/michaelbedard64/status/887449970521059328
tdflowsmart;2017-07-18 18:39;0;0;"Get back to actual "work " or go home and take care of your son. I'm sure he misses you.";;;;"887441733939859456";https://twitter.com/tdflowsmart/status/887441733939859456
tijfbutler;2017-07-18 18:09;0;0;"Saying that Obamacare was a bipartisan bill is total fiction. You guys wrote it. You passed it. You own it.";;;;"887434088025661440";https://twitter.com/tijfbutler/status/887434088025661440
Matt_Kleen;2017-07-18 18:01;0;1;"We don't believe you, the architects of this disastrous Obamacare. We don't trust Democrats (the Resistorance Party) anymore. Sigh.";;;;"887432159509794816";https://twitter.com/Matt_Kleen/status/887432159509794816
AFJacobs;2017-07-18 17:45;0;0;"If you missed @ SenatorHassan talking to @ mitchellreports about the road ahead on health care earlier check it out here # nhpoliticshttps://twitter.com/SenatorHassan/status/887404450280869889 …";;@ @;#;"887428232559161344";https://twitter.com/AFJacobs/status/887428232559161344
darigoni12;2017-07-18 17:05;0;0;"Didn't say that there was ANOTHER bill, said that compromise bill was created. Read section about "Healthcare debate, 2008-2010".";;;;"887418177361248258";https://twitter.com/darigoni12/status/887418177361248258
kepola808;2017-07-18 17:00;0;0;"No Maggie! Rates are already high & increasing; deductibles beyond that! Few insurance options. That's not healthcare! Just stop already!";;;;"887416911700439040";https://twitter.com/kepola808/status/887416911700439040
BenGunn007;2017-07-18 16:40;1;1;"It's your healthcare plan that's failed so you fix it! You didn't want to work with the rest of the Senate. Your problem come reelection!";;;;"887411775863488512";https://twitter.com/BenGunn007/status/887411775863488512
RSmith5929;2017-07-18 16:35;0;1;"We must regulate the cost of prescriptions and premiums to stabilize health care costs first.";;;;"887410394570076164";https://twitter.com/RSmith5929/status/887410394570076164
debdwyer16;2017-07-18 16:24;0;0;"We needed Bipartisanship BEFORE ACA was passed and also when GOP was trying to come up with replacement! Vote to repeal failed Obamacare!";;;;"887407654309691394";https://twitter.com/debdwyer16/status/887407654309691394
tijfbutler;2017-07-18 16:23;0;0;"Why do we need to lower costs when Obamacare was supposed to do that? It failed and is terminal. People have and will suffer because of ACA.";;;;"887407578384355329";https://twitter.com/tijfbutler/status/887407578384355329
SmiIingBob;2017-07-18 16:14;0;0;"And you listened? Why won't you listen to Veterans about thier problems? Must not be one of the 2 days a year you pander and pretend to care";;;;"887405139543420928";https://twitter.com/SmiIingBob/status/887405139543420928
SenatorHassan;2017-07-18 16:11;123;279;"New @ SenateGOP plan would cause premiums to skyrocket. We need bipartisanship to fix what isn't working and lower health care costs.pic.twitter.com/UvLm8M8lPn";;@;;"887404450280869889";https://twitter.com/SenatorHassan/status/887404450280869889
Arlo3833;2017-07-18 14:15;0;0;"You mean subsidize not stabilize..sorry not part of deal. Keep Obamacare- fine, but $42B in subsidy is going away. Time for some transprcy";;;;"887375403391778818";https://twitter.com/Arlo3833/status/887375403391778818
CoryeaMark;2017-07-18 13:32;0;0;"Only free market capitalism can fix health care. Get the government out of it.";;;;"887364435400159233";https://twitter.com/CoryeaMark/status/887364435400159233
freddieJoe1;2017-07-18 13:03;0;0;"@ SenatorHassan Senator, your son's healthcare is not my responsibility but is, in fact, yours. I take offense when govt steals for his care.";;@;;"887357180457910272";https://twitter.com/freddieJoe1/status/887357180457910272
ShaunaTweets;2017-07-18 13:02;0;0;"@ SenatorHassan Imagine next year's headline: Making History, Senate Women "Bare Arms". Bi-partisan Female Committee Fix Healthcare for GOOD.";;@;;"887356827842650112";https://twitter.com/ShaunaTweets/status/887356827842650112
burbage_fern;2017-07-18 12:59;0;0;"@ SenatorHassan we need help on special needs? Insurance advice? I care for 2 kids. Their mom has no ins. It's very expensive. What to do?";;@;;"887356142963363840";https://twitter.com/burbage_fern/status/887356142963363840
nh1Birddog;2017-07-18 12:46;0;1;"You DemocRats wanted Obamacare and you own Obamacare. When it collapses your constituents will thank you at the ballot box.";;;;"887352923738562560";https://twitter.com/nh1Birddog/status/887352923738562560
TashkaTik;2017-07-18 12:45;0;0;"@ mitchellreports @ SenatorHassan Millions of us do not have HC bec of greedy, black-prez-hating Repubs who did not expand Medicare. Fix it.";;@ @;;"887352702275080192";https://twitter.com/TashkaTik/status/887352702275080192
AKES247;2017-07-18 12:31;0;0;"Get out of the American's healthcare!";;;;"887349020758245377";https://twitter.com/AKES247/status/887349020758245377
SenatorHassan;2017-07-18 11:41;39;149;"I’m heading to the Senate floor to highlight why we need to pass @ SenatorShaheen’s bill to stabilize the health care market & lower premiums";;@;;"887336518905364480";https://twitter.com/SenatorHassan/status/887336518905364480
Marlisehome2;2017-07-18 10:31;0;0;"@ SenatorHassan Please work w/ other Dems for proposals to REPAIR Obamacare, for the good of the people.";;@;;"887318831189905408";https://twitter.com/Marlisehome2/status/887318831189905408
FundacionEfrain;2017-07-18 09:39;0;0;"Repeal n Replace # HealthcareBill @ SenMurphyOffice @ senorrinhatch @ SenWarren @SenKaineOffice @ lisamurkowski @ SenatorHassan @ SenatorTimScotthttps://twitter.com/guypbenson/status/886977976453054464 …";;@ @ @ @SenKaineOffice @ @ @;#;"887305918387499008";https://twitter.com/FundacionEfrain/status/887305918387499008
DeniseL66893818;2017-07-18 09:34;0;0;"@ SenatorHassan @ RepSheaPorter @ SenatorShaheen quit playing politics and get things done if u want 2 keep ur seats: healthcare, confirmations";;@ @ @;;"887304697677262848";https://twitter.com/DeniseL66893818/status/887304697677262848
sgzartman;2017-07-17 22:31;0;1;"@ SenatorCollins @ SenWarren @ SenatorHassan @ SenGillibrand 2 failed # HealthcareBill attempts. It's time the women lead & organize the solution";;@ @ @ @;#;"887137644291006466";https://twitter.com/sgzartman/status/887137644291006466
TheLadycowvet;2017-07-17 21:15;0;0;"# killthebill - Trumpcare is a bad bad bill. Tomorrow thank @ SenatorHassan at 5 pm Portsmouth office for her work to defend the ACA.";;@;#;"887118625890598915";https://twitter.com/TheLadycowvet/status/887118625890598915
jackieaxeNH;2017-07-17 17:56;0;1;"# Obamacare SUCKS. Name calling the pple trying to fix it is unhelpful # nhpolitics # nh";;;# # #;"887068518100938752";https://twitter.com/jackieaxeNH/status/887068518100938752
Ellen4Trump;2017-07-17 16:38;0;1;"You're not fooling anyone with your rhetoric. Your healthcare was set up to fail.";;;;"887048948824911873";https://twitter.com/Ellen4Trump/status/887048948824911873
DFusit;2017-07-17 16:36;0;1;"Dr's only fear is losing the ability to fleece the taxpayers. Get the gov. out of healthcare now. Free market reforms only. No to Socialism.";;;;"887048444522745862";https://twitter.com/DFusit/status/887048444522745862
arc_dust;2017-07-17 15:53;0;0;"Wise words from a wise woman...take heed "avoid the mistake that President Obama made" :http://thehill.com/policy/healthcare/341316-collins-on-healthcare-bill-i-do-need-a-complete-overhaul-to-get-to-a-yes …";;;;"887037600246247424";https://twitter.com/arc_dust/status/887037600246247424
nhdjinn;2017-07-17 15:52;0;1;"Still lying 10years Medicare increases from 400b to 600b. Can dems ever tell the truth. The days when Americans remain silent are over";;;;"887037214768730113";https://twitter.com/nhdjinn/status/887037214768730113
SenatorHassan;2017-07-17 15:43;16;34;"ICYMI: Doctors & patients shared stories with me about how Medicaid saves lives & their fear of # Trumpcare's cutshttp://bit.ly/2t8L59X";;;#;"887035013564424193";https://twitter.com/SenatorHassan/status/887035013564424193
_danhabib;2017-07-17 14:15;8;11;"In a democracy, every single person counts, & every single person needs to be able to get healthcare. @ SenatorHassan # medicaidtoschools";;@;#;"887012981594345472";https://twitter.com/_danhabib/status/887012981594345472
UNHIOD;2017-07-17 14:12;1;1;"In a democracy every single person counts, & every single person needs to be able to get healthcare. @ SenatorHassan # medicaidtoschools";;@;#;"887012149440237570";https://twitter.com/UNHIOD/status/887012149440237570
AARPNH;2017-07-17 13:17;0;2;". @ SenatorHassan and @ SenatorShaheen , please # VoteNo on this Senate health care bill # AgeTaxhttps://twitter.com/AARPNH/status/886973640142618626 …";;@ @;# #;"886998224543916032";https://twitter.com/AARPNH/status/886998224543916032
SolomonEnid;2017-07-17 00:14;0;0;"@ SenatorHassan Vote NO on new healthcare bill. millions of men women children will lose healthcare & be hurt by this # raiseyourvoice";;@;#;"886801367678963712";https://twitter.com/SolomonEnid/status/886801367678963712
kgnrn;2017-07-16 08:10;0;2;"“Granite Staters Speak Out: How Senate Republicans’ Trumpcare Bill Would Hurt Them” by @ SenatorHassan https://medium.com/@SenatorHassan/granite-staters-speak-out-how-senate-republicans-trumpcare-bill-would-hurt-them-b39b594842c5 …";;@ @SenatorHassan;;"886558720775397376";https://twitter.com/kgnrn/status/886558720775397376
AARPNH;2017-07-16 01:45;2;2;"The Senate health care bill remains wildly unpopular. Thx @ SenatorHassan & @ SenatorShaheen for planning to # voteno. http://spr.ly/60138SDZZ";;@ @;#;"886461753483300864";https://twitter.com/AARPNH/status/886461753483300864
AARPNH;2017-07-15 15:00;2;1;"No backroom deal can fix this health care bill; our radio ad asks Sens to # VoteNo. http://spr.ly/60168qfE0 @ SenatorHassan @ SenatorShaheen";;@ @;#;"886299334257643521";https://twitter.com/AARPNH/status/886299334257643521
michaelbedard64;2017-07-15 11:31;0;0;"Then sit your ads down with the republicans and get a great healthcare bill passed. DO YOUR JOB. FOR THE LOVE OF GOD.";;;;"886246914748014593";https://twitter.com/michaelbedard64/status/886246914748014593
BetYourBippy;2017-07-15 10:50;0;0;"Just a few short months ago, GOP candidates pretended to "care" about addiction, while dissing ACA. (Duh!! "Connect the dots.")";;;;"886236490577084417";https://twitter.com/BetYourBippy/status/886236490577084417
jackieaxeNH;2017-07-15 09:28;0;0;"# nhpolitics press didn't care when30million lost their insurance b/c of Obamacare.&Theres2many bums not paying their h/c costs # nhpolitics";;;# #;"886215882678165504";https://twitter.com/jackieaxeNH/status/886215882678165504
debsmithbeach;2017-07-15 09:01;0;0;"@ SenatorHassan @ SenatorShaheen @ TeamSheaPorter Thank you for your consistent support during this health care debacle. I'm a cancer patient.https://twitter.com/asco/status/885611821205467136 …";;@ @ @;;"886209018548584449";https://twitter.com/debsmithbeach/status/886209018548584449
AFJacobs;2017-07-15 08:13;9;12;"In today's @ FostersDailyDem: @ SenatorHassan hears worries about Trumpcare # nhpoliticshttp://www.seacoastonline.com/news/20170714/hassan-hears-worries-about-trumpcare …";;@ @;#;"886196973640056834";https://twitter.com/AFJacobs/status/886196973640056834
number_five5;2017-07-14 19:59;0;0;"@ SenatorShaheen @ SenatorHassan @ CoryBooker @ SenWarren @ alfranken Healthcare bill sucks. Exempting congress from changes wicked sucks.";;@ @ @ @ @;;"886012297218535425";https://twitter.com/number_five5/status/886012297218535425
SenDavidWatters;2017-07-14 18:27;0;1;"@ SenatorHassan listens & leads on healthcare and opioid crisis as she did when governor. Strong defense of Medicaid exp. @ NHDems @ SOS_RCOpic.twitter.com/9ddNC7mdlD";;@ @ @;;"885989076968648705";https://twitter.com/SenDavidWatters/status/885989076968648705
AARPNH;2017-07-14 16:16;1;0;"The health care bill=higher costs, less coverage. Listen to our new radio ad; http://spr.ly/60148q4hC @ SenatorHassan @ SenatorShaheen # VoteNo";;@ @;#;"885956189489577989";https://twitter.com/AARPNH/status/885956189489577989
BenGunn007;2017-07-14 15:11;0;0;"Did they make comments about hiw disastrous Obamacare is? What will they do about that?";;;;"885939736237531137";https://twitter.com/BenGunn007/status/885939736237531137
Arlo3833;2017-07-14 14:43;0;1;"Imagine the stories of those who won't be able to afford Obamacare as subsidy runs dry. This is propaganda, not a solution.";;;;"885932770920366080";https://twitter.com/Arlo3833/status/885932770920366080
SenatorHassan;2017-07-14 14:04;26;38;"Heard powerful stories from patients and doctors at Goodwin Community Health about how harmful # Trumpcare's Medicaid cuts would bepic.twitter.com/h0B6Snpc5e";;;#;"885923021285982208";https://twitter.com/SenatorHassan/status/885923021285982208
PPNHAF;2017-07-14 12:36;0;1;". @ SenatorShaheen and @ SenatorHassan are standing firmly against # Trumpcare 2.0 # nhpolitics # StandWithPP https://www.nytimes.com/interactive/2017/07/13/us/politics/senate-revised-health-care-whip-count.html?smid=fb-nytupshot&smtyp=cur …pic.twitter.com/ildwgGdjZE";;@ @;# # #;"885900818939031556";https://twitter.com/PPNHAF/status/885900818939031556
RichFaria;2017-07-14 12:35;0;0;"@ SenCapito @ SenatorShaheen @ SenatorHassan As a 70-71 Vietnam Veteran, I am proud of your country before party. http://proudemocrat.com/gop-senator-bravely-chooses-country-before-party-i-have-to-be-that-one-person-to-kill-trumpcare/ …";;@ @ @;;"885900626231787520";https://twitter.com/RichFaria/status/885900626231787520
michaelbedard64;2017-07-14 12:13;0;0;"Like i said jean the hack. Find a Republican sit and talk to fix health care. Do some real work. And get it done. I will remember in 5 years";;;;"885894929767170048";https://twitter.com/michaelbedard64/status/885894929767170048
DartmouthHitch;2017-07-14 09:42;0;0;"The importance of supporting # caregivers; an op-ed from @ SenatorHassan - http://bit.ly/2uY9OPP  via @ thehill";;@ @;#;"885856912851562497";https://twitter.com/DartmouthHitch/status/885856912851562497
FundacionEfrain;2017-07-14 09:21;0;0;"Work 2gether on # HealthcareBill 4 US @ SenToddYoung @ SenMurphyOffice @ senorrinhatch @ SenWarren @SenKaineOffice @ lisamurkowski @ SenatorHassan";;@ @ @ @ @SenKaineOffice @ @;#;"885851770035064835";https://twitter.com/FundacionEfrain/status/885851770035064835
Monadnock_Notes;2017-07-14 07:52;0;0;"@ SenatorShaheen @ SenatorHassan instead of dwelling on # FakeNews & keeping the enslaving # Obamacare pls work with @ POTUS to replace & help.https://twitter.com/ShermansNotes/status/885763743912775680 …";;@ @ @;# #;"885829467997917185";https://twitter.com/Monadnock_Notes/status/885829467997917185
Monadnock_Notes;2017-07-14 07:19;0;1;"# fridayfeeling @ SenatorShaheen @ SenatorHassan representing NH are responsible for # Obamacare & not replaced. Work with @ SenateMajLdr now.";;@ @ @;# #;"885821026239754242";https://twitter.com/Monadnock_Notes/status/885821026239754242
DeepStateVoter;2017-07-13 20:07;0;1;"Without Obamacare my husband's heart condition would have bankrupted us. The second heart heart attack would've made us uninsurable.";;;;"885652055075037184";https://twitter.com/DeepStateVoter/status/885652055075037184
nhdjinn;2017-07-13 19:31;0;0;"Really now dems care about cost. Did you speak up about obamacare 8 years ago. But in your other tweets you want more $ for opioid.";;;;"885642904663986176";https://twitter.com/nhdjinn/status/885642904663986176
CoryeaMark;2017-07-13 19:11;0;0;"I don't believe your scare tactics Dear Senator. Speak honestly to your constituents.";;;;"885637816243367936";https://twitter.com/CoryeaMark/status/885637816243367936
alyssaehl;2017-07-13 19:04;0;0;"When did healthcare become a right?";;;;"885636143135502336";https://twitter.com/alyssaehl/status/885636143135502336
alyssaehl;2017-07-13 19:04;0;0;"Democrats are obstructing economic progress; infrastructure, heath care & tax reform. Time to remove Dems w/ GOP who takes action. Vote GOP";;;;"885636007189676032";https://twitter.com/alyssaehl/status/885636007189676032
SenatorHassan;2017-07-13 17:28;20;30;"WH opioid commission repeatedly misses deadlines while admin continues trying to pass # Trumpcare which would devastate response to crisis https://twitter.com/JaxAlemany/status/885523753345613824 …";;;#;"885611885646798848";https://twitter.com/SenatorHassan/status/885611885646798848
AmandaNLaporte;2017-07-13 16:14;0;2;"Keep fighting Trumpcare & the Cruz amndt";;;;"885593175703900161";https://twitter.com/AmandaNLaporte/status/885593175703900161
gale5683102891;2017-07-13 15:22;0;0;"We don't want ACA or GOP bill, they both suck! WE want single payer Medicare for all as proposed by all progressives! No more corporate HC!";;;;"885580192131010565";https://twitter.com/gale5683102891/status/885580192131010565
gale5683102891;2017-07-13 15:18;0;0;"@ SenatorHassan Let's join the rest of the world with single payer Medicare for all. Listen to the voters, it is what WE want, not Congress!";;@;;"885579311650045952";https://twitter.com/gale5683102891/status/885579311650045952
BenGunn007;2017-07-13 14:14;0;1;"No fixing the Trumpcare Bill! Really? Obamacare is a disaster. How come now you offer to work with fellow Senators? Please give us a break?";;;;"885563100384178176";https://twitter.com/BenGunn007/status/885563100384178176
Arlo3833;2017-07-13 14:10;0;1;"Okay let Obamacare stand as is..no added subsidy. What happens?";;;;"885562049086074882";https://twitter.com/Arlo3833/status/885562049086074882
alyssaehl;2017-07-13 14:04;0;2;"Democrats are obstructing economic progress; infrastructure, heath care & tax reform. Time to remove Dems w/ GOP who takes action. Vote GOP";;;;"885560692908195844";https://twitter.com/alyssaehl/status/885560692908195844
SenatorHassan;2017-07-13 13:57;19;60;"I'm ready to work with anyone who is serious about lowering health care costs and expanding coverage, but this bill would do the opposite.";;;;"885558818746359810";https://twitter.com/SenatorHassan/status/885558818746359810
SenatorHassan;2017-07-13 13:56;53;104;"With latest version released, it's abundantly clear there is no fixing the # Trumpcare bill - still leads to higher costs for worse coverage";;;#;"885558515389140992";https://twitter.com/SenatorHassan/status/885558515389140992
ghiggyluv;2017-07-13 13:02;0;0;"@ SenatorHassan Please vote NO on healthcare bill.";;@;;"885544976133869569";https://twitter.com/ghiggyluv/status/885544976133869569
DanielGdh12003;2017-07-13 12:20;0;4;"Another attempt to undermine quality health care for the bottom half of income earners, Older Americans, the disabled and the poor";;;;"885534346957991937";https://twitter.com/DanielGdh12003/status/885534346957991937
luckybecky77;2017-07-13 11:58;0;0;"Let's all be caregivers in any way we can whether it be support through legislation or caring for one another";;;;"885528762535772164";https://twitter.com/luckybecky77/status/885528762535772164
SenatorHassan;2017-07-13 11:38;20;42;"My op-ed on why it's critical that we work together to give caregivers the support they need:http://bit.ly/2vgNP68";;;;"885523896350453761";https://twitter.com/SenatorHassan/status/885523896350453761
Matt_Kleen;2017-07-12 23:30;0;0;"Republicans could add 100 Trillion dollars to health care. Democrats would complain. ACA is destroying my retirement funds!";;;;"885340680691830784";https://twitter.com/Matt_Kleen/status/885340680691830784
woodweaselz;2017-07-12 23:26;0;0;"Ed Markey is buffoon who has never put forth one single item of meaningful legislation in his meaningless career.";;;;"885339565422202880";https://twitter.com/woodweaselz/status/885339565422202880
AARPNH;2017-07-12 21:39;2;0;"83% of NH folks w/ Medicare are 65+, yet the Senate health care bill will increase Medicare premiums. # VoteNo @ SenatorHassan @ SenatorShaheen";;@ @;#;"885312672941694976";https://twitter.com/AARPNH/status/885312672941694976
SkiCycle52;2017-07-12 20:14;0;0;"# Obamcare certainly is NOT it that Unaffordable POS must go, get to work and get it done and stop complaining to the corrupt media, MORONS!";;;#;"885291300290912256";https://twitter.com/SkiCycle52/status/885291300290912256
rbmarchi40;2017-07-12 18:43;0;1;"Wouldn't it be better for the burden of healthcare options be by the insurance co's? Seems taxpayers are footing the bill (subsidies).";;;;"885268300808179712";https://twitter.com/rbmarchi40/status/885268300808179712
JerseyJoe74;2017-07-12 16:52;0;0;"I'm a New Jerseyian and I want a full repeal. Get the government out of health care.";;;;"885240582448328705";https://twitter.com/JerseyJoe74/status/885240582448328705
poljk;2017-07-12 16:48;0;0;"Seems to me they investigate health care problems not talking points. They are unfit to serve the USA";;;;"885239547541557248";https://twitter.com/poljk/status/885239547541557248
HoraceBatcheld1;2017-07-12 16:30;0;0;"@ SenSchumer @NancyPelosi @ SenGillibrand @ HouseDemocrats @ DNC Defeat # trumpcare then # singlepayer. We deserve an # NHSforUSA. # MedicareForAll";;@ @NancyPelosi @ @ @;# # # #;"885234985376112640";https://twitter.com/HoraceBatcheld1/status/885234985376112640
HoraceBatcheld1;2017-07-12 16:28;0;0;"@ SenSchumer @NancyPelosi @ HouseDemocrats @ DNC @ SenGillibrand Defeat # trumpcare then # singlepayer. We deserve an # NHSforUSA. # MedicareForAll";;@ @NancyPelosi @ @ @;# # # #;"885234472509210624";https://twitter.com/HoraceBatcheld1/status/885234472509210624
RobertKMcLellan;2017-07-12 16:27;0;0;"@ SenatorHassan From a constituent & @ ACOEM member: # healthcarebill must inc EHBs for prevention, wellness, & substance abuse treatment";;@ @;#;"885234065556766720";https://twitter.com/RobertKMcLellan/status/885234065556766720
mklpharmer;2017-07-12 16:14;4;7;"Meeting with @ SenatorHassan to talk # 340b and how @ DartmouthHitch uses program to increase access to healthcare. # save340b @ 340BCoalitionpic.twitter.com/F73nIu8JrO";;@ @ @;# #;"885230816078508034";https://twitter.com/mklpharmer/status/885230816078508034
SwedishChief;2017-07-12 16:00;0;0;"Try reading:http://www.zerohedge.com/news/2017-07-10/obamacare-death-spiral-least-2-million-adults-ditch-coverage-2017-amid-soaring-premi …";;;;"885227313608237059";https://twitter.com/SwedishChief/status/885227313608237059
joeydog410;2017-07-12 15:56;0;0;"a cruel trick. yeah, that sounds like Cruz. he also said Texan's aren't patriots cuz they care less if the Kremlin is pushing our elections";;;;"885226316152406017";https://twitter.com/joeydog410/status/885226316152406017
d__el;2017-07-12 15:56;0;1;"Here’s an idea: Bob, you can pay for her healthcare. Would be a great move on your part and legal too (unlike # ACA)";;;#;"885226295709376513";https://twitter.com/d__el/status/885226295709376513
bettleware;2017-07-12 15:47;0;0;"Medicare needs to have dental care!";;;;"885224029136838656";https://twitter.com/bettleware/status/885224029136838656
RobertR21354571;2017-07-12 15:46;0;0;"Who cares";;;;"885223947339407360";https://twitter.com/RobertR21354571/status/885223947339407360
lizzishappell;2017-07-12 15:45;2;1;"A lot of the care our loved ones need is covered by # Medicaid because our private insurance doesn't cover needed services. - @ SenatorHassan";;@;#;"885223511417028609";https://twitter.com/lizzishappell/status/885223511417028609
RMHartford;2017-07-12 15:42;2;1;"Cutest presser today: @ PattyMurray @ SenMurphyOffice @ SenatorHassan stand w medically complex children & families to rally against # Trumpcarepic.twitter.com/3JvpnCxGcP";;@ @ @;#;"885222921597267968";https://twitter.com/RMHartford/status/885222921597267968
maireadlynn;2017-07-12 15:41;0;2;". @ PattyMurray @ ChrisMurphyCT @ SenatorHassan & @ LittleLobbyists on harm # Trumpcare will cause to kids w/ preex condtnspic.twitter.com/UBO1ZsoNo2";;@ @ @ @;#;"885222669167333377";https://twitter.com/maireadlynn/status/885222669167333377
lizzishappell;2017-07-12 15:37;2;1;". @ PattyMurray @ ChrisMurphyCT @ SenatorHassan with @ LittleLobbyists speaking out against # Trumpcare & Cruz amendmentpic.twitter.com/dhIgAgBMOM";;@ @ @ @;#;"885221603180773376";https://twitter.com/lizzishappell/status/885221603180773376
SenateDems;2017-07-12 15:29;26;36;"SOON: Senator @ PattyMurray, @ ChrisMurphyCT & @ SenatorHassan on # healthcare: http://goo.gl/Gn3Ze4 pic.twitter.com/xFNQxiZ4tU";;@ @ @;#;"885219489599639552";https://twitter.com/SenateDems/status/885219489599639552
westmerek;2017-07-12 15:12;1;0;"@ SenatorHassan @ SenatorShaheen Thank You for protecting access to health care and fighting against the GOP bill!! # SaveMedicaid";;@ @;#;"885215401608531968";https://twitter.com/westmerek/status/885215401608531968
FundacionEfrain;2017-07-12 15:09;0;0;"# Bipartisan # HealthcareBill @ SenMurphyOffice @ SenWarren @SenKaineOffice @ lisamurkowski @ SenatorHassan @ SenatorTimScott @ SenKamalaHarrishttps://twitter.com/vickievignon/status/879470746577362944 …";;@ @ @SenKaineOffice @ @ @ @;# #;"885214568133349376";https://twitter.com/FundacionEfrain/status/885214568133349376
mamamarti;2017-07-11 17:38;0;0;"@ SenatorHassan @ SenatorShaheen No amt. of $ for opioid treatmt. is acceptable. VOTE NO on health care bill next wk. NO.";;@ @;;"884889555060629504";https://twitter.com/mamamarti/status/884889555060629504
AARPNH;2017-07-11 17:26;30;40;"The Senate health care bill=higher costs, less coverage. Ask @ SenatorHassan & @ SenatorShaheen 2 vote NO; call 1-844-222-0110 # VoteNo # AgeTaxpic.twitter.com/LpYDnuEY2H";;@ @;# #;"884886674035134464";https://twitter.com/AARPNH/status/884886674035134464
NHRunningLady;2017-07-11 16:41;0;0;"@ SenatorShaheen @ SenatorHassan Keep fighting for Americans to actually have health care! This NH lady is behing you all the way! https://twitter.com/IndivisibleTeam/status/884873662884610049 …";;@ @;;"884875192975200256";https://twitter.com/NHRunningLady/status/884875192975200256
SmiIingBob;2017-07-11 16:17;0;0;"That will raise the price of healthcare, good job.";;;;"884869333733826561";https://twitter.com/SmiIingBob/status/884869333733826561
FundacionEfrain;2017-07-11 08:58;0;0;"LowR R kids # deficit w/ # HealthcareBill @ SenatorHassan @ SenatorTimScott @ SenKamalaHarris @ SenMikeLee @ SenTomCotton @ SenJohnThune @ JeffFlake";;@ @ @ @ @ @ @;# #;"884758892433072129";https://twitter.com/FundacionEfrain/status/884758892433072129
KyleEstes1;2017-07-11 08:55;0;0;"@ SenatorHassan presenting at AASA in support of public education and healthcare for the underprivileged. Strong advocate! pic.twitter.com/5Y5Jpt6lQS";;@;;"884757975705018369";https://twitter.com/KyleEstes1/status/884757975705018369
ThisCharmingAmy;2017-07-11 06:11;0;0;"@ SenatorShaheen @ SenatorHassan @ RepSheaPorter As a differently-abled person, I don't want to see Congress repeal & replace # Obamacare.";;@ @ @;#;"884716675186163712";https://twitter.com/ThisCharmingAmy/status/884716675186163712
RealEdMosca;2017-07-11 00:47;0;0;"The @ SenatorHassan - @ SenatorShaheen - @ GovChrisSununu position on Obamacare only has 11% support # nhpoliticshttps://twitter.com/benfergusonshow/status/884545954396942336 …";;@ @ @;#;"884635187325415424";https://twitter.com/RealEdMosca/status/884635187325415424
SwedishChief;2017-07-10 22:19;0;0;"A great read on how young ppl are fleeing ACA because it's worthless to themhttp://www.zerohedge.com/news/2017-07-10/obamacare-death-spiral-least-2-million-adults-ditch-coverage-2017-amid-soaring-premi …";;;;"884598004379987969";https://twitter.com/SwedishChief/status/884598004379987969
nhdjinn;2017-07-10 15:33;0;0;"Once again you are lying. Medicare goes from 400b to 600b over then years. That's a 200b increase. You dems can not tell the truth";;;;"884495816618119168";https://twitter.com/nhdjinn/status/884495816618119168
SenatorHassan;2017-07-10 15:23;11;15;"# Trumpcare’s deep cuts to Medicaid would be devastating for @ GraniteStateIL & the Granite Staters they servehttp://bit.ly/2t6ha1E";;@;#;"884493348765138944";https://twitter.com/SenatorHassan/status/884493348765138944
Monadnock_Notes;2017-07-09 22:10;0;0;"@ SenateGOP @ SenateMajLdr @ SenatorShaheen @ SenatorHassan @ marcorubio pls get behind @ BillCassidy 's # Obamacare replacement plan? It's fair.https://twitter.com/ShermansNotes/status/884121540517875713 …";;@ @ @ @ @ @;#;"884233299413131265";https://twitter.com/Monadnock_Notes/status/884233299413131265
wkxlnhchris;2017-07-07 07:15;2;0;"Check out Pints and Politics with @ SenatorHassan at 10a and 5p! North Korea, Healthcare, Tax Reform among the topics on tap! # nhpolitics.pic.twitter.com/Qbf5gDRiW5";;@;#;"883283360705126400";https://twitter.com/wkxlnhchris/status/883283360705126400
SenatorHassan;2017-07-06 14:28;14;27;"# Trumpcare would undermine @ RiverbendCMHC and the critical work they do by slashing Medicaid & coverage for substance misuse treatment";;@;#;"883029783973679104";https://twitter.com/SenatorHassan/status/883029783973679104
SenatorHassan;2017-07-06 14:27;18;57;"Today, @ RepAnnieKuster & I joined behavioral health professionals at @ RiverbendCMHC to speak out against # Trumpcarepic.twitter.com/ubxVVpuHRP";;@ @;#;"883029570613628929";https://twitter.com/SenatorHassan/status/883029570613628929
Bonnie4Salem;2017-07-06 14:14;1;1;"NH's @ SenatorHassan's video on # Trumpcare is worth the watch. She gets it! Tying DC battles to # nhpolitics # Medicaid https://www.facebook.com/NowThisNews/videos/1612400278791456/ …";;@;# # #;"883026281289396224";https://twitter.com/Bonnie4Salem/status/883026281289396224
NewFuturesNH;2017-07-06 13:59;1;3;"Allen Irwin shares his recovery story with @ SenatorHassan & @ RepAnnieKuster -- highlights use of # MedEx and # healthcare for success";;@ @;# #;"883022686577991680";https://twitter.com/NewFuturesNH/status/883022686577991680
redstateguy1;2017-07-06 12:47;0;0;"Speaking of future generations And speaking as a NH conservative will you help fix US healthcare by working across the aisle with McConnell?";;;;"883004432576909313";https://twitter.com/redstateguy1/status/883004432576909313
truthharbinger9;2017-07-06 12:47;0;0;"Leave it to a dem to brag about healthcare and what they want "single payer" va = single payer. Single payer is nothing to get excited about";;;;"883004431528284161";https://twitter.com/truthharbinger9/status/883004431528284161
FundacionEfrain;2017-07-06 10:57;0;0;"@SenKaineOffice @ lisamurkowski @ SenatorHassan @ SenatorTimScott @ SenKamalaHarris @ SenMikeLee STOPgerryrigging # Obamacare #PASS#HealthcareBill";;@SenKaineOffice @ @ @ @ @;# #PASS #HealthcareBill;"882976828729810945";https://twitter.com/FundacionEfrain/status/882976828729810945
CoryeaMark;2017-07-05 22:19;0;0;"Please give your scare tactics a break";;;;"882785942968426496";https://twitter.com/CoryeaMark/status/882785942968426496
jandrewvelez;2017-07-05 21:39;0;0;"@ SenatorHassan ACA is bad because all are not covered, Trumpcare is worse. Please Sen help us in our hr of need and support # SinglePayer";;@;#;"882775917889716224";https://twitter.com/jandrewvelez/status/882775917889716224
BenGunn007;2017-07-05 15:41;1;0;"Sen you really need to spell out what you are talking about. Stop the scare tactics! We have had the promises before, now we want results!";;;;"882685975557799942";https://twitter.com/BenGunn007/status/882685975557799942
BSVickie;2017-07-05 15:03;0;0;"See Trump's tweet May 7 2015 saying no cuts to Medicaid, Medicare, SS. Not a meme, a real quote of a real promise.";;;;"882676243413553152";https://twitter.com/BSVickie/status/882676243413553152
ZachRippett;2017-07-05 14:59;0;0;"Is this supposed to be an argument in favor of Trumpcare? If so, it's pretty weak, just FYI.";;;;"882675214550802432";https://twitter.com/ZachRippett/status/882675214550802432
SenatorHassan;2017-07-05 14:46;12;48;"Joined staff at Newport Health Center this morning to speak out about how # Trumpcare would be a disaster for Granite Staterspic.twitter.com/UJ7ggS6WWK";;;#;"882672030780465153";https://twitter.com/SenatorHassan/status/882672030780465153
FundacionEfrain;2017-07-05 12:50;0;0;"@ SenMurphyOffice @ senorrinhatch @ SenWarren @SenKaineOffice @ lisamurkowski @ SenatorHassan @ SenatorTimScott End # Obamacare # 7yearsBadLuck";;@ @ @ @SenKaineOffice @ @ @;# #;"882642733533466625";https://twitter.com/FundacionEfrain/status/882642733533466625
FundacionEfrain;2017-07-04 16:38;0;0;"# Patriots 4 # Healthcarebill R U 1 @ SenWarren @SenKaineOffice @ lisamurkowski @ SenatorHassan @ SenatorTimScott @ SenKamalaHarris @ SenMikeLee";;@ @SenKaineOffice @ @ @ @ @;# #;"882337823109545984";https://twitter.com/FundacionEfrain/status/882337823109545984
FundacionEfrain;2017-07-04 13:15;0;0;"@ senorrinhatch @ SenWarren @ SenatorHassan @SenKaineOffice @ lisamurkowski # HealthcareBill # DeclarationOfIndependence from # Obamacare";;@ @ @ @SenKaineOffice @;# # #;"882286695126884354";https://twitter.com/FundacionEfrain/status/882286695126884354
pgarvey10;2017-07-04 13:09;1;3;"Thank u @ SenatorHassan for chatting with us about affordable healthcare today! # CFadvocacy # jra # CysticFibrosis # Happy4thofJulypic.twitter.com/MyANFhBTGh";;@;# # # #;"882285177900347393";https://twitter.com/pgarvey10/status/882285177900347393
FundacionEfrain;2017-07-04 08:35;0;0;"@ SenMurphyOffice @ senorrinhatch @ SenWarren @SenKaineOffice @ lisamurkowski @ SenatorHassan # HealthcareBill # American as # applepie";;@ @ @ @SenKaineOffice @ @;# # #;"882216304773672960";https://twitter.com/FundacionEfrain/status/882216304773672960
1hope42016;2017-07-03 23:11;0;0;"Senate Republicans apparently just sent two partisan healthcare options to the CBO. I again urge you to work on a bipartisan solution.";;;;"882074427760017408";https://twitter.com/1hope42016/status/882074427760017408
ReptoDem;2017-07-03 19:13;1;0;"We need to protect our citizens from losing affordable health care. What are you doing about that? # protectourcare # SaveMedicaid";;;# #;"882014410788618241";https://twitter.com/ReptoDem/status/882014410788618241
justicenojustus;2017-07-03 17:01;0;0;"I received a FB message from rob saying he care and he doesn't have a choice than to vote NO";;;;"881981226361516033";https://twitter.com/justicenojustus/status/881981226361516033
52novels;2017-07-03 16:47;0;2;"Where are your health care town halls. OH-09, 43606";;;;"881977839482019840";https://twitter.com/52novels/status/881977839482019840
kmeghan;2017-07-03 16:46;0;0;"Let's focus on a few things at a time maybe? Like healthcare? And # 25thAmmendmentNow";;;#;"881977356247805952";https://twitter.com/kmeghan/status/881977356247805952
SeanMcGurr;2017-07-03 16:25;0;1;"Glad to see you can work in a bipartisan fashion. Please do the same on healthcare by working with Dems to make the ACA better.";;;;"881972122851065857";https://twitter.com/SeanMcGurr/status/881972122851065857
CriminalFrog;2017-07-03 16:04;1;5;"Your tweets are offensive because they just show how you are looking the other way as we loose our healthcare and our environment";;;;"881967024032931845";https://twitter.com/CriminalFrog/status/881967024032931845
jonsthinkin;2017-07-03 08:34;0;0;"She then applied to Medicaid and was turned down because she earned too much. She can no longer work now and is under the care of my mother";;;;"881853673801953280";https://twitter.com/jonsthinkin/status/881853673801953280
djsav16;2017-07-02 16:34;0;0;"@ SenatorShaheen @ SenatorHassan Food for thought. Let the market heal healthcare. # RepealObamacare # NHpoliticshttps://twitter.com/cr/status/881573271011020801 …";;@ @;# #;"881612134899122176";https://twitter.com/djsav16/status/881612134899122176
Strickalator;2017-07-01 18:39;1;1;"I have no Justice yet, but there's evidence. I need a lawyer. A high profile one. I'm the LTQQI of # LGBTQIA a disabled woman seeking care!";;;#;"881281091335618561";https://twitter.com/Strickalator/status/881281091335618561
