Suhalper;2017-07-24 19:38;0;0;"@ SenatorEnzi Please remember who your constituents are and vote in THEIr best interest for healthcare. Thank you. Susan";;@;;"889630879416496128";https://twitter.com/Suhalper/status/889630879416496128
BossyCowgurl84;2017-07-24 19:30;0;0;"# FullRepeal # Obamacare";;;# #;"889628873608105987";https://twitter.com/BossyCowgurl84/status/889628873608105987
DanSmith112263;2017-07-24 18:00;0;1;"We need a new sheriff in town to clean up the GOPhttp://nymag.com/daily/intelligencer/2017/06/trumps-sabotage-of-obamacare-is-working.html …";;;;"889606129285832705";https://twitter.com/DanSmith112263/status/889606129285832705
brettglass;2017-07-24 17:58;0;0;"@ SenatorEnzi and @ SenJohnBarrasso are literally murderous. They know repeal of # Obamacare would kill people.They simply do not care. # WYPol";;@ @;# #;"889605658882052101";https://twitter.com/brettglass/status/889605658882052101
brettglass;2017-07-24 17:56;0;0;"If my Senators voted no on tomorrow's # ACA # Obamacare repeal, it would be a miracle. @ SenatorEnzi and @ SenJohnBarrasso are partisan zombies.";;@ @;# #;"889605316228390914";https://twitter.com/brettglass/status/889605316228390914
colleen_benn;2017-07-24 15:00;0;0;"LISTEN to your constituents! Vote no on MTP We need to know what is in the healthcare bill. You should not vote on something hidden";;;;"889560936717008898";https://twitter.com/colleen_benn/status/889560936717008898
SolomonEnid;2017-07-24 00:14;0;0;"@ SenatorEnzi Government represent EVERYONE and can create a healthcare bill that provides for everyone! if other countries candoit so canwe";;@;;"889337874511929344";https://twitter.com/SolomonEnid/status/889337874511929344
SolomonEnid;2017-07-24 00:13;0;0;"@ SenatorEnzi SAVE affordable healthcare bill! if cut millions of men women children will lose healthcare & be hurt by this # raiseyourvoice";;@;#;"889337638871855104";https://twitter.com/SolomonEnid/status/889337638871855104
colleen_benn;2017-07-23 23:27;0;0;"Don't take away our healthcare! Trump is leading you all by the nose. He doesn't care for you or other Americans. He's sabotaging the ACA";;;;"889326249927032832";https://twitter.com/colleen_benn/status/889326249927032832
colleen_benn;2017-07-23 22:29;0;0;"If you don't know what's in the bill, VOTE NO! Vote NO on MTP! Trumpcare is a disaster. Trump doesn't care about Americans! NO NO NO NO";;;;"889311555275431936";https://twitter.com/colleen_benn/status/889311555275431936
WillyGlen;2017-07-23 21:18;0;0;". @ SenatorEnzi The promise of # fullrepeal of Ocare & w/GOP HOUSE/SEN-WH are now RENEGING? UnitedForFreedom # FreeMarketSolutionspic.twitter.com/O245iKK4Nr";;@;# #;"889293726111215616";https://twitter.com/WillyGlen/status/889293726111215616
RozlynnDowner;2017-07-23 18:23;0;0;"More than angry and being used and lied to! # FreeMarketOnly! NO trumpcare! # REPEALObamacare! # UnitedforFreedom!";;;# # #;"889249557510533123";https://twitter.com/RozlynnDowner/status/889249557510533123
colleen_benn;2017-07-23 16:12;0;1;"I NEED my healthcare because I can't get my prescriptions without it! Don't take my healthcare away! Fix the ACA! Show us your integrity!pic.twitter.com/j6cbcQUFpw";;;;"889216672007045121";https://twitter.com/colleen_benn/status/889216672007045121
colleen_benn;2017-07-23 15:29;0;0;"Trump needs to open exchange and pay subsidies and grants. He is sabotaging Obamacare. Are you all so racist that you would take it away?";;;;"889205756901314560";https://twitter.com/colleen_benn/status/889205756901314560
colleen_benn;2017-07-23 15:27;0;0;"# ProtectOurCare Fix the # ACA Healthcare is a necessity, not a luxury Don't take our healthcare away! You need to stop Trump sabotage.";;;# #;"889205263177097216";https://twitter.com/colleen_benn/status/889205263177097216
brettglass;2017-07-23 11:57;1;1;"Parliamentarian: # AbominableCare violates Senate rules. @ SenatorEnzi, @ SenJohnBarrasso thwarted (thankfully). http://thehill.com/policy/healthcare/343234-parliamentarian-deals-setback-to-gop-healthcare-bill … # WYPol";;@ @;# #;"889152389483294720";https://twitter.com/brettglass/status/889152389483294720
izzaboo;2017-07-22 22:49;1;2;"When voting on Healthcare, please remember that sometimes Cowboys have to treat the heard.";;;;"888954191971995648";https://twitter.com/izzaboo/status/888954191971995648
EmilySiegel5;2017-07-22 17:26;0;2;"If you really cared about people in the west you'd work to improve the ACA- not gut income for rural hospitals and providers.";;;;"888872857337344000";https://twitter.com/EmilySiegel5/status/888872857337344000
JeanneChouard;2017-07-22 17:19;0;0;"Thousands will be left without care. # NoRepeal";;;#;"888871242417152000";https://twitter.com/JeanneChouard/status/888871242417152000
JeanneChouard;2017-07-22 17:18;0;1;"# WY needs healthcare. Vote NO on motion to proceed. First do NO harm. # NoRepeal";;;# #;"888870975718084608";https://twitter.com/JeanneChouard/status/888870975718084608
JeanneChouard;2017-07-22 17:18;0;0;"Cowboys need healthcare too! Vote NO on motion to proceed. # NoRepeal!";;;#;"888870774865408001";https://twitter.com/JeanneChouard/status/888870774865408001
colleen_benn;2017-07-22 16:07;0;0;"https://www.yahoo.com/amphtml/finance/news/cbo-under-latest-senate-healthcare-144209860.html …";;;;"888852995294642181";https://twitter.com/colleen_benn/status/888852995294642181
colleen_benn;2017-07-22 15:13;0;0;"Aren't you mad that Trump goes golfing every weekend and knows nothing about healthcare? He doesn't care! Vote NO MTP Vote NO Repeal";;;;"888839488301965312";https://twitter.com/colleen_benn/status/888839488301965312
colleen_benn;2017-07-22 14:51;0;0;"I don't want to be the 1 out of 10! Don't take away my healthcare! I need ACA.pic.twitter.com/SRBSRMm1MO";;;;"888834006413787136";https://twitter.com/colleen_benn/status/888834006413787136
wyo_advocate;2017-07-22 14:06;0;1;"I have cervical cancer, diabetes and severe apnea. Without ACA, no care for me. @ RepLizCheney @ SenatorEnzi @ SenJohnBarrasso";;@ @ @;;"888822682665459712";https://twitter.com/wyo_advocate/status/888822682665459712
MyShareWon;2017-07-22 11:18;0;0;"@ SenatorEnzi # Healthcare Promises Made, Promises Kept? VotersSee Time for all to support our POTUS! He will sign.";;@;#;"888780417662418944";https://twitter.com/MyShareWon/status/888780417662418944
ChairmanBarbuto;2017-07-22 10:59;0;2;"@ SenatorEnzi, if you really believe this, maybe don't join GOP-only committees that work behind closed doors to dismantle healthcare. https://twitter.com/SenatorEnzi/status/888117749368500224 …";;@;;"888775409965309954";https://twitter.com/ChairmanBarbuto/status/888775409965309954
GeorgeStephenIV;2017-07-22 09:58;0;0;"repealing Obama Care will improve helth care";;;;"888760053674557440";https://twitter.com/GeorgeStephenIV/status/888760053674557440
DPlayton;2017-07-22 08:38;0;0;"47000 people in Wyo would lose healthcare coveragehttp://www.epi.org/aca-obamacare-repeal-impact/ …";;;;"888739924526092288";https://twitter.com/DPlayton/status/888739924526092288
colleen_benn;2017-07-21 21:43;0;0;"Don't take our healthcare away! You are keeping ACA, so what is that about? If you keep it then give it to us too Vote NO on MTP & BCRA";;;;"888575216296673280";https://twitter.com/colleen_benn/status/888575216296673280
KimHusenits;2017-07-21 20:28;0;0;"@ SenatorEnzi NO ACA REPEAL!!!! We are watching..we want your healthcare plan! Good for you & your congressional buddies, then good for us";;@;;"888556402242879488";https://twitter.com/KimHusenits/status/888556402242879488
mthawkmo;2017-07-21 18:27;0;0;"THEN REACH ACROSS THE AISLE! Set up a bipartisan committee to write THE "CHEAPER & BETTER" Health(insurance)care BILL. QUIT BSing US.";;;;"888525808913993728";https://twitter.com/mthawkmo/status/888525808913993728
DanSmith112263;2017-07-21 17:53;0;0;"Speaking of things that need to be overturned, how about a GOP with no moral compass?http://nymag.com/daily/intelligencer/2017/07/trump-administration-used-public-funds-to-sabotage-obamacare.html …";;;;"888517279914262532";https://twitter.com/DanSmith112263/status/888517279914262532
colleen_benn;2017-07-21 15:06;0;0;"Trumpcare will x2 or x3 my premiums cuz I'm 62 U want to give $$$ to insurance companies, really?Cut Medicaid too? Heartless and cruel @ gop";;@;;"888475253181001732";https://twitter.com/colleen_benn/status/888475253181001732
colleen_benn;2017-07-21 13:57;0;2;"Don't take healthcare from us! Remember John McCain and his health issues today. Where would his family be without insurance??? Kill bill";;;;"888457938074910721";https://twitter.com/colleen_benn/status/888457938074910721
FloorCharts;2017-07-21 10:01;0;1;"Totally missed this @ varvel # Obamacare cartoon yesterday, used @ SenatorEnzi pic.twitter.com/NRKZnOWapg";;@ @;#;"888398541344976896";https://twitter.com/FloorCharts/status/888398541344976896
vancraig69;2017-07-20 18:53;0;3;"I agree with that statement. But your plan takes healthcare away from the people who need it most: the poor, the sick, the disabled.";;;;"888169899767549952";https://twitter.com/vancraig69/status/888169899767549952
colleen_benn;2017-07-20 18:40;0;0;"VOTE NO ON REPEAL DONT REPLACE WITH TRUMPCARE We deserve affordable healthcare Why would you give $$$ to insurance companies? Immoral";;;;"888166832967790592";https://twitter.com/colleen_benn/status/888166832967790592
vancraig69;2017-07-20 18:29;0;3;"That's right Enzi. Keep it on a fifth grade level. Not amused. People will die under your plan and rich get richer. Medicare for All!";;;;"888164045240623106";https://twitter.com/vancraig69/status/888164045240623106
FundacionEfrain;2017-07-20 17:51;0;0;"Hey! # ACA gives costly # Skimpy # No coverage # HealthcareBill @ SenatorEnzi @ SenatorBurr @ SenBobCasey @ SenatorIsakson @ SenFranken @ RandPaul";;@ @ @ @ @ @;# # # #;"888154331081519108";https://twitter.com/FundacionEfrain/status/888154331081519108
DanSmith112263;2017-07-20 17:39;0;0;"No matter how difficult, let's not have the GOP completely without ethicshttp://www.thedailybeast.com/team-trump-used-obamacare-money-to-run-ads-against-it?source=twitter&via=desktop …";;;;"888151424802205697";https://twitter.com/DanSmith112263/status/888151424802205697
SenatorEnzi;2017-07-20 16:30;3;11;"No matter how difficult, we shouldn’t give up on improving health care. http://bit.ly/2tu3p1D pic.twitter.com/CaSk1s3BaG";;;;"888134143380512769";https://twitter.com/SenatorEnzi/status/888134143380512769
IrishLady229;2017-07-20 15:51;0;2;"Here's the graphic you're looking for. Little late for YOU & . @ SenJohnBarrasso to start "caring" about PEOPLE when you want to RIP away carepic.twitter.com/IN5IBn7krp";;@;;"888124099070840835";https://twitter.com/IrishLady229/status/888124099070840835
SenatorEnzi;2017-07-20 15:25;7;8;"Fixing our health care system isn't about politics, it's about people. We shouldn't give up on making it better. http://bit.ly/2tu3p1D pic.twitter.com/Myxjv05QyU";;;;"888117749368500224";https://twitter.com/SenatorEnzi/status/888117749368500224
FundacionEfrain;2017-07-20 13:47;0;0;"NEED # HealthcareBill not 440 Fed_agencies @ SenJohnMcCain @ BillCassidy @ SenAlexander @ PattyMurray @ SenatorEnzi @ SenBobCasey @ SenatorBurr";;@ @ @ @ @ @ @;#;"888093043198480386";https://twitter.com/FundacionEfrain/status/888093043198480386
DanSmith112263;2017-07-20 13:42;1;2;"@ SenatorEnzi BREAKING GOP causes Obamacare to fail but has no solution of their own http://www.thedailybeast.com/team-trump-used-obamacare-money-to-run-ads-against-it?source=twitter&via=desktop …";;@;;"888091706842808320";https://twitter.com/DanSmith112263/status/888091706842808320
KennethDLynch1;2017-07-20 13:17;0;0;"@ SenatorEnzi you saying you are going to repeal Obamacare but how much pork are you putting in it Mr politician";;@;;"888085500774330369";https://twitter.com/KennethDLynch1/status/888085500774330369
FundacionEfrain;2017-07-20 12:27;0;0;"# HealthcareBill NOT depriving poor_REVIVING system @ MikePenceVP @ SenJohnMcCain @ BillCassidy @ SenAlexander @ PattyMurray @ SenatorEnzi";;@ @ @ @ @ @;#;"888072930386731008";https://twitter.com/FundacionEfrain/status/888072930386731008
colleen_benn;2017-07-20 10:51;0;0;"Healthcare is a necessity! Americans deserve affordable care! If Congress keeps ACA, we should be able to also! Fix # ACA NO REPEAL!";;;#;"888048705462337537";https://twitter.com/colleen_benn/status/888048705462337537
jackhutton;2017-07-20 10:30;0;0;"@ SenatorEnzi clown, on the floor of the senate to take away our health care. # SAVEACA # WY # Wyoming";;@;# # #;"888043541741486080";https://twitter.com/jackhutton/status/888043541741486080
colleen_benn;2017-07-20 10:30;0;1;"No repeal only! Fix the # ACA Properly fund it! Americans deserve affordable healthcare! Lower premiums and deductibles!";;;#;"888043431007666176";https://twitter.com/colleen_benn/status/888043431007666176
FundacionEfrain;2017-07-20 10:04;0;0;"Strong leaders 4 # HealthcareBill @ SenJohnMcCain @ BillCassidy @ SenAlexander @ PattyMurray @ SenatorEnzi @ SenatorBurr @ RandPaul @ SenBobCasey";;@ @ @ @ @ @ @ @;#;"888036877407846402";https://twitter.com/FundacionEfrain/status/888036877407846402
FundacionEfrain;2017-07-20 08:40;0;0;"Can’t buy Mercedes # ACA on GM budget # HealthcareBill @ MikePenceVP @ SenJohnMcCain @ BillCassidy @ SenAlexander @ PattyMurray @ SenatorEnzi";;@ @ @ @ @ @;# #;"888015735112572929";https://twitter.com/FundacionEfrain/status/888015735112572929
FundacionEfrain;2017-07-19 18:18;0;0;"# HealthcareBill better than # ACA @ SenJohnMcCain @ BillCassidy @ SenAlexander @ PattyMurray @ SenatorEnzi @ SenatorBurr @ SenBobCasey @ SenFranken";;@ @ @ @ @ @ @ @;# #;"887798930334994432";https://twitter.com/FundacionEfrain/status/887798930334994432
FundacionEfrain;2017-07-19 14:21;0;0;"Discuss how GOOD # HealthcareBill is @ SenJohnMcCain @ BillCassidy @ SenAlexander @ PattyMurray @ SenatorEnzi @ SenatorBurr @ SenBobCasey";;@ @ @ @ @ @ @;#;"887739082482339840";https://twitter.com/FundacionEfrain/status/887739082482339840
GreggHoush;2017-07-19 11:22;0;0;"@ SenatorEnzi $765 billion per year lost in US healthcare system. Want to fix healthcare? Maybe start with this https://www.propublica.org/article/the-myth-of-drug-expiration-dates …";;@;;"887694235083960320";https://twitter.com/GreggHoush/status/887694235083960320
FundacionEfrain;2017-07-19 10:57;0;0;"UnitedWeStand Divided U fall # HealthcareBill @ MikePenceVP @ SenJohnMcCain @ BillCassidy @ SenAlexander @ PattyMurray @ SenatorEnzi @ SenatorBurr";;@ @ @ @ @ @ @;#;"887687782604427265";https://twitter.com/FundacionEfrain/status/887687782604427265
KeanNatalie;2017-07-19 10:06;1;0;"@ SenJohnBarrasso @ SenatorEnzi Are you going to vote to protect the healthcare of your constituents? # ProtectOurCarehttps://twitter.com/WyoJay/status/887665461315465216 …";;@ @;#;"887675014501326853";https://twitter.com/KeanNatalie/status/887675014501326853
RozlynnDowner;2017-07-19 09:09;0;0;"# REPEALOBAMACARE completely as PROMISED! NO trumpcare! NO more lies and deception! # UnitedforFreedom!";;;# #;"887660789326336004";https://twitter.com/RozlynnDowner/status/887660789326336004
FundacionEfrain;2017-07-19 08:12;0;0;"Takes GUTS # HealthcareBill @ PattyMurray @ SenatorEnzi @ SenatorBurr @ SenBobCasey @ SenatorIsakson @ SenFranken @ BillCassidy @ SenAlexander";;@ @ @ @ @ @ @ @;#;"887646424967598081";https://twitter.com/FundacionEfrain/status/887646424967598081
MaureenTracy2;2017-07-19 07:50;0;0;"Which is worse - your desire to eradicate ESA for profit or your stance on healthcare. Shame! Do you represent any people? Boy scouts beware";;;;"887640856366391296";https://twitter.com/MaureenTracy2/status/887640856366391296
libertysquirt;2017-07-18 22:44;0;0;"Bring back the tea party rallies let O'care implode every root & branch!";;;;"887503266355007488";https://twitter.com/libertysquirt/status/887503266355007488
DebbieGE12;2017-07-18 20:45;0;0;"They paid the penalty because they made the decision not to buy healthcare, their choice.";;;;"887473473731403776";https://twitter.com/DebbieGE12/status/887473473731403776
FundacionEfrain;2017-07-18 17:49;0;0;"Get it done, Congress # HealthcareBill @ SenJohnMcCain @ BillCassidy @ SenAlexander @ PattyMurray @ SenatorEnzi @ SenatorBurr @ SenBobCasey";;@ @ @ @ @ @ @;#;"887429093834321920";https://twitter.com/FundacionEfrain/status/887429093834321920
colleen_benn;2017-07-18 16:04;0;0;"# ACA is # Obamacare Fix it and move on Rename it, whatever Americans want affordable healthcare @ GOP is in the majority Do your job!";;@;# #;"887402759456083968";https://twitter.com/colleen_benn/status/887402759456083968
FundacionEfrain;2017-07-18 15:26;0;0;"A promise is a promise # HealthcareBill @ SenJohnMcCain @ BillCassidy @ SenAlexander @ PattyMurray @ SenatorEnzi @ SenatorBurr @ SenBobCasey";;@ @ @ @ @ @ @;#;"887393174020386816";https://twitter.com/FundacionEfrain/status/887393174020386816
colleen_benn;2017-07-18 15:10;0;0;"Americans need a bi-partisan affordable healthcare bill. Will you work with the Dems? They want to work with you! Fix ACA!";;;;"887389177960054784";https://twitter.com/colleen_benn/status/887389177960054784
JHNGHealth;2017-07-18 15:08;1;0;"2/ . @ SenatorEnzi cont. "I think we all know that Obamacare is unsustainable as is."";;@;;"887388523740909569";https://twitter.com/JHNGHealth/status/887388523740909569
JHNGHealth;2017-07-18 15:07;2;0;"1/ When asked about repealing + not replacing # Obamacare, @ SenatorEnzi said last night: I am not focused on that. I am an ultimate optimist.";;@;#;"887388280613855233";https://twitter.com/JHNGHealth/status/887388280613855233
CourtneyMedical;2017-07-18 14:14;0;2;"Did you tell them how your party is planning on repealing Obamacare with no replacement and so therefore killing millions of people?";;;;"887375142015381504";https://twitter.com/CourtneyMedical/status/887375142015381504
colleen_benn;2017-07-18 14:08;0;0;"You all need to take care that the Laws be faithfully executed. ACA is the Law of the land. You need to fund as proposed. No repeal!";;;;"887373459814100992";https://twitter.com/colleen_benn/status/887373459814100992
Handm8stail;2017-07-18 12:36;0;0;"& self-centered healthcare system with an evidence-based operational universal governmental healthcare system. https://www.oecd.org/els/health-systems/Universal-Health-Coverage-and-Health-Outcomes-OECD-G7-Health-Ministerial-2016.pdf … 6/6pic.twitter.com/cx7njFGp5z";;;;"887350319042220032";https://twitter.com/Handm8stail/status/887350319042220032
Handm8stail;2017-07-18 12:36;0;0;"Current & proposed healthcare schemes fail to address the key issue, not how to pay for it,but how to replace an inadequate, overpriced,…5/6pic.twitter.com/59lpMtgcls";;;;"887350252734435328";https://twitter.com/Handm8stail/status/887350252734435328
DennisPerkins5;2017-07-18 11:18;1;5;""Now who's got their 'treat cancer with dirt' merit badge? Because I have some heath care to steal from your parents."- @ SenJohnBarrasso";;@;;"887330821010595840";https://twitter.com/DennisPerkins5/status/887330821010595840
356tub;2017-07-18 10:43;0;0;"@ SenatorEnzi Biden:Americans decided health care is for all. The GOP wants to roll that back. https://www.washingtonpost.com/news/posteverything/wp/2017/07/17/joe-biden-as-a-nation-we-decided-that-health-care-is-for-all-republicans-want-to-roll-that-back/ …pic.twitter.com/qL2PsOboAl";;@;;"887321967518294017";https://twitter.com/356tub/status/887321967518294017
FundacionEfrain;2017-07-18 09:05;0;0;"Repeal Replace # HealthcareBill @ marcorubio @ BillCassidy @ SenAlexander @ PattyMurray @ SenatorEnzi @ SenatorBurr @ SenBobCasey @ SenatorIsaksonhttps://twitter.com/guypbenson/status/886977976453054464 …";;@ @ @ @ @ @ @ @;#;"887297310149029889";https://twitter.com/FundacionEfrain/status/887297310149029889
DudleyDawson;2017-07-18 01:54;0;0;"See what happens when a bunch of old white guys try to take people's healthcare away? @ SenatorEnzi @ SenJohnBarrasso # Diversity # Women";;@ @;# #;"887188729126932481";https://twitter.com/DudleyDawson/status/887188729126932481
squirrilla;2017-07-18 00:05;1;1;"We Wyomingites take care of each other.";;;;"887161310072365056";https://twitter.com/squirrilla/status/887161310072365056
wyominghippie;2017-07-17 23:54;0;6;"Barrasso and Enzi: did you explain that you co-authored a healthcare bill 140 pages long that didn't use the word "woman" once?";;;;"887158511909687296";https://twitter.com/wyominghippie/status/887158511909687296
wyominghippie;2017-07-17 23:52;0;4;"Barrasso, did you explain that you're a doctor that wrote a healthcare bill that every major health advocacy group said would kill people?";;;;"887158103808122881";https://twitter.com/wyominghippie/status/887158103808122881
tafkak;2017-07-17 22:30;0;0;"@ SenJohnBarrasso & @ SenatorEnzi wrote a bill to kill and bankrupt hundreds of thousands of Americans. They also don't care about Treason.";;@ @;;"887137503358136320";https://twitter.com/tafkak/status/887137503358136320
tlcat06;2017-07-17 22:27;0;0;"@ SenatorEnzi @ SenJohnBarrasso You promised us a full repeal of Obamacare. Start there and stop trying to fix it because it's not fixable.";;@ @;;"887136663549259776";https://twitter.com/tlcat06/status/887136663549259776
vancraig69;2017-07-17 22:13;0;0;"@ SenatorEnzi If you haven't heard, Enzicare is dead! Two more GOP senators are voting NO.";;@;;"887133289907179520";https://twitter.com/vancraig69/status/887133289907179520
scottehorton;2017-07-17 21:39;0;0;"@ SenatorEnzi @ SenJohnBarrasso The # HealthcareBill is dead just like you've been to the people of Wyoming. Serves you right and you're done.";;@ @;#;"887124661170978816";https://twitter.com/scottehorton/status/887124661170978816
scottehorton;2017-07-17 21:36;0;1;"@ SenJohnBarrasso @ SenatorEnzi Too bad that your so called # HealthcareBill is falling apart. I'm glad since you refuse to talk to Wyomingites";;@ @;#;"887123903876808704";https://twitter.com/scottehorton/status/887123903876808704
vancraig69;2017-07-17 20:00;0;3;"Did they tell you to vote against the Senate's healthcare bill for the rich,or do you expect them to take care of those kicked off Medicaid?";;;;"887099612179333122";https://twitter.com/vancraig69/status/887099612179333122
FundacionEfrain;2017-07-17 19:45;0;0;"Overwhelming # Support 4 Senate # HealthcareBill @ SenJohnMcCain @ BillCassidy @ SenAlexander @ PattyMurray @ SenatorEnzi @ SenatorBurr @ SenBobCasey";;@ @ @ @ @ @ @;# #;"887095875775979521";https://twitter.com/FundacionEfrain/status/887095875775979521
colleen_benn;2017-07-17 18:44;0;0;"Healthcare is a necessity, not a luxury! Don't take our healthcare away!pic.twitter.com/dHIZYDxgEF";;;;"887080648611053568";https://twitter.com/colleen_benn/status/887080648611053568
FundacionEfrain;2017-07-17 17:16;0;0;"# HealthcareBill about US not UR career @ SenJohnMcCain @ BillCassidy @ SenAlexander @ PattyMurray @ SenatorEnzi @ SenatorBurr @ SenBobCasey";;@ @ @ @ @ @ @;#;"887058544968822784";https://twitter.com/FundacionEfrain/status/887058544968822784
SchoolsRetooled;2017-07-17 16:38;0;0;"@ SenatorEnzi @ SenatorFischer @ JeffFlake @ GrahamBlog @ ChuckGrassley @ SenOrrinHatch @ SenDeanHeller @ SenJohnHoeven https://www.facebook.com/notes/kathleen-t-wright/vote-no-on-senate-healthcare-bill/10154764935457944/?hc_location=ufi …";;@ @ @ @ @ @ @ @;;"887048913387126785";https://twitter.com/SchoolsRetooled/status/887048913387126785
dawyoung;2017-07-17 15:19;0;0;"@ SenatorEnzi A Promise made & kept keeps Repubs in office to do MORE good! ACA was a RAW Deal--Make it Right! http://thehill.com/policy/healthcare/223578-obamacare-architect-lack-of-transparency-helped-law-pass …";;@;;"887029108248653824";https://twitter.com/dawyoung/status/887029108248653824
AnnaTsiamis;2017-07-17 13:44;1;2;"@ SenatorEnzi - You are LYING to your constituents about the effects of YOUR healthcare bill in rural areas. This will crush Wyoming.";;@;;"887005139445309444";https://twitter.com/AnnaTsiamis/status/887005139445309444
AnnaTsiamis;2017-07-17 13:42;0;0;"Wyoming never signed up for ACA expansion. You are LYING to your constituents about the effects of YOUR healthcare bill in rural areas.";;;;"887004470902611970";https://twitter.com/AnnaTsiamis/status/887004470902611970
FundacionEfrain;2017-07-17 11:00;0;0;"<3 # HealthcareBill STOP telling US what we want @ marcorubio @ MikePenceVP @ SenJohnMcCain @ SenAlexander @ PattyMurray @ SenatorEnzi";;@ @ @ @ @ @;#;"886963917762834434";https://twitter.com/FundacionEfrain/status/886963917762834434
SardonicusR;2017-07-17 10:33;0;0;"Repeal Obamacare! Just don't touch the ACA. Trumpers will be happy.";;;;"886957117135081473";https://twitter.com/SardonicusR/status/886957117135081473
vancraig69;2017-07-17 09:45;0;1;"Medicare for all! Healthcare is a right and all Americans should be covered regardless of their economic status!";;;;"886945024390434817";https://twitter.com/vancraig69/status/886945024390434817
hollymkoontz;2017-07-16 22:43;0;0;"The ACA has made health care affordable to thousands WY residents. What are you reporting in regards to cost savings from the ACA?";;;;"886778480121327618";https://twitter.com/hollymkoontz/status/886778480121327618
SethKlamann;2017-07-16 18:51;0;0;"And Sens. Enzi and Barrasso, two architects of the bill, co-authored op-ed re: BCRA's role in US & Wyo specifically:http://trib.com/opinion/columns/enzi-barrasso-senate-health-care-proposal-would-help-wyoming/article_a704a33b-cfe9-52f9-937b-12820c8f17e8.html?utm_content=bufferd1358&utm_medium=social&utm_source=facebook.com&utm_campaign=LEEDCC …";;;;"886720042502676482";https://twitter.com/SethKlamann/status/886720042502676482
lbsal1121;2017-07-16 18:12;0;0;"@ SenatorEnzi America is counting on you to do the right thing! VOTE NO on proposed Healthcare bill that will hurt millions! VOTE NO!";;@;;"886710134231244800";https://twitter.com/lbsal1121/status/886710134231244800
dmrunr;2017-07-16 14:52;0;0;"@ SenatorEnzi vote no on the latest healthcare bill. Wyoming healthcare will be devastated";;@;;"886659728411160576";https://twitter.com/dmrunr/status/886659728411160576
CarolynnHagstr1;2017-07-16 09:17;2;5;"Trumpcare is mean-spirited and anyone supporting it, is too.";;;;"886575628916576258";https://twitter.com/CarolynnHagstr1/status/886575628916576258
CarolynnHagstr1;2017-07-16 09:11;0;1;"Insurance companies goal is to make a profit, not to make people healthy. Single payer or Medicare for all is the solution.";;;;"886574094954762241";https://twitter.com/CarolynnHagstr1/status/886574094954762241
CarolynnHagstr1;2017-07-16 09:09;0;2;"Everyone should have healthcare insurance (mandated) Obamacare was a start, legislate to make it better. Vehicle insurance is mandated.";;;;"886573470636793861";https://twitter.com/CarolynnHagstr1/status/886573470636793861
gennylam;2017-07-15 23:25;0;0;"GOPBills is secondLessonWARNing to all , @ SenatorEnzi @ johnthune http://www.washingtonexaminer.com/rand-paul-crony-capitalism-isnt-a-right-so-why-does-senate-healthcare-bill-give-insurance-companies-the-right-to-a-bailout/article/2628572 … Listen to @ RandPaul working @ senfeinstein @ thehill";;@ @ @ @ @;;"886426477708754944";https://twitter.com/gennylam/status/886426477708754944
WYopinions;2017-07-15 22:48;0;0;"I hope McCain's surgery goes well. @ SenatorEnzi &@SenJohnBarrasso this surgery should be available to all Americans, revise healthcare bill https://twitter.com/ap/status/886414632331694080 …";;@ @SenJohnBarrasso;;"886417252203024386";https://twitter.com/WYopinions/status/886417252203024386
wyominghippie;2017-07-15 20:11;0;4;"Why are tax breaks for the 400 wealthiest more important to you than care for our neediest? Who bought you? Who owns you, Senator Sellout?";;;;"886377630148304896";https://twitter.com/wyominghippie/status/886377630148304896
wolffree;2017-07-15 17:04;0;1;"Did Wy set up Medicare exchange? If not that is GOP fault residents paid out. You all are sabotaging";;;;"886330677368680448";https://twitter.com/wolffree/status/886330677368680448
kyle_laurel;2017-07-15 16:08;0;2;"How many used Obamacare";;;;"886316651683229696";https://twitter.com/kyle_laurel/status/886316651683229696
WYopinions;2017-07-15 15:04;0;1;"senate bill will take our $ and give it to millionaires. It's almost like you don't care if it costs us as long as the $ goes to your donors";;;;"886300423778447361";https://twitter.com/WYopinions/status/886300423778447361
wassdoc;2017-07-15 14:37;0;1;"My Denver based geriatrics practice provided care in Wyo NH's; what happens to NH residents under BRCA? # Geriatrics Let's discuss!";;;#;"886293582285463553";https://twitter.com/wassdoc/status/886293582285463553
snowhand75;2017-07-15 13:45;0;1;"No Obamacare, no healthy children. No Children, no future. The electorate and the senate have the responsibility. Greet from Germany";;;;"886280480324190209";https://twitter.com/snowhand75/status/886280480324190209
snowhand75;2017-07-15 13:42;0;1;"No Obamacare, no healthy children. No Children, no future. The electorate and the senate have the responsibility. Greet from Germany";;;;"886279841770868741";https://twitter.com/snowhand75/status/886279841770868741
Im_spatial;2017-07-15 13:41;1;2;"I wonder what portion of those people would have been covered by Medicare expansion and actually had insurance if our state wasn't stupid.";;;;"886279559192092672";https://twitter.com/Im_spatial/status/886279559192092672
SenatorEnzi;2017-07-15 13:13;6;11;"Nearly 19,600 Wyoming residents paid the Obamacare individual mandate penalty in 2014 to tune of $5.3 million. (2/2)";;;;"886272397589921792";https://twitter.com/SenatorEnzi/status/886272397589921792
SenatorEnzi;2017-07-15 13:12;3;16;"Obamacare’s individual mandate is costing Wyoming residents millions of dollars. Senate bill would eliminate it. (1/2)";;;;"886272148121235456";https://twitter.com/SenatorEnzi/status/886272148121235456
colleen_benn;2017-07-15 13:05;0;0;"Americans don't want Trumpcare. It's sucks. Period. Don't take away ACA! Like you, we want to keep our healthcare. Don't be schmucks!";;;;"886270384911245312";https://twitter.com/colleen_benn/status/886270384911245312
MDresk;2017-07-15 10:38;0;0;"As do primary care physicians.";;;;"886233463258402816";https://twitter.com/MDresk/status/886233463258402816
FundacionEfrain;2017-07-15 09:19;0;0;"Valiant David vs Goliath @ HealthcareBill @ SenJohnMcCain @ BillCassidy @ SenAlexander @ PattyMurray @ SenatorEnzi @ SenatorBurr @ SenBobCasey";;@ @ @ @ @ @ @ @;;"886213588247089153";https://twitter.com/FundacionEfrain/status/886213588247089153
IrishLady229;2017-07-15 00:30;0;0;"# WY . @ SenJohnBarrasso & . @ SenatorEnzi are all for it & ripping away healthcare, gutting Medicaid,& charging women/elderly more. https://twitter.com/charlesornstein/status/886017717362454529 …";;@ @;#;"886080455769939968";https://twitter.com/IrishLady229/status/886080455769939968
Carla_TTBA;2017-07-14 23:46;1;1;"# Trumpcare SenBudgetCommitteeChairman @ SenatorEnzi is decision maker call 202- 224-3424 & tell him to wait for CBO score on Cruz amendment!";;@;#;"886069513388789761";https://twitter.com/Carla_TTBA/status/886069513388789761
NWCforensics;2017-07-14 23:14;0;1;"And, if it's so great, why are you not using it? https://www.google.com/amp/thehill.com/homenews/senate/331867-republicans-can-exempt-themselves-from-obamacare-rollbacks-in-new-legislation%3Famp …";;;;"886061403148349440";https://twitter.com/NWCforensics/status/886061403148349440
colleen_benn;2017-07-14 21:48;0;0;"Don't take away our healthcare. Congress is keeping ACA. We need healthcare with pre-existing conditions too! Do the right thing?";;;;"886039804651094016";https://twitter.com/colleen_benn/status/886039804651094016
gklaurent;2017-07-14 21:16;0;0;"@ SenatorCollins @ lisamurkowski please vote no. My senators @ SenJohnBarrasso @ SenatorEnzi literally don't care beyond doners https://twitter.com/steventdennis/status/885977943343869954 …";;@ @ @ @;;"886031806461554692";https://twitter.com/gklaurent/status/886031806461554692
VederEats;2017-07-14 20:27;0;0;"Do you care? @ SenJohnBarrasso @ lisamurkowski @ SenDeanHeller @ SenJohnMcCain @ BillCassidy @ SenCapito @ SenAlexander @ SenatorEnzi # deathpanel https://twitter.com/topherspiro/status/886015376173268992 …";;@ @ @ @ @ @ @ @;#;"886019281732870144";https://twitter.com/VederEats/status/886019281732870144
FundacionEfrain;2017-07-14 19:13;0;0;"Greater Choice Lower Premiums # HealthcareBill @ SenJohnMcCain @ BillCassidy @ SenAlexander @ PattyMurray @ SenatorEnzi @ SenatorBurr @ SenBobCasey";;@ @ @ @ @ @ @;#;"886000757945847809";https://twitter.com/FundacionEfrain/status/886000757945847809
TNLiLi;2017-07-14 18:24;1;0;"and let's talk about how gop senators exempting themselves in Trumpcare.";;;;"885988322279120897";https://twitter.com/TNLiLi/status/885988322279120897
colleen_benn;2017-07-14 17:56;0;0;"You are responsible for healthcare. You own it now that your are in charge. Don't take it away from us or we will take away your jobs!";;;;"885981264901095425";https://twitter.com/colleen_benn/status/885981264901095425
emersonhbryant;2017-07-14 17:02;2;3;"So it this Call them out on it! Don't let @ SenatorEnzi let them vote on MTP w/o a CBO score for the Cruz Amendment http://thehill.com/policy/healthcare/341904-senate-gop-may-not-use-cbo-to-score-cruz-amendment …";;@;;"885967643181633536";https://twitter.com/emersonhbryant/status/885967643181633536
sergioDACED;2017-07-14 15:45;0;0;"@ SenatorEnzi Help fix the # ACA, Americans need a # healthcare law that does more & covers more. Not less. @ WTEnews @ CSTribune @ cnn # Trumpcare";;@ @ @ @;# # #;"885948313274593280";https://twitter.com/sergioDACED/status/885948313274593280
DrJoeBentivegna;2017-07-14 13:21;0;0;"@ SenRonJohnson @Ron4Senate @ SenatorEnzi @ EnziforWyo @ SenJohnBarrasso @ barrassoforwyo # HealthcareBillhttps://www.youtube.com/watch?v=QQTX0DWonbE&t=16s …";;@ @Ron4Senate @ @ @ @;#;"885912194340270081";https://twitter.com/DrJoeBentivegna/status/885912194340270081
FundacionEfrain;2017-07-14 12:26;0;0;"Can’t AFFORD legislators # ACA agenda # HealthcareBill @ SenJohnMcCain @ BillCassidy @ SenAlexander @ PattyMurray @ SenatorEnzi @ SenatorIsakson";;@ @ @ @ @ @;# #;"885898194051379200";https://twitter.com/FundacionEfrain/status/885898194051379200
colleen_benn;2017-07-14 12:01;0;0;"https://www.nytimes.com/2017/07/13/opinion/trumpcare-mitch-mcconnell-taxes.html?smprod=nytcore-ipad&smid=nytcore-ipad-share …";;;;"885892064637886464";https://twitter.com/colleen_benn/status/885892064637886464
colleen_benn;2017-07-14 11:57;0;0;"Americans needs coverage for pre-existing conditions. The health insurers prices are ridiculous and for profit. Healthcare is a necessity.";;;;"885891127278055424";https://twitter.com/colleen_benn/status/885891127278055424
Grubercratspott;2017-07-14 11:14;0;0;"@ SenatorEnzi The Obamacare illegal Tax continues # Real # Repeal is only solution. Vote OUT all that do not vote # Repeal";;@;# # #;"885880310453460992";https://twitter.com/Grubercratspott/status/885880310453460992
AnnaTsiamis;2017-07-14 09:41;0;0;"@ SenatorEnzi what is wrong with you? You are LYING to Wyoming, to my parents! Your healthcare has NO heart. Prove that you still have one!";;@;;"885856900473995264";https://twitter.com/AnnaTsiamis/status/885856900473995264
FundacionEfrain;2017-07-14 08:52;0;0;"Work together on # HealthcareBill 4 US @ SenJohnMcCain @ BillCassidy @ SenAlexander @ PattyMurray @ SenatorEnzi @ SenatorBurr @ SenBobCasey";;@ @ @ @ @ @ @;#;"885844446046285828";https://twitter.com/FundacionEfrain/status/885844446046285828
colleen_benn;2017-07-13 23:09;0;0;"Don't take our healthcare away! If you keep ACA than we should be able to keep it too! Healthcare is a necessity. Show us your integrity";;;;"885697789115547648";https://twitter.com/colleen_benn/status/885697789115547648
midge219;2017-07-13 21:46;0;0;"@ SenatorEnzi https://www.americamagazine.org/politics-society/2017/07/10/senators-did-you-come-washington-take-health-care-sick-and-food-hungry …";;@;;"885676723286589440";https://twitter.com/midge219/status/885676723286589440
colleen_benn;2017-07-13 21:44;0;0;"https://www.nytimes.com/interactive/2017/07/07/opinion/republican-health-care-medicaid.html?smid=tw-nytopinion&smtyp=cur …";;;;"885676411297570816";https://twitter.com/colleen_benn/status/885676411297570816
ThisIsntWorkin;2017-07-13 21:41;0;1;"@ tedcruz Lyin Ted, we care A LOT about Russia and your a** is out next year";;@;;"885675648672571392";https://twitter.com/ThisIsntWorkin/status/885675648672571392
colleen_benn;2017-07-13 20:48;0;0;"Don't take our healthcare away! Fix the ACA and properly fund it! Gutting Medicaid hurts our most vulnerable. Don't do it. Bad Karma!";;;;"885662290296545280";https://twitter.com/colleen_benn/status/885662290296545280
WYopinions;2017-07-13 20:15;1;1;"@ SenatorEnzi if this healthcare is so great why don't you want it? https://twitter.com/sarahkliff/status/885575745191497732 …";;@;;"885653902359764993";https://twitter.com/WYopinions/status/885653902359764993
IrishLady229;2017-07-13 20:00;2;0;"Agreed. I wish . @ SenatorEnzi & . @ SenJohnBarrasso wld work with Dems for healthcare for the # WY ppl instead of ripping it away from us.";;@ @;#;"885650144565141504";https://twitter.com/IrishLady229/status/885650144565141504
colleen_benn;2017-07-13 19:22;1;1;"Don't take away our healthcare! You keep pre-existing and take from us, NO! We deserve affordable healthcare. It is a necessity.";;;;"885640722308767744";https://twitter.com/colleen_benn/status/885640722308767744
FundacionEfrain;2017-07-13 19:22;0;0;"# ACA created insurance # monopoly # HealthcareBill @ marcorubio @ SenJohnMcCain @ BillCassidy @ SenAlexander @ PattyMurray @ SenatorEnzi";;@ @ @ @ @ @;# # #;"885640706030809088";https://twitter.com/FundacionEfrain/status/885640706030809088
WYopinions;2017-07-13 19:22;0;2;"Stop rushing through our healthcare. Let everyone have input, especially experts. Have a # townhall";;;#;"885640537348427776";https://twitter.com/WYopinions/status/885640537348427776
356tub;2017-07-13 18:58;1;0;"@ JohnBarrasso @ SenatorEnzi Any healthcare you propose for us should apply to you! No exceptions for Congress!";;@ @;;"885634606078152705";https://twitter.com/356tub/status/885634606078152705
DanSmith112263;2017-07-13 18:43;0;2;"First the GOP strangles Obamacare. Then trots out this toxic bill after 8 years of whining. Pathetic.";;;;"885630743145324545";https://twitter.com/DanSmith112263/status/885630743145324545
vancraig69;2017-07-13 18:43;0;5;"The Senate healthcare bill is still a pile of garbage! Face facts! Seventy percent of Americans are against it. Serve the people!";;;;"885630737453637632";https://twitter.com/vancraig69/status/885630737453637632
SillsChar;2017-07-13 18:39;1;1;"Half ass Trumpcare on us just to repeal ACA! You know it's a horrible Bill bcuz you exempted yourselves from having to use it! VOTE EM OUT!";;;;"885629794498617345";https://twitter.com/SillsChar/status/885629794498617345
vancraig69;2017-07-13 18:38;0;4;"Medicare for all is the only solution to universal healthcare. Quit sabotaging the ACA! Big pharma is out of control. Do something!";;;;"885629509923467265";https://twitter.com/vancraig69/status/885629509923467265
Hi_IQ_Trump;2017-07-13 17:58;0;0;"https://www.forbes.com/sites/michaelcannon/2016/04/15/congress-is-getting-a-special-exemption-from-obamacare-and-no-its-not-legal/#59bd67967823 …";;;#59bd67967823;"885619476280070148";https://twitter.com/Hi_IQ_Trump/status/885619476280070148
SenatorEnzi;2017-07-13 17:57;1;6;"Senate health care bill revision offers increased options, help for Americans in need. http://bit.ly/2vi7q5E pic.twitter.com/XIc1wqe8Mi";;;;"885619093750988800";https://twitter.com/SenatorEnzi/status/885619093750988800
jesselarson_wy;2017-07-13 17:47;0;3;"You're insane. The options are plans that provide less care based on the pre-existing conditions loophole. Hold a # townhall & listen to us!";;;#;"885616770836557825";https://twitter.com/jesselarson_wy/status/885616770836557825
SenatorEnzi;2017-07-13 17:35;5;3;"New draft, more options, better care. http://bit.ly/2vi7q5E pic.twitter.com/DQHxDYg9sm";;;;"885613557705986048";https://twitter.com/SenatorEnzi/status/885613557705986048
colleen_benn;2017-07-13 17:18;0;0;"Trump voters are gong to figure out YOU took away their healthcare. 2018/20 elections will take you guys down. unemployed and uninsured";;;;"885609511439880192";https://twitter.com/colleen_benn/status/885609511439880192
SenatorEnzi;2017-07-13 17:16;3;6;"The journey to a better American health care system begins here. http://bit.ly/2vi7q5E pic.twitter.com/WacUCBzJVi";;;;"885608972597723136";https://twitter.com/SenatorEnzi/status/885608972597723136
colleen_benn;2017-07-13 16:28;0;0;"You are exempting yourselves from the new healthcare bill? So you know it's crap! The house exempted themselves too! Shameful and immoral.";;;;"885596824517488640";https://twitter.com/colleen_benn/status/885596824517488640
80k_0k8;2017-07-13 16:26;0;0;"The big issue that seems to get ignored is the underlying cost of care (doctors, prescriptions, and other services).";;;;"885596266616340481";https://twitter.com/80k_0k8/status/885596266616340481
colleen_benn;2017-07-13 16:09;0;1;"The new bill still gut Medicaid and now allow insurers to sell lesser plans? Vote NO on this healthcare bill! It's cruel! Fix ACA!";;;;"885592093971763200";https://twitter.com/colleen_benn/status/885592093971763200
FundacionEfrain;2017-07-13 15:00;0;0;"I got # SKIMPY # ACA scam # HealthcareBill @ MikePenceVP @ SenJohnMcCain @ BillCassidy @ PattyMurray @ SenatorEnzi @ SenBobCasey @ SenAlexander";;@ @ @ @ @ @ @;# # #;"885574787778719744";https://twitter.com/FundacionEfrain/status/885574787778719744
colleen_benn;2017-07-13 13:21;0;0;"The proposed healthcare bill unfavorably hits people over 59. They should pay 16% of their income for healthcare? That is unconscionable.";;;;"885549858983038976";https://twitter.com/colleen_benn/status/885549858983038976
FundacionEfrain;2017-07-13 10:41;0;0;"# ACA affordable 4 WHO? # Bipartisan # HealthcareBill @ marcorubio @ tedcruz @ SenTedCruz @ PattyMurray @ SenatorEnzi @ SenatorBurr @ SenAlexander";;@ @ @ @ @ @ @;# # #;"885509586194661376";https://twitter.com/FundacionEfrain/status/885509586194661376
colleen_benn;2017-07-12 21:44;2;2;"Listen to your constituents, not bully Trump Americans want ACA fixed, not Trumpcare! It guts Medicaid and affects our elderly & disabled";;;;"885313907622936577";https://twitter.com/colleen_benn/status/885313907622936577
colleen_benn;2017-07-12 20:40;0;0;"Vote No on healthcare Gutting Medicaid is horrible and cruel People with pre-existing conds need healthcare No lifetime caps Fix ACA";;;;"885297806130282496";https://twitter.com/colleen_benn/status/885297806130282496
FundacionEfrain;2017-07-12 15:05;0;0;"# Bipartisan # HealthcareBill @ stabenow @ SenStabenow @ PattyMurray @ SenGaryPeters @ SenSanders @ marcorubio @ tedcruz @ SenTedCruz @ SenatorEnzi https://twitter.com/vickievignon/status/879470746577362944 …";;@ @ @ @ @ @ @ @ @;# #;"885213448426180608";https://twitter.com/FundacionEfrain/status/885213448426180608
mallen_johnson;2017-07-12 13:22;0;0;"@ SenateMajLdr You are lying and lying badly about your disgusting healthcare tax bill https://www.washingtonpost.com/news/fact-checker/wp/2017/07/11/mcconnells-claim-that-senate-gop-health-bill-would-not-cause-anyone-currently-on-medicaid-to-come-off-of-it/?hpid=hp_hp-top-table-main_factchecker-mcconnell-335am%3Ahomepage%2Fstory&utm_term=.4cec49c32309 … @ SenJohnThune @ SenatorEnzi";;@ @ @;;"885187688927698945";https://twitter.com/mallen_johnson/status/885187688927698945
colleen_benn;2017-07-11 22:33;1;0;"Healthcare is a necessity! Vote NO on Trumpcare Medicaid cannot be gutted to give tax breaks to the rich. It's unconscionable.";;;;"884963774817423360";https://twitter.com/colleen_benn/status/884963774817423360
gryffon57;2017-07-11 20:42;0;0;"23,000 in Wyoming, or 4.6% of the population. But @ SenatorEnzi n @ SenJohnBarrasso are good little Republicans n don't care";;@ @;;"884936066851110914";https://twitter.com/gryffon57/status/884936066851110914
Wheaterville;2017-07-11 20:32;0;0;"Well @ SenatorEnzi ? Huh @SenatorBarasso? You made trumpcare, and it's going to CLOSE at least 14 Wyoming hospitals. Why'd you do that to us? https://twitter.com/ananavarro/status/884599109180694528 …";;@ @SenatorBarasso;;"884933432530350081";https://twitter.com/Wheaterville/status/884933432530350081
colleen_benn;2017-07-11 19:11;0;0;"Obamacare is working Fix the ACA Vote NO on Trumpcare, it's a disaster! Healthcare is a necessity.";;;;"884913034719670272";https://twitter.com/colleen_benn/status/884913034719670272
colleen_benn;2017-07-11 14:30;0;0;"Fix the ACA Reports say health companies are making money Vote NO on Trumpcare, it's bad No Medicaid cuts We deserve affordable healthcare";;;;"884842421040799744";https://twitter.com/colleen_benn/status/884842421040799744
FundacionEfrain;2017-07-11 13:48;0;0;"# HealthcareBill # CBO projection misquote-forget 2 mention largely due 2 Choice NOT 2buy @ PattyMurray @ SenatorEnzi @ SenatorBurr @ SenBobCasey";;@ @ @ @;# #;"884831679218626562";https://twitter.com/FundacionEfrain/status/884831679218626562
FundacionEfrain;2017-07-11 12:32;0;0;"!!??? # HealthcareBill Choice NOT 2 buy @ MikePenceVP @ SenJohnMcCain @ BillCassidy @ SenAlexander @ SenatorEnzi @ SenatorBurr @ SenBobCaseyhttps://twitter.com/SenatorCollins/status/879472221202391040 …";;@ @ @ @ @ @ @;#;"884812632661905409";https://twitter.com/FundacionEfrain/status/884812632661905409
FundacionEfrain;2017-07-11 11:28;0;0;"Listen 2 US! AYE # HealthcareBill @ SenatorEnzi @ SenatorBurr @ SenBobCasey @ SenatorIsakson @ SenJohnMcCain @ BillCassidy @ SenAlexanderhttps://twitter.com/kmegargle/status/882750318961860608 …";;@ @ @ @ @ @ @;#;"884796475288539137";https://twitter.com/FundacionEfrain/status/884796475288539137
FundacionEfrain;2017-07-11 11:26;0;0;"Listen 2 US! AYE # HealthcareBill @ stabenow @ SenStabenow @ SenGaryPeters @ SenSanders @ PattyMurray @ SenatorEnzi @ SenFrankenhttps://twitter.com/kmegargle/status/882750318961860608 …";;@ @ @ @ @ @ @;#;"884796043023482881";https://twitter.com/FundacionEfrain/status/884796043023482881
colleen_benn;2017-07-11 11:20;0;0;"Vote NO on the healthcare bill. Americans want affordable healthcare. Trumpcare is not! Higher premiums. Higher deductibles.";;;;"884794451037536257";https://twitter.com/colleen_benn/status/884794451037536257
oldsolSN;2017-07-11 10:04;0;0;"@ SenatorEnzi please bring the # HealthcareBill out into the light for # bipartisan review. Fix the # ACA. No repeal. Lives depend on it.";;@;# # #;"884775523674619905";https://twitter.com/oldsolSN/status/884775523674619905
FundacionEfrain;2017-07-11 08:44;0;0;"Lower # deficit 4 R kids w/ # HealthcareBill @ SenAlexander @ PattyMurray @ SenatorEnzi @ SenJohnMcCain @ BillCassidy @ SenatorBurr @ SenBobCasey";;@ @ @ @ @ @ @;# #;"884755288443760640";https://twitter.com/FundacionEfrain/status/884755288443760640
colleen_benn;2017-07-11 02:02;0;0;"Kill Trumpcare No one wants it. It's a bad bill Fix ACA Give up your healthcare if you take away ours. Feels fair to me. Want to stay in DC?";;;;"884654178169012225";https://twitter.com/colleen_benn/status/884654178169012225
colleen_benn;2017-07-11 00:08;0;1;"Vote NO on the healthcare bill. Vote NO on the healthcare bill. Show us your integrity. Be heroes, not schmucks!";;;;"884625524626046976";https://twitter.com/colleen_benn/status/884625524626046976
colleen_benn;2017-07-11 00:07;0;1;"People with pre-existing conditions deserve affordable healthcare. Very few people will go their entire lives without becoming one!";;;;"884625275505573889";https://twitter.com/colleen_benn/status/884625275505573889
colleen_benn;2017-07-11 00:06;0;0;"https://www.washingtonpost.com/posteverything/wp/2017/06/14/how-the-senate-health-care-bill-will-drop-people-with-preexisting-conditions/?tid=ss_tw&utm_term=.2a5c42c102e6 …";;;;"884624948211273728";https://twitter.com/colleen_benn/status/884624948211273728
bestchapterever;2017-07-10 23:41;0;2;"Yes! Bitching for 8 years, salivating for a chance to get their hands on health care & they haven't got shit to show for it";;;;"884618739290955776";https://twitter.com/bestchapterever/status/884618739290955776
colleen_benn;2017-07-10 22:50;0;0;"You won't, will you? Don't take away the ACA! Trumpcare is an abomination. We need affordable healthcare. We will vote all of you out!";;;;"884605770393821186";https://twitter.com/colleen_benn/status/884605770393821186
colleen_benn;2017-07-10 22:48;0;1;"Never giving up my fight for affordable healthcare! Americans need healthcare, it is a necessity. Give up your Obamacare!";;;;"884605389102227456";https://twitter.com/colleen_benn/status/884605389102227456
brettglass;2017-07-10 22:46;0;0;"@ SenatorEnzi and @ SenJohnBarrasso trying to sabotage # Wyoming health care by dumping minimum MLR. Time to dump THEM! # WYPol";;@ @;# #;"884604764574457857";https://twitter.com/brettglass/status/884604764574457857
colleen_benn;2017-07-10 20:18;0;0;"Obamacare dramatically ↓ uninsured rate. GOP plan would reverse that progress. http://nytimes.com/interactive/20 …pic.twitter.com/ockigFh3Gt";;;;"884567456030703616";https://twitter.com/colleen_benn/status/884567456030703616
DanSmith112263;2017-07-10 18:38;0;1;"Let's celebrate by taking away healthcare from the poor & elderly and giving billionaires a massive tax cut.";;;;"884542399569154048";https://twitter.com/DanSmith112263/status/884542399569154048
colleen_benn;2017-07-10 18:25;0;0;"Don't repeal only. There is only one alternative to the ACA, Medicare for all. You sabotaged Obamacare, don't try to hide that!";;;;"884538974584283137";https://twitter.com/colleen_benn/status/884538974584283137
colleen_benn;2017-07-10 17:30;0;0;"Americans deserve affordable healthcare. We should have the same healthcare Congress has. Our taxes pay for yours! Give us the same!";;;;"884525268236292098";https://twitter.com/colleen_benn/status/884525268236292098
colleen_benn;2017-07-10 17:27;0;0;"Don't not vote for the healthcare bill McConnell is pushing! It is never going to be as good as ACA, which still needs some work!";;;;"884524566072090624";https://twitter.com/colleen_benn/status/884524566072090624
JohnnyAdams8;2017-07-10 17:05;0;0;"They r intentionally killing our sons and daughters our unborn Nobody cares or files treason against this party that has always done this";;;;"884519073006202880";https://twitter.com/JohnnyAdams8/status/884519073006202880
mucaluck;2017-07-10 14:38;0;0;"The govt doesn't have a working healthcare program that is a success story. Quit mandating lousy govt healthcare to voters!pic.twitter.com/1vzl9ixMnF";;;;"884481894703923200";https://twitter.com/mucaluck/status/884481894703923200
Dwanesterrr;2017-07-10 14:03;0;0;"@ SenTomCotton @ JohnBoozman @ JeffFlake @ SenDanSullivan @ LisaMurkowski @ LutherStrange @ SenShelby # USA # MAGA # HealthcareBill";;@ @ @ @ @ @ @;# # #;"884473121884864512";https://twitter.com/Dwanesterrr/status/884473121884864512
Opadnil;2017-07-10 09:58;0;0;"Reform ACA to provide more indiv choice, greater availabiliy, local control over regs, lower premiums, focus on med care, not insurance.";;;;"884411450185441280";https://twitter.com/Opadnil/status/884411450185441280
FundacionEfrain;2017-07-10 08:06;0;0;"U R not listening_we want # HealthcareBill @ marcorubio @ tedcruz @ SenTedCruz @ MikePenceVP @ PattyMurray @ SenatorEnzi @ SenatorBurr";;@ @ @ @ @ @ @;#;"884383349778903040";https://twitter.com/FundacionEfrain/status/884383349778903040
Dwanesterrr;2017-07-10 02:31;0;0;"@ SenTomCotton @ JohnBoozman @ JeffFlake @ SenDanSullivan @ LisaMurkowski @ LutherStrange @ SenShelby # USA # MAGA # HealthcareBill @ NewtGingritch";;@ @ @ @ @ @ @ @;# # #;"884299038568230912";https://twitter.com/Dwanesterrr/status/884299038568230912
FundacionEfrain;2017-07-09 21:03;0;0;"BURY # Obamacare not # HealthcareBill @ stabenow @ SenStabenow @ SenGaryPeters @ SenSanders @ PattyMurray @ SenatorEnzi @ SenFranken @ SenatorBurr";;@ @ @ @ @ @ @ @;# #;"884216432279552000";https://twitter.com/FundacionEfrain/status/884216432279552000
colleen_benn;2017-07-09 19:52;0;0;"If you repeal Obamacare, then you should not have it either! Americans want affordable healthcare. Fix Obamacare and don't gut Medicaid!";;;;"884198551059808256";https://twitter.com/colleen_benn/status/884198551059808256
colleen_benn;2017-07-09 19:31;0;0;"Vote no on healthcare bill. Vote no on healthcare bill. Vote no on healthcare bill. Vote no on healthcare bill. Vote no";;;;"884193248922681349";https://twitter.com/colleen_benn/status/884193248922681349
WhyohmeanMike;2017-07-09 15:01;0;0;"willing to face his constituents and explain his and @ SenatorEnzi despicable actions on healthcare committee! Just sucks up to McConnell!";;@;;"884125317073440769";https://twitter.com/WhyohmeanMike/status/884125317073440769
FundacionEfrain;2017-07-09 14:58;0;0;"@ SenAlexander @ PattyMurray @ SenatorEnzi @ SenFranken @ SenatorBurr @ SenBobCasey @ SenatorIsakson What’s good 4 USA? # HealthcareBill";;@ @ @ @ @ @ @;#;"884124557837258752";https://twitter.com/FundacionEfrain/status/884124557837258752
colleen_benn;2017-07-09 14:12;0;0;"Trump is embarrassing the US but we are focusing on healthcare Do not repeal Obamacare without a replacement We will repeal all of you!";;;;"884112969331691521";https://twitter.com/colleen_benn/status/884112969331691521
wyo_advocate;2017-07-09 09:03;0;0;"@ SenJohnBarrasso @ SenatorEnzi Taking care of elderly, kids, & disabled not a political choice but moral obligation. http://www.aarp.org/politics-society/advocacy/info-2017/cbo-response-to-senate-health-care-bill.html?cmp=EMC-DSO-NLC-RSS---CTRL-062817-P1-2232251&ET_CID=2232251&ET_RID=21481124&encparam=klGA7PfytFFPslV21P2XqhYLdMwaburgpFyADBv1AL8= …";;@ @;;"884035334308118528";https://twitter.com/wyo_advocate/status/884035334308118528
colleen_benn;2017-07-09 00:56;0;0;"We don't want Trumpcare! Never have, never will because it's crap. Don't put lipstick on the bill, it's already UGLY.pic.twitter.com/xzjX9HJO44";;;;"883912820940709888";https://twitter.com/colleen_benn/status/883912820940709888
ywazir;2017-07-08 19:58;0;1;"No Senate bill yet exists? Really? @ SenatorEnzi and GOP Budget Committee staff would disagree. https://www.budget.senate.gov/bettercare pic.twitter.com/kK57Nf2tyl";;@;;"883837759550521344";https://twitter.com/ywazir/status/883837759550521344
colleen_benn;2017-07-08 15:39;0;0;"# ProtectOurCare Don't vote for the healthcare bill. Fix the ACA Affordable healthcare Pre-existing included No lifetime caps";;;#;"883772513599148032";https://twitter.com/colleen_benn/status/883772513599148032
WTEOpinion;2017-07-08 09:59;0;0;"Drake: @ SenatorEnzi, @ SenJohnBarrasso fingerprints all over health-care debacle. # AHCA # WyLeg # WyPol # TrumpCare http://buff.ly/2tyiegk";;@ @;# # # #;"883686874036023296";https://twitter.com/WTEOpinion/status/883686874036023296
FundacionEfrain;2017-07-08 08:31;0;0;"@ SenAlexander @ PattyMurray @ SenatorEnzi @ SenatorBurr @ SenBobCasey @ SenFranken @ RandPaul It’s about USA not U & me # HealthcareBill";;@ @ @ @ @ @ @;#;"883664819186008065";https://twitter.com/FundacionEfrain/status/883664819186008065
WhyohmeanMike;2017-07-08 08:12;0;0;"@ SpeakerRyan isn't the only one! @ SenJohnBarrasso & @ SenatorEnzi won't hold TOWN HALL in WY. BOTH on senate healthcare committee. Gutless!";;@ @ @;;"883660078712332288";https://twitter.com/WhyohmeanMike/status/883660078712332288
Bev_DeSomber;2017-07-08 01:10;0;0;". @ SenJohnBarrasso . @ SenatorEnzi Enzi, Barrasso fingerprints all over healthcare debacle - News Columns - WyoFile http://www.wyofile.com/column/enzi-barrasso-fingerprints-healthcare-debacle/ …";;@ @;;"883553973344518146";https://twitter.com/Bev_DeSomber/status/883553973344518146
WTEOpinion;2017-07-07 23:56;0;0;"Dozens protest @ GOP health-care reform in # Cheyenne. # Wypol # WyLeg @ SenatorEnzi @ SenJohnBarrasso # AHCA # TrumpCare http://buff.ly/2tUpzsS pic.twitter.com/GMrGr0V526";;@ @ @;# # # # #;"883535147815120898";https://twitter.com/WTEOpinion/status/883535147815120898
Mittineague;2017-07-07 23:27;0;0;". @ SenatorEnzi @ lisamurkowski @ SenDanSullivan Serve constituents and Americans Get serious and fix # ACA or pass # singlepayer # MedicareForAll";;@ @ @;# # #;"883527926880370692";https://twitter.com/Mittineague/status/883527926880370692
colleen_benn;2017-07-07 21:55;0;0;"Be a hero! Don't vote for the healthcare bill Americans don't want it. Stand up for us! Your colleagues will be out of jobs if vote is Y";;;;"883504849735663618";https://twitter.com/colleen_benn/status/883504849735663618
FundacionEfrain;2017-07-07 17:25;0;0;"@ SenAlexander @ PattyMurray @ SenatorEnzi @ SenatorBurr @ SenBobCasey @ SenatorIsakson @ SenFranken @ RandPaul Time for a NEW plan # HealthcareBill";;@ @ @ @ @ @ @ @;#;"883436796482400256";https://twitter.com/FundacionEfrain/status/883436796482400256
colleen_benn;2017-07-07 12:58;1;0;"Don't gut Medicaid It takes care of more people than you know Elderly in homes, disabled people in their homes, 50% of births in USA";;;;"883369587869335553";https://twitter.com/colleen_benn/status/883369587869335553
colleen_benn;2017-07-07 12:56;0;0;"Americans want affordable healthcare Lower premiums, lower deductibles, no caps Don't penalize the 60+ group Include pre-existing";;;;"883369098310066177";https://twitter.com/colleen_benn/status/883369098310066177
FundacionEfrain;2017-07-07 08:50;0;0;"@ marcorubio @ PattyMurray @ SenatorEnzi @ SenatorBurr @ tedcruz @ SenTedCruz Some broken things cannot b fixed Support # HealthcareBill";;@ @ @ @ @ @;#;"883307162075901952";https://twitter.com/FundacionEfrain/status/883307162075901952
colleen_benn;2017-07-06 19:57;0;0;"Don't take away our healthcare! Don't gut Medicaid! Americans want affordable healthcare. Premiums and deductibles that we can afford.";;;;"883112742676082690";https://twitter.com/colleen_benn/status/883112742676082690
DanSmith112263;2017-07-06 17:37;0;2;"How about making a video of you rasslin' healthcare away from the elderly & poor and then clubbing them with a chair. Your base loves that";;;;"883077587001638912";https://twitter.com/DanSmith112263/status/883077587001638912
colleen_benn;2017-07-06 13:07;0;0;"You are all hiding during recess and not holding town halls. Embarrassed by your healthcare bill? Vote NO";;;;"883009639964590080";https://twitter.com/colleen_benn/status/883009639964590080
colleen_benn;2017-07-06 12:34;1;0;"Do not repeal without replacement. You have to fix this! That's why you are in DC. Affordable healthcare for all Americans";;;;"883001233987911680";https://twitter.com/colleen_benn/status/883001233987911680
FundacionEfrain;2017-07-06 12:32;0;0;"@ MikePenceVP @ SenAlexander @ PattyMurray @ SenatorEnzi @ SenatorBurr @ SenBobCasey @ RandPaul Stop beating a dead horse # PassHealthcareBill";;@ @ @ @ @ @ @;#;"883000606616686592";https://twitter.com/FundacionEfrain/status/883000606616686592
sheroncox21;2017-07-06 12:22;0;0;"# N545rn I am following US Senator Mike Enzi @ SenatorEnzi Wyoming's 20th United States Senator involved in healthcare reform and policies.";;@;#;"882998112184262658";https://twitter.com/sheroncox21/status/882998112184262658
FundacionEfrain;2017-07-06 10:36;0;0;"@ MikePenceVP @ SenAlexander @ PattyMurray @ SenatorEnzi @ SenBobCasey @ SenatorBurr ENUFF gerryrigging # Obamacare #PASS#HealthcareBill";;@ @ @ @ @ @;# #PASS #HealthcareBill;"882971546356260866";https://twitter.com/FundacionEfrain/status/882971546356260866
Bev_DeSomber;2017-07-06 02:45;0;0;". @ SenJohnBarrasso . @ SenatorEnzi IN Republicans asked 4 Obamacare horror stories. It didn’t go well. http://www.huffingtonpost.com/entry/obamacare-horror-stories_us_595c459de4b05c37bb808bef?ncid=engmodushpmg00000004 … via @ HuffPostPol";;@ @ @;;"882852990104723457";https://twitter.com/Bev_DeSomber/status/882852990104723457
dcfschertz;2017-07-05 23:26;0;0;"GOP Strategy: Bail out Obamacare Set course for single-payer socialism Take blame for failure BRILLIANT. # FullRepeal # UnitedForFreedom";;;# #;"882802876195758080";https://twitter.com/dcfschertz/status/882802876195758080
colleen_benn;2017-07-05 21:43;0;0;"Your GOP Twitter account trolled Dems today asking what their healthcare plan was! @ HillaryClinton does have a plan, check it out!";;@;;"882776926477107201";https://twitter.com/colleen_benn/status/882776926477107201
colleen_benn;2017-07-05 18:17;0;0;"Have you all been listening to town halls, marches and main stream media? No one wants Trumpcare, period If you all keep ACA so should we";;;;"882725182615322624";https://twitter.com/colleen_benn/status/882725182615322624
mikenaiken45;2017-07-05 15:09;0;1;"We the People were promised # FullRepealorNoDeal & accept nothing less! # KeepYourPromise Get the gov't. out of healthcare! # UnitedForFreedompic.twitter.com/AI2pR8eB8L";;;# # #;"882677868794347521";https://twitter.com/mikenaiken45/status/882677868794347521
NatronaWyoDems;2017-07-05 14:50;0;54;"Man, just how does he fight to expand healthcare for the American people and still stay so popular? # noahca @ SenatorEnzi pic.twitter.com/6wOupzZJZQ";;@;#;"882672956647903233";https://twitter.com/NatronaWyoDems/status/882672956647903233
colleen_benn;2017-07-05 13:38;0;0;"Healthcare bill should be bi-partisan. Work together to make the best healthcare this country has to offer!pic.twitter.com/ELDHwAwz8c";;;;"882654831722209280";https://twitter.com/colleen_benn/status/882654831722209280
RozlynnDowner;2017-07-05 13:19;1;2;"# REPEALOBAMACARE completely as PROMISED! NO trumpcare! # UnitedforFreedom!";;;# #;"882650035439235073";https://twitter.com/RozlynnDowner/status/882650035439235073
WillyGlen;2017-07-05 12:50;2;0;". @ SenatorEnzi 7 years of promising # fullrepeal Of Obcare & w/GOP HOUSE/SEN-WH U R stabbing us in the back. # UnitedForFreedom # FullRepealpic.twitter.com/queDuzsLvn";;@;# # #;"882642770703286273";https://twitter.com/WillyGlen/status/882642770703286273
FundacionEfrain;2017-07-05 12:45;0;0;"@ SenAlexander @ PattyMurray @ SenatorEnzi @ SenatorBurr @ SenBobCasey @ SenatorIsakson @ SenFranken End # 7yearsBadLuck # Repeal # Obamacare";;@ @ @ @ @ @ @;# # #;"882641645585485825";https://twitter.com/FundacionEfrain/status/882641645585485825
the_grid_runner;2017-07-05 11:53;0;2;"Nationalized healthcare gives rise to situations like Charlie Gard. Get out of healthcare. # FullRepeal!";;;#;"882628412740915201";https://twitter.com/the_grid_runner/status/882628412740915201
FundacionEfrain;2017-07-05 08:44;0;0;"@ MikePenceVP @ SenAlexander @ PattyMurray @ SenatorEnzi @ SenatorBurr @ SenBobCasey # 7years # Tweaking # Obamacare did not work! # HealthcareBill";;@ @ @ @ @ @;# # # #;"882580908670431232";https://twitter.com/FundacionEfrain/status/882580908670431232
FundacionEfrain;2017-07-04 16:24;0;0;"# Patriots 4 # Healthcarebill R U 1 @ PattyMurray @ SenatorEnzi @ SenatorBurr @ SenBobCasey @ SenatorIsakson @ SenFranken @ RandPaul @SenBennetCO";;@ @ @ @ @ @ @ @SenBennetCO;# #;"882334425580793856";https://twitter.com/FundacionEfrain/status/882334425580793856
colleen_benn;2017-07-04 15:11;3;1;"Trumpcare increases premiums for older Americans not yet eligible for Medicare. The people most likely to be unemployed! Shamefulpic.twitter.com/dFF3Wo0u9j";;;;"882316050162786304";https://twitter.com/colleen_benn/status/882316050162786304
jfk2k71;2017-07-04 14:50;0;0;"Affordable and Medicaid don't go hand in hand. The excess demand from Medicaid has raised healthcare prices over the decades. The waste";;;;"882310693583818753";https://twitter.com/jfk2k71/status/882310693583818753
colleen_benn;2017-07-04 14:47;0;0;"Affordable healthcare is a necessity today! We don't want Trumpcare because it is a bad bill and guts Medicaid. Work together!";;;;"882309814759546880";https://twitter.com/colleen_benn/status/882309814759546880
dlbvet;2017-07-04 14:03;1;0;"@ SenJohnBarrasso @ SenatorEnzi @ RepLizCheney You might want to look at this graphic to see how much good the # ACA has done. # Trumpcarehttps://twitter.com/sparksjls/status/881614102271066113 …";;@ @ @;# #;"882298830573764609";https://twitter.com/dlbvet/status/882298830573764609
FundacionEfrain;2017-07-04 12:39;0;0;"@ tedcruz @ SenTedCruz @ MikePenceVP @ SenatorBurr @ SenatorEnzi @ SenAlexander # HealthcareBill # DeclarationOfIndependence from # Obamacare";;@ @ @ @ @ @;# # #;"882277796323536896";https://twitter.com/FundacionEfrain/status/882277796323536896
FundacionEfrain;2017-07-04 09:50;0;0;"@ SenatorEnzi @ SenatorBurr @ SenBobCasey @ SenFranken @ RandPaul Geo.Washington was more interested n U.S. than himself. Vote # HealthcareBill";;@ @ @ @ @;#;"882235203359518720";https://twitter.com/FundacionEfrain/status/882235203359518720
FundacionEfrain;2017-07-04 08:22;0;0;"@ SenAlexander @ PattyMurray @ SenatorEnzi @ SenatorBurr @ SenBobCasey @ SenatorIsakson @ SenFranken # HealthcareBill # American as # applepie";;@ @ @ @ @ @ @;# # #;"882213029269708801";https://twitter.com/FundacionEfrain/status/882213029269708801
Bev_DeSomber;2017-07-04 03:55;0;0;". @ SenJohnBarrasso . @ SenatorEnzi As GOP moves toward repeal, a government report shows Obamacare is working well http://fw.to/C7PBM4C";;@ @;;"882145774787637250";https://twitter.com/Bev_DeSomber/status/882145774787637250
Bev_DeSomber;2017-07-04 00:53;0;0;"They need to be voted out. . @ SenJohnBarrasso . @ SenatorEnzi Wyoming Republican Senators Join Push To Pass Trumpcare http://www.bit.ly/2tzIREx";;@ @;;"882099926963900416";https://twitter.com/Bev_DeSomber/status/882099926963900416
Bev_DeSomber;2017-07-04 00:50;0;0;"Gawd! . @ SenJohnBarrasso . @ SenatorEnzi GOP Senators Trying To Work The Refs As Obamacare Repeal Bill Stalls http://talkingpointsmemo.com/dc/let-the-cbo-wars-continue-senate-obamacare-repeal … via @ TPM";;@ @ @;;"882099157527179265";https://twitter.com/Bev_DeSomber/status/882099157527179265
colleen_benn;2017-07-03 14:15;1;0;"Vote NO on Trumpcare! We need affordable healthcare. Lower premiums, lower deductibles, pre-existing and no caps coverage You can fix this";;;;"881939507452432386";https://twitter.com/colleen_benn/status/881939507452432386
MadddWWWorld;2017-07-03 10:35;0;0;"It's amazing that a new healthcare is failing before it's even released. They should get the hint";;;;"881884214597218306";https://twitter.com/MadddWWWorld/status/881884214597218306
FundacionEfrain;2017-07-03 10:09;0;0;"@ MikePenceVP @ SenAlexander @ PattyMurray @ SenatorEnzi @ SenatorBurr @ marcorubio Americans 4 # HealthcareBill.DON’T nationalize private industry";;@ @ @ @ @ @;#;"881877519636606976";https://twitter.com/FundacionEfrain/status/881877519636606976
gklaurent;2017-07-02 22:39;0;0;"@ SenatorCollins thank you for yr courage. Don't fold. My senators @ SenJohnBarrasso @ SenatorEnzi don't care for anyone but donors";;@ @ @;;"881703957256646658";https://twitter.com/gklaurent/status/881703957256646658
colleen_benn;2017-07-02 19:37;1;0;"Affordable healthcare is what all Americans want. Healthcare is a necessity. People with pre-existing conditions need coverage and no caps,";;;;"881658100570128384";https://twitter.com/colleen_benn/status/881658100570128384
badwolf303;2017-07-02 17:33;0;0;"@ SenatorEnzi Did you really HANG UP on your constituent when she tried to explain about need for healthcare? Did you, Senator? # AHCA # GOP";;@;# #;"881626890473287680";https://twitter.com/badwolf303/status/881626890473287680
colleen_benn;2017-07-02 14:07;1;1;"Please don't repeal without a replacement Vote NO on this healthcare bill We want the same healthcare you have! No Medicaid gut of 800M";;;;"881574963450216450";https://twitter.com/colleen_benn/status/881574963450216450
FundacionEfrain;2017-07-02 13:31;0;0;"@ SenatorEnzi @ SenatorBurr @ SenBobCasey @ SenatorIsakson @ SenFranken # Free_market Don'T nationalize private industry! Support # HealthcareBill";;@ @ @ @ @;# #;"881566103448760320";https://twitter.com/FundacionEfrain/status/881566103448760320
colleen_benn;2017-07-02 12:58;0;0;"We are all Americans. We should all have the same healthcare. If Congress keeps Obamacare, they that's what we should have. NO TRUMPCARE!";;;;"881557614580031488";https://twitter.com/colleen_benn/status/881557614580031488
Bev_DeSomber;2017-07-02 00:52;1;1;". @ SenJohnBarrasso . @ SenatorEnzi - they do not represent us. WY Republican Senators Join Push To Pass Trumpcare http://www.bit.ly/2tzIREx";;@ @;;"881374949520269312";https://twitter.com/Bev_DeSomber/status/881374949520269312
colleen_benn;2017-07-01 23:45;0;0;"@ ASlavitt We need a health care system that recognizes a simple fact: It could happen to you, Senator.";;@;;"881358029605687296";https://twitter.com/colleen_benn/status/881358029605687296
mthawkmo;2017-07-01 23:19;0;0;"Senate health care plan: Poll shows just 12% of Americans support it @ SenatorEnzi https://www.usatoday.com/story/news/politics/2017/06/28/suffolk-poll-obamacare-trump-senate-health-care-plan/103249346/ …";;@;;"881351716737867777";https://twitter.com/mthawkmo/status/881351716737867777
DanSmith112263;2017-07-01 23:08;0;0;"NO. This is a rich man's tax cut masquerading as healthcare. It hurts the elderly, poor, & veterans & is a GOP pay off to its benefactors";;;;"881348826556248064";https://twitter.com/DanSmith112263/status/881348826556248064
colleen_benn;2017-07-01 12:47;0;0;"Americans need affordable healthcare Premiums and deductibles need to come down We need you to stand up for us! Show us your integrity!";;;;"881192537062465536";https://twitter.com/colleen_benn/status/881192537062465536
scjr14312;2017-07-01 11:25;2;0;". @ SenatorEnzi how many in Wyoming's health care industry will lose jobs, when this many in Wyoming lose their health care? Job killing bill https://twitter.com/charles_gaba/status/880429880890052608 …";;@;;"881171864105742336";https://twitter.com/scjr14312/status/881171864105742336
dlbvet;2017-07-01 10:47;0;0;"@ SenatorEnzi @ SenJohnBarrasso @ RepLizCheney Do you see this? That's 10% of our state. That OK w/you? How is this making healthcare better?https://twitter.com/charles_gaba/status/880429880890052608 …";;@ @ @;;"881162351331954688";https://twitter.com/dlbvet/status/881162351331954688
FundacionEfrain;2017-07-01 10:11;0;0;"@ MikePenceVP @ SenAlexander @ PattyMurray @ SenatorEnzi @ SenatorBurr @ SenBobCasey Can’t rob Peter#MiddleClass to pay Paul #Pass#HealthcareBill";;@ @ @ @ @ @;#MiddleClass #Pass #HealthcareBill;"881153248979300352";https://twitter.com/FundacionEfrain/status/881153248979300352
WTEOpinion;2017-07-01 09:59;0;0;"Letter to @ SenatorEnzi, please make effort to protect all who need care. # WyPol # WyLeg # AHCA # Trumpcare http://buff.ly/2txUUSG";;@;# # # #;"881150169038958594";https://twitter.com/WTEOpinion/status/881150169038958594
colleen_benn;2017-07-01 02:42;0;0;"Don't take healthcare away from the poor to give tax breaks to the rich! Americans want affordable healthcare. We pay taxes.";;;;"881040261924528128";https://twitter.com/colleen_benn/status/881040261924528128
colleen_benn;2017-07-01 01:03;0;0;"32 million will lose coverage. Don't do this to America! VOTE NO!http://money.cnn.com/2017/06/30/news/economy/obamacare-repeal-trump/index.html?sr=twpol063017obamacare-repeal-trump0901PMVODtopLink&linkId=39303255 …";;;;"881015420953665537";https://twitter.com/colleen_benn/status/881015420953665537
colleen_benn;2017-06-30 23:54;1;0;"Affordable healthcare for all Affordable healthcare for all Affordable healthcare for all Affordable healthcare for all";;;;"880998100558532608";https://twitter.com/colleen_benn/status/880998100558532608
colleen_benn;2017-06-30 22:26;0;0;"Healthcare is a necessity. Americans don't want to go bankrupt to save their children's lives. "Jimmy Kimmel" rule should be applied to all!";;;;"880975882269020160";https://twitter.com/colleen_benn/status/880975882269020160
