Suhalper;2017-07-24 19:40;0;0;"@ SenatorWicker Please remember your constituents and vote against Trump's healthcare bill. Thank you. Susan";;@;;"889631492992892928";https://twitter.com/Suhalper/status/889631492992892928
liberalgoddess;2017-07-24 17:47;0;0;"And? What's your take on the healthcare bill you're going to be voting on?";;;;"889603088373305344";https://twitter.com/liberalgoddess/status/889603088373305344
rthomson49;2017-07-24 17:38;0;0;"@ SenatorWicker How many people will loose thier health care if you vote to repeal the ACA. The american people want the ACA and support it.";;@;;"889600693908197376";https://twitter.com/rthomson49/status/889600693908197376
Gr8Melin;2017-07-24 17:24;0;0;"@ TomCottonAR @ JeffFlake @ SenatorWicker NO man who CARES abt women/children or wants re-election would vote yes on tRumpcare. Vote NO & CARE!";;@ @ @;;"889597297658478592";https://twitter.com/Gr8Melin/status/889597297658478592
mattyrab;2017-07-24 17:20;8;14;"A man with brain cancer could effectively vote to rip healthcare away from 22-36 million Americans. If true, this is the @ GOP in a nutshell";;@;;"889596122611814401";https://twitter.com/mattyrab/status/889596122611814401
elizacollins1;2017-07-24 17:17;4;4;"Both @ senorrinhatch and @ SenatorWicker tell reporters they think it's a possibility @ SenJohnMcCain will come back to vote on health care";;@ @ @;;"889595511157731329";https://twitter.com/elizacollins1/status/889595511157731329
DanSmith112263;2017-07-24 17:11;0;0;"Constituents need a Senator not complicit with the GOP's sabotagehttp://nymag.com/daily/intelligencer/2017/06/trumps-sabotage-of-obamacare-is-working.html …";;;;"889593828591759366";https://twitter.com/DanSmith112263/status/889593828591759366
PRCDEC;2017-07-24 16:39;1;0;"@ SenThadCochran @ SenatorWicker # yourlastterm # NotoTrumpcarepic.twitter.com/9l9dRoCzno";;@ @;# #;"889585955161747456";https://twitter.com/PRCDEC/status/889585955161747456
unifyusa;2017-07-24 15:28;1;0;". @ SenatorWicker FixUnsustainable&Ineffective # Medicaid n # AHCA # repealobamacare # fullrepeal # pjnet @ POTUS # pjnetpic.twitter.com/l6BcqEDW1j";;@ @;# # # # # #;"889567861617840128";https://twitter.com/unifyusa/status/889567861617840128
ChristopherRHa5;2017-07-24 15:16;0;0;"@ SenatorWicker pls, do something in healthcare bill, vote to repeal/ replace be the first to do it come what may!";;@;;"889565070782595072";https://twitter.com/ChristopherRHa5/status/889565070782595072
MattCovfefe20;2017-07-24 14:41;0;0;"@ SenThadCochran @ SenatorWicker Please vote NO when the Senate brings Obamacare Repeal Reconciliation Act of 2017 to a vote. Thank you!";;@ @;;"889556047651909632";https://twitter.com/MattCovfefe20/status/889556047651909632
TheAnimeDreamer;2017-07-24 12:19;0;0;"@ SenatorWicker @ SenThadCochran # SaveACA Tell Congress: Let Medicare negotiate prescription drug prices! https://shar.es/1TcFq4";;@ @;#;"889520376191094784";https://twitter.com/TheAnimeDreamer/status/889520376191094784
Amber_Addison_;2017-07-24 11:14;0;1;"This. I ended up in tears. Though I doubt @ SenShelby @ SenatorStrange or the senators in my home state @ SenatorWicker & @ SenThadCochran care.https://twitter.com/izzyabbysmom/status/889478897531842561 …";;@ @ @ @;;"889504175020789760";https://twitter.com/Amber_Addison_/status/889504175020789760
MattCovfefe20;2017-07-24 09:01;0;0;"@ SenThadCochran @ SenatorWicker Please vote NO when the Senate brings Obamacare Repeal Reconciliation Act of 2017 to a vote. Thank you!";;@ @;;"889470639932833792";https://twitter.com/MattCovfefe20/status/889470639932833792
TheAnimeDreamer;2017-07-24 02:48;1;0;"@ senatorwicker @ SenThadCochran @ GreggHarper Don't take our health care away! We need Medicaid/Obamacare to survive # SaveOurCare # SoundOff";;@ @ @;# #;"889376662684655616";https://twitter.com/TheAnimeDreamer/status/889376662684655616
TheAnimeDreamer;2017-07-24 02:16;1;0;"Pleas @ SenatorWicker @ SenThadCochran Save our healthcare before it's too late # KillTheBill # ProtectMedicaid # StopTrumpCare # SaveACA";;@ @;# # # #;"889368652356734977";https://twitter.com/TheAnimeDreamer/status/889368652356734977
RozlynnDowner;2017-07-23 21:21;0;0;"Time to LISTEN! # REPEALObamacare completely! NO trumpcare! # FreeMarketOnly! # UnitedforFreedom!";;;# # #;"889294322763526145";https://twitter.com/RozlynnDowner/status/889294322763526145
olemissmellie;2017-07-23 14:23;1;1;"That's My Senator & he is 100% correct!...Now get 'er done, congress! (Tax reform & healthcare too, pls) @ chuckwoolery @ crawfishaka @ rtoberl";;@ @ @;;"889189271042744321";https://twitter.com/olemissmellie/status/889189271042744321
melindanbrown;2017-07-23 07:11;0;1;"Criminal. These could be some of your voters @ SenThadCochran @ SenatorWicker so vote no # trumpcare & help to make the ACA better.https://twitter.com/beauwillimon/status/888788899161681920 …";;@ @;#;"889080598618394628";https://twitter.com/melindanbrown/status/889080598618394628
MDresk;2017-07-22 21:37;0;1;"Please work with Democrats to fix health care. Is a vital need. No one can do without health care.";;;;"888936144817094656";https://twitter.com/MDresk/status/888936144817094656
MattCovfefe20;2017-07-22 19:49;0;0;"@ SenThadCochran @ SenatorWicker Please vote NO when the Senate brings Obamacare Repeal Reconciliation Act of 2017 to a vote. Thank you!";;@ @;;"888908970034950144";https://twitter.com/MattCovfefe20/status/888908970034950144
BryanESmithJr;2017-07-22 17:35;0;0;"Work with him to build the damn wall and repeal Obamacare to while you're at it, Senator.";;;;"888875173788745728";https://twitter.com/BryanESmithJr/status/888875173788745728
unifyusa;2017-07-22 15:07;0;0;". @ SenatorWicker FixUnsustainable&Ineffective # Medicaid n # AHCA # repealobamacare # fullrepeal # pjnet @ POTUS # pjnetpic.twitter.com/l6BcqEDW1j";;@ @;# # # # # #;"888838030320062464";https://twitter.com/unifyusa/status/888838030320062464
Kissmygrits2017;2017-07-22 13:59;0;0;"Roger you are betraying Mississippi people on healthcare putting Republican Party over the people who voted you into office";;;;"888820914435096576";https://twitter.com/Kissmygrits2017/status/888820914435096576
melindanbrown;2017-07-22 10:18;0;0;"You know he's crazy @ SenThadCochran @ SenatorWicker Make sure your names aren't next to his in the history books. # notrumpcarehttps://twitter.com/realpresssecbot/status/888735639625056257 …";;@ @;#;"888765311444557824";https://twitter.com/melindanbrown/status/888765311444557824
DanSmith112263;2017-07-21 17:58;0;0;"Can it stop the GOP from losing its moral compass?http://nymag.com/daily/intelligencer/2017/07/trump-administration-used-public-funds-to-sabotage-obamacare.html …";;;;"888518502818226176";https://twitter.com/DanSmith112263/status/888518502818226176
notgonnabpc;2017-07-21 15:31;0;0;"@ SenatorWicker Sir, # RepealAHAObamacare We The People don't want it replaced we want it gone! We want Government out of our healthcare";;@;#;"888481639894044672";https://twitter.com/notgonnabpc/status/888481639894044672
sunbeltgirl;2017-07-21 13:41;1;0;". @ SenatorWicker Obamacare 2.0 isn't the promise! # FullRepeal is! # PJNETpic.twitter.com/rxspEVhv2B";;@;# #;"888453956443279361";https://twitter.com/sunbeltgirl/status/888453956443279361
ChangeSeats;2017-07-21 11:12;0;1;"RT @ SenatorWicker: LISTEN: My interview on the @ IngrahamAngle show. Spoke about GOP plan to vote on healthcare: http://buff.ly/2uQ09hA";;@ @;;"888416275617259523";https://twitter.com/ChangeSeats/status/888416275617259523
SenatorWicker;2017-07-21 10:51;2;2;"LISTEN: My interview on the @ IngrahamAngle show. Spoke about GOP plan to vote on healthcare:https://soundcloud.com/senatorwicker/wicker-discusses-healthcare-on-the-laura-ingraham-show …";;@;;"888411017256079360";https://twitter.com/SenatorWicker/status/888411017256079360
DanSmith112263;2017-07-20 17:38;0;0;"Good. Here's some talking points.http://www.thedailybeast.com/team-trump-used-obamacare-money-to-run-ads-against-it?source=twitter&via=desktop …";;;;"888151215053434884";https://twitter.com/DanSmith112263/status/888151215053434884
duckyack;2017-07-20 17:00;0;0;". @ SenatorWicker Obamacare 2.0 isn't the promise! # FullRepeal is! # PJNETpic.twitter.com/bdozReESEX";;@;# #;"888141551939055621";https://twitter.com/duckyack/status/888141551939055621
amiloub;2017-07-20 14:18;0;1;"Polls show that 70% of people think that healthcare legislation should be bipartisan. Pls do what MS needs and not what you think they want.";;;;"888100709014671360";https://twitter.com/amiloub/status/888100709014671360
unifyusa;2017-07-20 14:13;0;0;". @ SenatorWicker FixUnsustainable&Ineffective # Medicaid n # AHCA # repealobamacare # fullrepeal # pjnet @ POTUS # pjnetpic.twitter.com/l6BcqEDW1j";;@ @;# # # # # #;"888099656604962816";https://twitter.com/unifyusa/status/888099656604962816
DanSmith112263;2017-07-20 13:39;0;0;"Watch how the GOP strangles Obamacarehttp://www.thedailybeast.com/team-trump-used-obamacare-money-to-run-ads-against-it?source=twitter&via=desktop …";;;;"888091097368604672";https://twitter.com/DanSmith112263/status/888091097368604672
TogetherJxn;2017-07-20 10:18;0;3;"# WeThePeople have questions- abt healthcare, Medicaid, taxes, infrastructure, environment. How about holding a Town Hall during recess? 2/";;;#;"888040426128723968";https://twitter.com/TogetherJxn/status/888040426128723968
SenatorWicker;2017-07-20 09:32;4;6;"ICYMI | My interview w/ @ JudyWoodruff on @ NewsHour. Discussed Senate GOP mtg w/ @ realDonaldTrump on healthcare:https://youtu.be/SYKfLFVNtD8";;@ @ @;;"888028895768969217";https://twitter.com/SenatorWicker/status/888028895768969217
KennethBriggs;2017-07-20 09:21;0;0;"@ SenatorWicker Senator, repeal 100% of Obamacare, now! https://www.votervoice.net/AFA/campaigns/53675/respond …";;@;;"888025968547377152";https://twitter.com/KennethBriggs/status/888025968547377152
8healthcare;2017-07-20 09:20;0;0;"@ SenatorWicker 8% could work for your state";;@;;"888025727836311553";https://twitter.com/8healthcare/status/888025727836311553
jfk2k71;2017-07-20 00:14;0;0;"I mean isn't that our fault? We've had serious issues in healthcare for decades. Most Americans DO NOT know that hospitals and insurers do";;;;"887888342183956481";https://twitter.com/jfk2k71/status/887888342183956481
JudyWoodruff;2017-07-19 23:10;1;5;". @ SenatorWicker says @ SenateMajLdr & Pres Trump have 2 different ideas about what's next on health carehttp://www.pbs.org/newshour/bb/sen-wicker-trump-believes-health-care-bill-can-get-50-votes/ …";;@ @;;"887872246856818689";https://twitter.com/JudyWoodruff/status/887872246856818689
amiloub;2017-07-19 22:01;0;2;"So education cuts, healthcare cuts, and social services cuts. We get it. You don't want to give Mississippians a chance to prosper. Sad!";;;;"887854932644306944";https://twitter.com/amiloub/status/887854932644306944
lori__suzanne;2017-07-19 21:22;0;0;"@ SenatorWicker disturbing to hear you speak abt healthcare for Mississippi on @ NewsHour it's one of the most unhealthy states in the country";;@ @;;"887845231055560705";https://twitter.com/lori__suzanne/status/887845231055560705
jonmaw;2017-07-19 19:41;0;0;"@ SenatorWicker just watched PBS. U talk about 'winning' how about 'we the people' winning. Other countries can do healthcare, why can't we?";;@;;"887819764302831619";https://twitter.com/jonmaw/status/887819764302831619
yourauntemma;2017-07-19 19:24;1;1;"See @ GOP-ers brag how they intend take away healthcare from the poor to further enrich the wealthy, @ SenatorWicker @ SenPatRoberts.https://twitter.com/NewsHour/status/887805622409768960 …";;@ @ @;;"887815408602017792";https://twitter.com/yourauntemma/status/887815408602017792
CoenLD;2017-07-19 19:17;0;0;"@ SenatorWicker u r being disingenuous saying just now that folks in MScwill not lose their coverage by ACA or Medicare Sen. Stop lying to us";;@;;"887813658541256704";https://twitter.com/CoenLD/status/887813658541256704
Raycerx58;2017-07-19 18:42;0;0;"@ senatorwicker of # Mississippi just lied in an interview on Obamacare. 2/3 of the increases in costs to come from undermining of # ACA by GOP";;@;# #;"887804792222789632";https://twitter.com/Raycerx58/status/887804792222789632
WesleyHead;2017-07-19 17:31;0;0;"@ GreggHarper @ SenThadCochran @ SenatorWicker Get the # HealthcareReform done. It's time to deliver for the American people";;@ @ @;#;"887787047548747780";https://twitter.com/WesleyHead/status/887787047548747780
MattCovfefe20;2017-07-19 17:28;0;0;"@ SenThadCochran @ SenatorWicker Please vote NO when the Senate brings Obamacare Repeal Reconciliation Act of 2017 to a vote. Thank you!";;@ @;;"887786141205835776";https://twitter.com/MattCovfefe20/status/887786141205835776
amiloub;2017-07-19 16:24;0;0;"Wireless is critical, I agree. Did you know that healthcare is also critical to Mississippi? Please do NOT vote to repeal ACA!";;;;"887770259557666818";https://twitter.com/amiloub/status/887770259557666818
prrowe00;2017-07-19 14:21;0;0;"That nice, shouldn't you be at the POTUS healthcare lunch?";;;;"887739131358580736";https://twitter.com/prrowe00/status/887739131358580736
YupMyKid;2017-07-19 13:12;0;0;"@ SenThadCochran @ SenatorWicker pls # VoteNo on repeal of the ACA. If # HealthcareBill isn't good enough 4 Senators Y is it good enough for us";;@ @;# #;"887721724208308224";https://twitter.com/YupMyKid/status/887721724208308224
GreggHoush;2017-07-19 11:23;0;0;"@ SenatorWicker $765 billion per year lost in US healthcare system. Want to fix healthcare? Maybe start with this https://www.propublica.org/article/the-myth-of-drug-expiration-dates …";;@;;"887694369461067776";https://twitter.com/GreggHoush/status/887694369461067776
melindanbrown;2017-07-19 11:08;0;0;"I will give you respite @ SenThadCochran @ SenatorWicker but if zombie # trumpcare comes back - so will I # KillTheBill # dontmesswithchips";;@ @;# # #;"887690542775226371";https://twitter.com/melindanbrown/status/887690542775226371
SebaVentling;2017-07-19 10:34;0;3;"Terrible votes to slash and burn # Medicaid. # trumpcare will cost over 1 million jobs. # KillTheBill";;;# # #;"887681971211698178";https://twitter.com/SebaVentling/status/887681971211698178
rosalie_lane;2017-07-19 03:12;1;3;"Collins ,Murkowski and Capito are very serious problems for the Obamacare repeal. You Would have thought they were democrats!";;;;"887570858537037824";https://twitter.com/rosalie_lane/status/887570858537037824
Reimari3Mari;2017-07-19 02:59;0;0;"Thank you, Senator, for being in touch with the needs of the people. We need lawmakers who consider voters above lobyists. Repeal O-care!";;;;"887567508219117568";https://twitter.com/Reimari3Mari/status/887567508219117568
Walken23;2017-07-18 23:20;0;4;"Trump talked about "insurance for everybody" and negotiated drug prices. What happened to that plan? https://www.washingtonpost.com/politics/trump-vows-insurance-for-everybody-in-obamacare-replacement-plan/2017/01/15/5f2b1e18-db5d-11e6-ad42-f3375f271c9c_story.html?utm_term=.de9dab4dedd0 …";;;;"887512510965792768";https://twitter.com/Walken23/status/887512510965792768
DefiantFeminist;2017-07-18 21:50;0;3;"Reckless! GOP has talked repeal for so long you are blind to the fact that ACA is working even w/o expansion! # NoRepeal # Trumpcare";;;# #;"887489761467932673";https://twitter.com/DefiantFeminist/status/887489761467932673
FreeRangeChik;2017-07-18 20:18;0;4;"You're so eager to do away with anything that Obama did that you don't care about the people who will be hurt. You are bad for our state.";;;;"887466738044076033";https://twitter.com/FreeRangeChik/status/887466738044076033
ChangeSeats;2017-07-18 20:09;0;0;"RT @ SenatorWicker: ICYMI | Told @ LizClaman today that I have voted consistently to repeal # Obamacare. I want chanc… http://buff.ly/2tDtGG7";;@ @;#;"887464253330006016";https://twitter.com/ChangeSeats/status/887464253330006016
BarbaraVanlaan;2017-07-18 18:51;0;0;"@ SenThadCochran @ SenatorWicker. Can MS afford the Senate healthcare plan...or NO plan at all? https://twitter.com/NFIB/status/884919483525079040 …";;@ @;;"887444663493328896";https://twitter.com/BarbaraVanlaan/status/887444663493328896
MarieUSAMAGA;2017-07-18 18:07;0;0;"Yes let's repeal Obamacare";;;;"887433584180576256";https://twitter.com/MarieUSAMAGA/status/887433584180576256
AbramLPhD;2017-07-18 18:06;1;4;"Anxious to make it more difficult for children and elderly w/ pre-ext cond to obtain care in MS of all places # Shame";;;#;"887433469713936389";https://twitter.com/AbramLPhD/status/887433469713936389
ftbates6399;2017-07-18 17:58;0;0;"Let @ POTUS lead. # RepealObamacare let free market work";;@;#;"887431450555023360";https://twitter.com/ftbates6399/status/887431450555023360
MSyallpolitics;2017-07-18 17:52;1;2;"Yall Politics | @ SenatorWicker anxious to have a chance to vote again to repeal # Obamacare: http://yallpolitics.com/index.php/yp/post/47479#.WW6C9Vodadk.twitter …";;@;# #;"887429889195945986";https://twitter.com/MSyallpolitics/status/887429889195945986
SenatorWicker;2017-07-18 17:49;8;12;"ICYMI | Told @ LizClaman today that I have voted consistently to repeal # Obamacare. I want chance to do it again.https://youtu.be/IB6So2iCZWU?t=1m36s …";;@;#;"887429180429938688";https://twitter.com/SenatorWicker/status/887429180429938688
AlmostKevin;2017-07-18 17:40;0;0;""Too bad someday they may need healthcare"";;;;"887426824288038912";https://twitter.com/AlmostKevin/status/887426824288038912
prrowe00;2017-07-18 17:33;0;0;"Really, all you want is to take health care away from the voters of MS. (R) had 8 years to come up w/replacement and that failed.";;;;"887425066732068864";https://twitter.com/prrowe00/status/887425066732068864
dewaldro;2017-07-18 17:05;0;0;"Yes sir. Right now I'm more concerned about how you will vote on a total repeal of Obamacare? I'm just asking about the repeal part now.";;;;"887418005172490240";https://twitter.com/dewaldro/status/887418005172490240
FightForTitleII;2017-07-18 16:29;0;0;"@ SenatorWicker busy tweeting about repealing Obamacare as if we didn't already know that he's on a crusade to kill the poor.";;@;;"887409046642466822";https://twitter.com/FightForTitleII/status/887409046642466822
PRCDEC;2017-07-18 16:18;0;0;"@ SenThadCochran @ SenatorWicker Please vote NO on Trumpcare vote. His statement on hoping ACA will fail for Americans is an OUTRAGE. # resistpic.twitter.com/XuyoXDT8V6";;@ @;#;"887406221925507072";https://twitter.com/PRCDEC/status/887406221925507072
d4v1d5m1t6;2017-07-18 15:47;0;1;"Repeal. Full stop. Back away from "health care" forever. Thank you.";;;;"887398534940684294";https://twitter.com/d4v1d5m1t6/status/887398534940684294
mcljoh;2017-07-18 15:05;0;0;"@ SenatorWicker the people of MS elected you to repeal Obamacare. Here's your chance.";;@;;"887387874659770369";https://twitter.com/mcljoh/status/887387874659770369
kahokfan67;2017-07-18 13:19;0;0;"@ SenatorWicker Don't pull a Trump. The GOP control government. You own US healthcare. # CountrybeforeParty";;@;#;"887361241659785216";https://twitter.com/kahokfan67/status/887361241659785216
unifyusa;2017-07-18 13:13;1;0;". @ SenatorWicker FixUnsustainable&Ineffective # Medicaid n # AHCA # repealobamacare # fullrepeal # pjnet @ POTUS # pjnetpic.twitter.com/l6BcqEDW1j";;@ @;# # # # # #;"887359791659483137";https://twitter.com/unifyusa/status/887359791659483137
jch2407;2017-07-18 11:02;0;0;"@ SenatorWicker @ SenThadCochran CBO already scored complete repeal. Remember people at home who'll be hurt w/o bipartisan healthcare work.";;@ @;;"887326732684021760";https://twitter.com/jch2407/status/887326732684021760
CallMcclintock;2017-07-17 23:14;0;0;"Complete article from Kaiser # Healthcare News http://khn.org/news/health-care-battle-on-hill-has-veterans-defending-obamacare-benefits/ … No 2 # BCRA. What will your legacy be? History has it's eyes on Upic.twitter.com/2a4mjKMpU0";;;# #;"887148420330160133";https://twitter.com/CallMcclintock/status/887148420330160133
CallMcclintock;2017-07-17 23:11;0;0;"Many vets instead rely on Medicaid 4 their # Healthcare . 31 states chose 2 expand Medicaid 2 cover more people & many of those R veterans.pic.twitter.com/WZqurUPgCl";;;#;"887147913511436288";https://twitter.com/CallMcclintock/status/887147913511436288
CallMcclintock;2017-07-17 23:09;0;0;"Some don’t qualify 4 various reasons or may live too far from a VA facility to easily get primary health care there.pic.twitter.com/teCFNMvSXw";;;;"887147370508460033";https://twitter.com/CallMcclintock/status/887147370508460033
CallMcclintock;2017-07-17 23:08;0;0;"There are about 22 million veterans in the U.S. But fewer than half get their health care through the Veterans Affairs systempic.twitter.com/XhQIJQRNCc";;;;"887147119387099136";https://twitter.com/CallMcclintock/status/887147119387099136
CallMcclintock;2017-07-17 19:50;0;0;"# Trumpcare includes Cruz Amendment, allowing insurance companies to sell plans that have fewer benefits & patient protections, # KillTheBillpic.twitter.com/8YfCyPOp6r";;;# #;"887097303244263424";https://twitter.com/CallMcclintock/status/887097303244263424
CallMcclintock;2017-07-17 19:48;0;0;"or the dramatic cuts 2 Medicaid funding. Bottom line: # Trumpcare still is terrible 4 the American ppl & U all should absolutely oppose it.pic.twitter.com/oQu8K8i67A";;;#;"887096767652679680";https://twitter.com/CallMcclintock/status/887096767652679680
RealTJones1;2017-07-17 19:13;0;0;"Actual Jeffery many ppl care & you should but something is blocking your common sense. Yes I pay for the same healthcare Trump receive YOU?";;;;"887088005093240832";https://twitter.com/RealTJones1/status/887088005093240832
braveryraptor;2017-07-17 18:45;0;0;"I wish the USA was well-known for its stunning healthcare system. Instead, we come in last # MedicareForAllhttp://www.abc.net.au/news/2017-07-17/australian-healthcare-ranked-second-best-in-developed-world/8716326 …";;;#;"887080897341685760";https://twitter.com/braveryraptor/status/887080897341685760
braveryraptor;2017-07-17 18:39;0;2;"You're not fooling anyone, Roger. Republicans don't even know what Republicans want, much less the American ppl # MedicareForAll";;;#;"887079435362611200";https://twitter.com/braveryraptor/status/887079435362611200
tmthrower;2017-07-17 18:16;0;0;"No1 cares about Russia.its Obama care. Do u pay for your own health care?";;;;"887073471997628419";https://twitter.com/tmthrower/status/887073471997628419
SchoolsRetooled;2017-07-17 16:53;0;0;"@ LisaMurkowski @ SenRobPortman @ SenatorRisch @ SenPatRoberts @ MarcoRubio @ SenatorTimScott @ SenatorWicker @ SenToomey https://www.facebook.com/notes/kathleen-t-wright/vote-no-on-senate-healthcare-bill/10154764935457944/?hc_location=ufi …";;@ @ @ @ @ @ @ @;;"887052752152645633";https://twitter.com/SchoolsRetooled/status/887052752152645633
NoDeVos;2017-07-17 14:26;1;0;"Neat-o, Roger. You have any plans to work on fixing our healthcare system? No?";;;;"887015566455836673";https://twitter.com/NoDeVos/status/887015566455836673
susan_shirkey;2017-07-17 14:19;0;0;". @ SenatorWicker Don't take our health care away!No transparency,no public hearings.All white men.DESPICABLE! # ResistTrumpcare VOTE NO NO NO";;@;#;"887013785143312386";https://twitter.com/susan_shirkey/status/887013785143312386
tturnereb;2017-07-17 13:16;0;2;"Work! Repeal Obama care, cut taxes, Lead, stop posting political rhetoric";;;;"886998148165533696";https://twitter.com/tturnereb/status/886998148165533696
melindanbrown;2017-07-17 12:10;0;0;"Vote on # trumpcare being delayed should give you both more time to decide it's not for MS @ SenatorWicker @ SenThadCochran # dontmesswithchips";;@ @;# #;"886981383540932609";https://twitter.com/melindanbrown/status/886981383540932609
NeuroSydney;2017-07-17 11:46;0;0;". @ SenThadCochran @ SenatorWicker Be loyal to your constituents, not your party. Even the poorest people in Mississippi deserve healthcare.";;@ @;;"886975288009248769";https://twitter.com/NeuroSydney/status/886975288009248769
justbreatheusa;2017-07-17 10:06;0;1;"If you want to see or remember political theater Simply review @ GOP for history & playbook Or Look at # Trumpcare Or Look at @ POTUS";;@ @;#;"886950288120303617";https://twitter.com/justbreatheusa/status/886950288120303617
Cheryl34213957;2017-07-17 10:01;0;0;"Bipartisanship would be nice in all senate proceedings. Ex. healthcare/ tax reform, and infrastructure. That requires compromise, Sir.";;;;"886949085399441410";https://twitter.com/Cheryl34213957/status/886949085399441410
MScoastrat;2017-07-16 19:07;0;0;"@ HarperCampaign @ SenThadCochran @ SenatorWicker please follow @ RandPaul on healthcare reform, unlike you 3 clowns he is a MD and has run bus.";;@ @ @ @;;"886724031902339073";https://twitter.com/MScoastrat/status/886724031902339073
MScoastrat;2017-07-16 19:06;0;0;"@ HarperCampaign @ SenThadCochran @ SenatorWicker if you guys can't get healthcare done, please resign so we can elect someone who will!";;@ @ @;;"886723722287226884";https://twitter.com/MScoastrat/status/886723722287226884
bsyovat;2017-07-16 14:22;0;0;"@ SenatorWicker please do not vote for Trumpcare, it is nothing but a tax break for the rich and poor people will suffer. Remember 2018!";;@;;"886652255050412033";https://twitter.com/bsyovat/status/886652255050412033
unifyusa;2017-07-16 12:49;0;1;". @ SenatorWicker FixUnsustainable&Ineffective # Medicaid n # AHCA # repealobamacare # fullrepeal # pjnet @ POTUS # pjnetpic.twitter.com/l6BcqEDW1j";;@ @;# # # # # #;"886628970573082624";https://twitter.com/unifyusa/status/886628970573082624
Makeawish3;2017-07-16 10:38;0;1;"Are you paying attention @ SenatorWicker @ SenThadCochran ? Your healthcare bill is garbage. VOTE NO.https://twitter.com/DennisG_Shea/status/886297278666952704 …";;@ @;;"886595791355355136";https://twitter.com/Makeawish3/status/886595791355355136
Mittineague;2017-07-15 21:42;0;0;". @ SenThadCochran @ SenatorWicker Examine your conscience Serve constituents and Americans Fix # ACA or pass # SinglePayer # MedicareForAll";;@ @;# # #;"886400630037860357";https://twitter.com/Mittineague/status/886400630037860357
4blackstockings;2017-07-15 18:29;0;0;"@ SenatorWicker Vote NO on the R healthcare bill... it's totally anti-Christian...didn't you say you were Christian? Well I can't tell.......";;@;;"886352037889228800";https://twitter.com/4blackstockings/status/886352037889228800
melindanbrown;2017-07-15 15:47;0;0;"Better late than never... pls vote NO to # Trumpcare @ SenatorWicker @ SenThadCochran";;@ @;#;"886311352356175875";https://twitter.com/melindanbrown/status/886311352356175875
artistsandie;2017-07-15 09:08;0;0;"@ SenatorWicker @ SenDeanHeller If TrumpDeathCare is passed many of us have no healthcare, fix ACA not dump!";;@ @;;"886210861739589633";https://twitter.com/artistsandie/status/886210861739589633
artistsandie;2017-07-15 09:07;0;0;"@ SenatorWicker If TrumpDeathCare is passed many of us have no healthcare, fix ACA!";;@;;"886210678951825409";https://twitter.com/artistsandie/status/886210678951825409
braveryraptor;2017-07-14 21:40;0;1;"Don't worry children, the elderly, and the poor can just pull themselves up by their bootstraps and buy their own healthcare!";;;;"886037676352307200";https://twitter.com/braveryraptor/status/886037676352307200
IndivisibleMS_D;2017-07-14 17:16;0;0;". @ SenatorWicker states changes under # GOPcare is great for MS. BUT..2016 HSA enrollment was a measly 34,891. MS has a population of 2.9 mil!https://twitter.com/CAP_Health/status/885934303942758400 …";;@;#;"885971200626892802";https://twitter.com/IndivisibleMS_D/status/885971200626892802
TheAnimeDreamer;2017-07-14 14:14;0;0;"Hey, @ SenatorWicker @ SenThadCochran - I'm concerned if you're working with Trump! Please # ProtectOurCare and # VoteNo on # Trumpcare";;@ @;# # #;"885925394490302465";https://twitter.com/TheAnimeDreamer/status/885925394490302465
TheKang9103;2017-07-14 13:31;0;0;"@ SenatorWicker ...Do Not vote for this healthcare bill. It's garbage! Fix the one already in place! pic.twitter.com/0LloCE2uWh";;@;;"885914595394760704";https://twitter.com/TheKang9103/status/885914595394760704
DrJoeBentivegna;2017-07-14 13:06;0;0;"@ SenatorWicker @ RogerWicker @ clairecmc @ McCaskillOffice @ RoyBlunt @ SteveDaines @ DainesforMT # HealthcareBillhttps://www.youtube.com/watch?v=QQTX0DWonbE&t=16s …";;@ @ @ @ @ @ @;#;"885908307290058752";https://twitter.com/DrJoeBentivegna/status/885908307290058752
unifyusa;2017-07-14 12:03;2;1;". @ SenatorWicker FixUnsustainable&Ineffective # Medicaid n # AHCA # repealobamacare # fullrepeal # pjnet @ POTUS # pjnetpic.twitter.com/l6BcqEDW1j";;@ @;# # # # # #;"885892624426483714";https://twitter.com/unifyusa/status/885892624426483714
PRCDEC;2017-07-14 12:02;1;0;"@ SenThadCochran @ SenatorWicker # NotoTrumpcare # HealthcareBill # GOPlies # Yourlasttermpic.twitter.com/OQXKcCia9I";;@ @;# # # #;"885892374857220096";https://twitter.com/PRCDEC/status/885892374857220096
FundacionEfrain;2017-07-14 09:45;0;0;"Work 2gether on # HealthcareBill 4 US @ SenJohnBarrasso @ SenShelby @ senjohnkennedy @ JohnKennedyLA @ SenThadCochran @ RogerWicker @ SenatorWicker";;@ @ @ @ @ @ @;#;"885857743097257985";https://twitter.com/FundacionEfrain/status/885857743097257985
Mystime;2017-07-13 21:34;0;0;"@ SenatorWicker IF U vote party over ppl, how many of UR constituents will die? Will lose healthcare ins? Can U face them? # VotePPLoverParty";;@;#;"885673921936105472";https://twitter.com/Mystime/status/885673921936105472
midge219;2017-07-13 21:32;0;0;"@ SenatorWicker https://www.americamagazine.org/politics-society/2017/07/10/senators-did-you-come-washington-take-health-care-sick-and-food-hungry …";;@;;"885673421157183488";https://twitter.com/midge219/status/885673421157183488
PRCDEC;2017-07-13 19:58;1;0;"@ SenThadCochran @ SenatorWicker # Mississippi # GOPlies # NotoTrumpcare # Yourlastterm @ SenateGOP @ SenateMajLdr @ nytimes @ washingtonpost @ APpic.twitter.com/MtIBiIcExc";;@ @ @ @ @ @ @;# # # #;"885649778415198208";https://twitter.com/PRCDEC/status/885649778415198208
PRCDEC;2017-07-13 19:37;1;0;"@ tedcruz @ SenateMajLdr @ SenThadCochran @ SenatorWicker # stillnogood # NotoTrumpcare # TedCruzisafraud # GOPlies @ AP @ CNN @ SenateGOP @ FoxNewspic.twitter.com/uiGyUWx1SD";;@ @ @ @ @ @ @ @;# # # #;"885644365334548480";https://twitter.com/PRCDEC/status/885644365334548480
GeneDouglas7;2017-07-13 19:05;0;0;"@ SenTomCotton @ SenJohnKennedy @ SenThomTillis @ SenatorWicker @ SenateMajLdr @ POTUS RepealO'care-let ppl buy own policy n states-no entitlement";;@ @ @ @ @ @;;"885636310379220994";https://twitter.com/GeneDouglas7/status/885636310379220994
MSyallpolitics;2017-07-13 18:13;0;0;"Latest from DC - @ SenatorWicker encouraged by latest proposal to provide relief from # Obamacare http://yallpolitics.com/index.php/yp/post/47458 …pic.twitter.com/B7VZIM8PLK";;@;#;"885623214872965122";https://twitter.com/MSyallpolitics/status/885623214872965122
jth_md;2017-07-13 16:18;0;0;"@ SenatorWicker vote No on healthcare bill - bad for MI, bad for America - you don't owe DJT anything";;@;;"885594219645218816";https://twitter.com/jth_md/status/885594219645218816
d1876o88;2017-07-13 15:29;0;0;"According to @ make5calls, @ SenatorWicker (R-MS) is voting YES on Trumpcare. Let him know you oppose this!";;@ @;;"885581992439541761";https://twitter.com/d1876o88/status/885581992439541761
jch2407;2017-07-13 15:27;0;1;"Word on street is new healthcare law won't protect policy holders from rescission in the way ACA does. Experts out there? @ SenatorWicker";;@;;"885581482378625026";https://twitter.com/jch2407/status/885581482378625026
martysix250;2017-07-13 12:16;0;0;"Get OVER yoursel Who CARES about your juvenile tantrums? Do YOU, @ SenatorBurr @ JimInhofe @ SenatorWicker http://www.cnn.com/2017/07/12/politics/trump-anger-health-care/index.html …";;@ @ @;;"885533457723662337";https://twitter.com/martysix250/status/885533457723662337
TheAnimeDreamer;2017-07-13 09:08;1;0;"@ SenatorWicker @ SenThadCochran - Please don't deny human rights-Please # SaveMedicaid # ProtectOurCare and # VoteNo on # Trumpcare";;@ @;# # # #;"885486103016484864";https://twitter.com/TheAnimeDreamer/status/885486103016484864
MSyallpolitics;2017-07-13 07:47;0;0;"@ SenatorWicker Discusses Healthcare with Neil Cavuto on Fox Business: http://yallpolitics.com/index.php/yp/post/47457#.WWdd2jT0v8k.twitter …";;@;#;"885465788618072065";https://twitter.com/MSyallpolitics/status/885465788618072065
melindanbrown;2017-07-13 06:35;0;0;"Throwback Thursday when the ACA was passed & the ppl of MS where guaranteed healthcare. # dontmesswithchips @ SenThadCochran @ SenatorWicker";;@ @;#;"885447560558764033";https://twitter.com/melindanbrown/status/885447560558764033
PolicyRNAbby;2017-07-13 01:11;0;0;"No BCRA either! Get politics and special interests out of healthcare. # FullRepeal";;;#;"885365996256731136";https://twitter.com/PolicyRNAbby/status/885365996256731136
PolicyRNAbby;2017-07-13 01:09;0;0;"Not the problem, it's the solution. Cut off special interest $$, vote4 # FullRepeal @ FreeMarketMed # UnitedforFreedomhttp://thehill.com/blogs/pundits-blog/healthcare/340850-please-dont-blame-the-free-market-for-healthcare-failure#.WWbkJm3wcrt.twitter …";;@;# # #;"885365556689481729";https://twitter.com/PolicyRNAbby/status/885365556689481729
mcbee_sherry;2017-07-13 00:24;0;0;"5) have coverage because of lifetime caps. I reached $1million approx 7 years ago. I think I understand your frustration. Not like our care";;;;"885354132487516164";https://twitter.com/mcbee_sherry/status/885354132487516164
mcbee_sherry;2017-07-13 00:22;0;0;"4) as my career field of choice. My hubs is in corporate at major hospital so we have an "inside" view. My illness, SLE, would no longer";;;;"885353746565353475";https://twitter.com/mcbee_sherry/status/885353746565353475
mcbee_sherry;2017-07-13 00:21;0;0;"3) on how to achieve it. I don't know your experience but I have a chronic life threatening illness and worked in heathcare/nursing homes";;;;"885353437818441728";https://twitter.com/mcbee_sherry/status/885353437818441728
mcbee_sherry;2017-07-13 00:19;0;0;"1) I WANT u to have affordable care. I also want your & my grandparents to have Medicaid options if needed. You need to look at source";;;;"885352918156759040";https://twitter.com/mcbee_sherry/status/885352918156759040
jkimmel1;2017-07-12 17:35;0;0;"Great! No can we focus on health care, tax reform, border wall please?";;;;"885251191269203968";https://twitter.com/jkimmel1/status/885251191269203968
CruzinAhead;2017-07-12 16:26;0;0;". @ SenatorWicker we need to fix healthcare in America. We must: 1. Repeal Taxes 2. Reform Medicaid 3. Empower States # NoObamacareBailoutpic.twitter.com/MhnNuRItnX";;@;#;"885234010573737984";https://twitter.com/CruzinAhead/status/885234010573737984
mucaluck;2017-07-12 14:26;0;0;"That article was dated Jun 27th, 2 weeks ago. Can you try to keep up? http://www.foxnews.com/opinion/2017/07/12/why-replace-obamacare-republicans-should-just-get-rid-it.html …";;;;"885203687857147906";https://twitter.com/mucaluck/status/885203687857147906
mcbee_sherry;2017-07-12 13:58;0;0;"https://medium.com/p/lacking-votes-senate-republican-cancels-vote-on-trumpcare-f769e244afa5 …";;;;"885196568588169224";https://twitter.com/mcbee_sherry/status/885196568588169224
mcbee_sherry;2017-07-12 13:57;0;0;"What the Senate has in their hands now is Trumpcare 2.0 and it will kill people. It won't pass only b/c it's so bad.";;;;"885196317185781762";https://twitter.com/mcbee_sherry/status/885196317185781762
mcbee_sherry;2017-07-12 13:55;0;0;"http://www.usatoday.com/story/news/politics/onpolitics/2017/03/07/poll-majority-americans-want-to-keep-obamacare/98854446/ …";;;;"885195866948108289";https://twitter.com/mcbee_sherry/status/885195866948108289
mcbee_sherry;2017-07-12 13:54;0;0;"And that flipped this year to 52+% favorable. People didn't realize what it did for them.http://www.mercurynews.com/2016/12/01/more-americans-support-obamacare-post-election-poll-shows/ …";;;;"885195764997271557";https://twitter.com/mcbee_sherry/status/885195764997271557
sally_saurus;2017-07-12 13:45;0;0;"MS is literally the most unhealthy state and the GOP is trying to take away MORE healthcare opportunities. Who do you REALLY represent??";;;;"885193495631343616";https://twitter.com/sally_saurus/status/885193495631343616
SnowLover814;2017-07-12 13:43;0;2;"# FullRepeal keep the government out of my healthcare! # FreeMarket # UnitedForFreedom";;;# # #;"885192964745592849";https://twitter.com/SnowLover814/status/885192964745592849
Navylife84;2017-07-12 12:49;0;0;"This is NOT what WE asked for @ SenThadCochran @ SenatorWicker. Signed, your constituent. http://www.breitbart.com/big-government/2017/07/12/exclusive-sen-rand-paul-senate-gop-decides-keep-obamacare/ …";;@ @;;"885179360130592770";https://twitter.com/Navylife84/status/885179360130592770
melindanbrown;2017-07-12 12:34;0;0;"It's hump day @ SenatorWicker @ SenThadCochran so don't forget to push # trumpcare to the curb and save the ACA # dontmesswithchips";;@ @;# #;"885175666785890306";https://twitter.com/melindanbrown/status/885175666785890306
RozlynnDowner;2017-07-12 11:14;0;2;"# REPEALOBAMACARE completely as PROMISED! NO trumpcare! # UnitedforFreedom!";;;# #;"885155479957229568";https://twitter.com/RozlynnDowner/status/885155479957229568
unifyusa;2017-07-12 11:12;0;0;". @ SenatorWicker FixUnsustainable&Ineffective # Medicaid n # AHCA # repealobamacare # fullrepeal # pjnet @ POTUS # pjnetpic.twitter.com/l6BcqEDW1j";;@ @;# # # # # #;"885155009129725952";https://twitter.com/unifyusa/status/885155009129725952
PRCDEC;2017-07-12 10:42;0;0;"@ SenateMajLdr @ SenThadCochran @ SenatorWicker large Contributions from health ins? At cost of putting 168,000 MIssissippians off healthcare?";;@ @ @;;"885147433717473280";https://twitter.com/PRCDEC/status/885147433717473280
PRCDEC;2017-07-12 10:24;1;0;"@ SenThadCochran @ SenatorWicker @ SenateMajLdr WRAY HAS TIES TO RUSSIA THRU ROSNEFT. He's UNACCEPTABLE. VOTE NO. # NotoWray # NotoTrumpcare";;@ @ @;# #;"885142892376969217";https://twitter.com/PRCDEC/status/885142892376969217
AARPMS;2017-07-12 08:00;5;4;"Senate health care bill = higher costs, less coverage. Tell . @ SenThadCochran & . @ SenatorWicker to vote NO. Call 844-222-0110. pic.twitter.com/s3WyM6QHVu";;@ @;;"885106681910353920";https://twitter.com/AARPMS/status/885106681910353920
mucaluck;2017-07-12 07:57;0;0;"Today, Americans face higher health premiums, vastly higher deductibles in health plans, and higher drug costs . http://time.com/money/4503325/obama-health-care-costs-obamacare/ …pic.twitter.com/sCcJKq3q0H";;;;"885105880512987136";https://twitter.com/mucaluck/status/885105880512987136
mucaluck;2017-07-12 07:45;0;0;"Since 2010, % of US w/ a unfavorable view of the Obamacare has consistently outnumbered those w/ a favorable view. http://time.com/money/4503325/obama-health-care-costs-obamacare/ …";;;;"885102937881628672";https://twitter.com/mucaluck/status/885102937881628672
mucaluck;2017-07-12 07:45;0;0;"Today, Americans face higher health premiums, vastly higher deductibles in health plans, and higher drug costs . http://time.com/money/4503325/obama-health-care-costs-obamacare/ …";;;;"885102761624338432";https://twitter.com/mucaluck/status/885102761624338432
mucaluck;2017-07-12 07:44;0;0;"Today, Americans face higher health premiums, vastly higher deductibles in health plans, and higher drug costs . http://time.com/money/4503325/obama-health-care-costs-obamacare/ …";;;;"885102645404459010";https://twitter.com/mucaluck/status/885102645404459010
mucaluck;2017-07-12 07:44;0;0;"Today, Americans face higher health premiums, vastly higher deductibles in health plans, and higher drug costs . http://time.com/money/4503325/obama-health-care-costs-obamacare/ …";;;;"885102538881716226";https://twitter.com/mucaluck/status/885102538881716226
invisib77306381;2017-07-12 00:49;0;1;"Healthcare";;;;"884998229271642112";https://twitter.com/invisib77306381/status/884998229271642112
mcbee_sherry;2017-07-11 22:09;0;0;"According to CBO the decrease to Medicaid will be substantial. It's lies from GOP that it won't.https://www.usatoday.com/story/news/politics/onpolitics/2017/06/28/senate-republican-health-care-trump-accuses-democrats-lying-medicaid-cuts/437504001/ …";;;;"884957952020545537";https://twitter.com/mcbee_sherry/status/884957952020545537
mcbee_sherry;2017-07-11 22:05;0;0;"The need for nursing home care paid by Medicaid, even for those who retire with say $600,000, is a real possibility. I'm sorry you don't";;;;"884956950877937664";https://twitter.com/mcbee_sherry/status/884956950877937664
mcbee_sherry;2017-07-11 22:04;0;0;"Medicaid residents in long term care. By lower funds given to states for Medicaid, cuts of 35% over decade will cause elderly homelessness.";;;;"884956537533464576";https://twitter.com/mcbee_sherry/status/884956537533464576
mcbee_sherry;2017-07-11 21:59;0;1;"So the CBO, a nonpartisan office, is lying?http://www.slate.com/blogs/the_slatest/2017/06/29/cbo_trumpcare_will_cut_medicaid_spending_by_35_percent_over_20_years.html …";;;;"884955286288699394";https://twitter.com/mcbee_sherry/status/884955286288699394
mcbee_sherry;2017-07-11 21:52;0;0;"Trickle down heathcare?";;;;"884953472730353664";https://twitter.com/mcbee_sherry/status/884953472730353664
mcbee_sherry;2017-07-11 21:47;0;0;"Wicker should remember that heathcare has only been "for profit" since 1973. Cigna CEO getting $48 million salary is the problem, not ACA.";;;;"884952367971672065";https://twitter.com/mcbee_sherry/status/884952367971672065
mcbee_sherry;2017-07-11 21:28;0;0;"Part 2, The out-of-pocket cost of coverage for an older, low-income person would rise by a factor of 8-9 to nine w/ Trumpcare.";;;;"884947522816548864";https://twitter.com/mcbee_sherry/status/884947522816548864
mcbee_sherry;2017-07-11 21:21;0;0;"Here's a link for those in doubt, Michael. https://www.vox.com/platform/amp/policy-and-politics/2017/3/14/14921594/obamacare-implosion-ahca …";;;;"884945794817773568";https://twitter.com/mcbee_sherry/status/884945794817773568
mcbee_sherry;2017-07-11 21:01;0;0;"Not just in government healthcare but all healthcare decisions, legislation etc. Like lowering drug cost or Canadian pharma to ship here.";;;;"884940812357955584";https://twitter.com/mcbee_sherry/status/884940812357955584
mcbee_sherry;2017-07-11 20:49;0;0;"Again, my friend, they didn't use to be for profit. Perhaps healthcare should again legally be np or nfp. http://investmentwatchblog.com/did-you-know-that-before-1973-it-was-illegal-in-the-us-to-profit-off-of-health-care-the-health-maintenance-organization-act-of-1973-passed-by-nixon-changed-everything/ …";;;;"884937785005793280";https://twitter.com/mcbee_sherry/status/884937785005793280
mcbee_sherry;2017-07-11 20:44;0;0;"No, Mueller will take care of that like the extreme professional he is. Might take years. We can't wait while GOP destroys ACA .";;;;"884936389074321408";https://twitter.com/mcbee_sherry/status/884936389074321408
mcbee_sherry;2017-07-11 20:30;0;0;"Sadly, people believe what they hear w/o facts r understanding. Especially when scared. I feel 4 him, still wrong. http://www.factcheck.org/2014/04/millions-lost-insurance/ …";;;;"884932860213440512";https://twitter.com/mcbee_sherry/status/884932860213440512
mucaluck;2017-07-11 20:28;0;0;"Trouble with government health care... campaign contributions. Anyone who has received political contribution fm health industry Recuse you!";;;;"884932418561613828";https://twitter.com/mucaluck/status/884932418561613828
mcbee_sherry;2017-07-11 20:22;0;0;"This will help you with "millions" losing heathcare. http://www.factcheck.org/2014/04/millions-lost-insurance/ …";;;;"884930852936986626";https://twitter.com/mcbee_sherry/status/884930852936986626
mcbee_sherry;2017-07-11 20:19;0;0;"Double check your preventive care coverage. I hope this is sorted 4u properly w/o hurting/killing other Americans. https://www.healthcare.gov/coverage/preventive-care-benefits/ …";;;;"884930226375057409";https://twitter.com/mcbee_sherry/status/884930226375057409
mcbee_sherry;2017-07-11 20:16;0;0;"http://www.salon.com/2016/10/28/making-a-killing-under-obamacare-the-aca-gets-the-blame-for-rising-premiums-while-insurance-companies-are-reaping-massive-profits/ … Before '72 heathcare wasn't for profit. That's the answer. I am sorry ur cost rose but put blame where it belongs.";;;;"884929452261732352";https://twitter.com/mcbee_sherry/status/884929452261732352
mcbee_sherry;2017-07-11 20:15;0;0;"It went up b/c of heathcare/insurance profitting that blames ACA. My hubs is in healthcare and has watched it happen while ACA takes blame.";;;;"884929154210312192";https://twitter.com/mcbee_sherry/status/884929154210312192
kjoycehhh;2017-07-11 20:06;0;1;"Protect the health care of millions! Poor children, the disabled and older people will lose out if health care not protected";;;;"884926968013172736";https://twitter.com/kjoycehhh/status/884926968013172736
AARPMS;2017-07-11 20:00;7;7;"Senate health care bill = higher costs, less coverage. Tell . @ SenThadCochran & . @ SenatorWicker to vote NO. Call 844-222-0110. pic.twitter.com/5RDegf6NFL";;@ @;;"884925457606602753";https://twitter.com/AARPMS/status/884925457606602753
Kissmygrits2017;2017-07-11 17:51;1;4;"How about you Roger Not kill thousands of Mississippians by voting NO on the GOP healthcare bill ??";;;;"884892970310397952";https://twitter.com/Kissmygrits2017/status/884892970310397952
trewols;2017-07-11 16:15;0;0;"You need to live up to your promises to REPEAL obamacare.";;;;"884868718853066754";https://twitter.com/trewols/status/884868718853066754
FightForTitleII;2017-07-11 15:45;0;0;"Preventing 23 million from losing health care should be a top priority for you, but that hasn't stopped you yet.";;;;"884861112738619396";https://twitter.com/FightForTitleII/status/884861112738619396
AbramLPhD;2017-07-11 14:57;0;0;"Will the current plan address MS children where this is the worst state for pediatric care?";;;;"884849146888433664";https://twitter.com/AbramLPhD/status/884849146888433664
FightForTitleII;2017-07-11 14:53;0;0;"* Except for the 23 million who would no longer have access to health insurance but hey, who cares about poor people, right?";;;;"884848074648162304";https://twitter.com/FightForTitleII/status/884848074648162304
FundacionEfrain;2017-07-11 14:24;0;0;"# HealthcareBill # CBO misprojection: 4get 2 mention largely due 2 Choice NOT 2 buy @ senjohnkennedy @ JohnKennedyLA @ RogerWicker @ SenatorWicker";;@ @ @ @;# #;"884840778866061312";https://twitter.com/FundacionEfrain/status/884840778866061312
SenatorWicker;2017-07-11 14:23;1;2;"Spoke to @ CNBC about how the @ SenateGOP # Healthcare plan would benefit all Americans. WATCH https://youtu.be/xQN2JFl6cbo";;@ @;#;"884840468537847808";https://twitter.com/SenatorWicker/status/884840468537847808
BarbaraVanlaan;2017-07-11 14:04;0;2;"And the Senate plan will hurt our state of MS. Force McConnel to come up with a real healthcare plan instead of this farce of a tax break";;;;"884835818531172365";https://twitter.com/BarbaraVanlaan/status/884835818531172365
mucaluck;2017-07-11 13:28;0;0;"My deductible went fm $500 to $2250, 4X increase after Obamacare. My pay didn't increase 4X. I quit having a yrly physical cause I pay 4 it!";;;;"884826844536721412";https://twitter.com/mucaluck/status/884826844536721412
mucaluck;2017-07-11 13:24;0;0;"Under ObamaCare more than a 100 million ppl lost healthcare due to deductible 4X increases where they could not afford to see a Dr.";;;;"884825646475640832";https://twitter.com/mucaluck/status/884825646475640832
SharmanHart;2017-07-11 13:21;0;0;". @ SenatorWicker Repeal Obamacare!! Your career depends on it!!";;@;;"884824865655721984";https://twitter.com/SharmanHart/status/884824865655721984
rehtaeh1628;2017-07-11 13:14;0;1;"https://www.washingtonpost.com/news/wonk/wp/2017/07/10/obamacare-marketplaces-just-had-their-most-profitable-first-quarter-ever/?utm_term=.b50806bea649 …";;;;"884823231395491840";https://twitter.com/rehtaeh1628/status/884823231395491840
SenatorWicker;2017-07-11 13:03;2;7;"We need to solve higher # healthcare premiums. The current # Obamacare system is imploding. WATCH https://youtu.be/xQN2JFl6cbo";;;# #;"884820472700993536";https://twitter.com/SenatorWicker/status/884820472700993536
melindanbrown;2017-07-11 11:58;0;1;"Crazy stuff re: Jr but I'm still focused on his dad's unfair & inhumane # trumpcare. Get to work & vote NO @ SenatorWicker @ SenThadCochran";;@ @;#;"884804138822971392";https://twitter.com/melindanbrown/status/884804138822971392
prrowe00;2017-07-11 09:45;0;0;"FYI I am up in arm about the Trump campain meeting with RUSSIANS about OP research. Stop defending stupidity with no one cares";;;;"884770576354725890";https://twitter.com/prrowe00/status/884770576354725890
mucaluck;2017-07-11 08:33;1;2;"Congress created socialist healthcare that is the largest expenditure in 2017 budget & borrows $1M a minute... Spending like drunken sailorspic.twitter.com/zbuMONSB7l";;;;"884752517099397120";https://twitter.com/mucaluck/status/884752517099397120
ARM1976;2017-07-11 02:17;0;0;"Actually only abt 20% of u radical alt-left maniacs care abt the Russia tin foil hat conspiracy. The rest of us care abt Jobs, Country, etc!";;;;"884657809156997120";https://twitter.com/ARM1976/status/884657809156997120
MilamBill;2017-07-10 22:55;0;0;"@ RepTrentKelly @ SenatorWicker @ SenThadCochran We Conservative Mississippians expect a Repeal on Obamacare,First&Foremost.Then replace or not";;@ @ @;;"884606935777103872";https://twitter.com/MilamBill/status/884606935777103872
no2dems;2017-07-10 22:33;0;0;"Keep your promises to the American people. Repeal and replace Obamacare like you have promised since 2010. We are tired of inaction";;;;"884601583996203009";https://twitter.com/no2dems/status/884601583996203009
ElardyLouis;2017-07-10 22:21;0;0;"I applaud you on your position on the current healthcare bill. Thank you for saying No";;;;"884598480257269760";https://twitter.com/ElardyLouis/status/884598480257269760
CruzinAhead;2017-07-10 21:06;6;4;"Lies to constituents & should be primaried! Need to # RepealAndReplace ALL @ GOP who refuse to # KeepTheirPromise to # FullRepeal # Obamacare!";;@;# # # #;"884579671832219648";https://twitter.com/CruzinAhead/status/884579671832219648
lefty530;2017-07-10 20:40;0;0;"How affordable healthcare for old people 1000 a month each is a little much it's more then my mortgage";;;;"884573170669309952";https://twitter.com/lefty530/status/884573170669309952
Integrity_Only;2017-07-10 19:18;0;0;"Stop speaking for the American people. How about just say - I, Roger Wicker don't really care about Russia because that won't benefit me";;;;"884552387528196096";https://twitter.com/Integrity_Only/status/884552387528196096
rozaroni;2017-07-10 18:56;0;0;"I am licensed to sell life, accident AND health insurance. The companies decide what health care you get.THEY'RE THE DEATH PANELS";;;;"884546911407132672";https://twitter.com/rozaroni/status/884546911407132672
MonicaRanger;2017-07-10 18:50;0;1;"Tell me about a Russian contact that Obama initially denied and then fessed up to, and then I'll care.";;;;"884545399540797440";https://twitter.com/MonicaRanger/status/884545399540797440
MamaLetMeB;2017-07-10 18:34;0;0;"Who cares about our Navy when you're ready to hand this country over to our enemy. GOP making America weak and happily so. Pathetic!";;;;"884541262384201728";https://twitter.com/MamaLetMeB/status/884541262384201728
lniese;2017-07-10 17:39;0;1;"Yep. Met him. Stared him down. Told him to stop f'ing with US democracy. No wonder Vlad worked so hard against HRC. Scaredy. Body language.pic.twitter.com/GnRNC8CVUO";;;;"884527515179655168";https://twitter.com/lniese/status/884527515179655168
Scottie1334;2017-07-10 16:16;0;0;"Exactly. And he just doesn't care";;;;"884506729735761921";https://twitter.com/Scottie1334/status/884506729735761921
blumom2015;2017-07-10 15:58;0;0;"@ SenatorWicker We care that our executive branch may have been infiltrated by Russian collaborators. You should too. Traitor.";;@;;"884502148003844100";https://twitter.com/blumom2015/status/884502148003844100
SikeLeriously;2017-07-10 15:35;0;0;"Hillary Clinton thanks you for now beginning to care.";;;;"884496198723190784";https://twitter.com/SikeLeriously/status/884496198723190784
ABlamelessLife;2017-07-10 15:30;0;1;"@ SenatorWicker Please remove your head from your ass sir. Everything this WH has done is horrifying. From healthcare-climate-Russia-G20...";;@;;"884495109395550208";https://twitter.com/ABlamelessLife/status/884495109395550208
toastycarebear;2017-07-10 15:28;0;0;"Tale a poll @ SenatorWicker, we are quite alarmed.";;@;;"884494530661289984";https://twitter.com/toastycarebear/status/884494530661289984
justinenlawson;2017-07-10 15:04;0;1;"Au contraire, @ SenatorWicker. We care deeply about anyone colluding w/ the Russians & committing treason. Who do you rep, us or the Trumps?";;@;;"884488615610392576";https://twitter.com/justinenlawson/status/884488615610392576
EyeWatchUSA;2017-07-10 14:57;0;0;"Expects those peeps to speak w memes only. Doesnt give a rats ass; he wont hear from them til hes killed relatives thatve lost healthcare.";;;;"884486720246427651";https://twitter.com/EyeWatchUSA/status/884486720246427651
DarbyFreeman2;2017-07-10 14:55;0;2;"Hillary got millions in cash from fascist Russia while Sec. of State. I see how much you care.";;;;"884486307053006849";https://twitter.com/DarbyFreeman2/status/884486307053006849
EarnieEarnshaw;2017-07-10 14:42;0;0;"Lol nobody cares but keep it up! We're heading for a 2020 landslide.";;;;"884483010539786240";https://twitter.com/EarnieEarnshaw/status/884483010539786240
prrowe00;2017-07-10 14:39;0;0;"I can multitask and worry about corrupt politics, infrastructure, healthcare, the enviroment, the military and a corrupt POTUS.";;;;"884482151907041280";https://twitter.com/prrowe00/status/884482151907041280
1tigerbeau;2017-07-10 14:26;0;0;"@ SenThadCochran @ SenatorWicker REPEALor be REPLACED # RepealObamacare";;@ @;#;"884478928722808832";https://twitter.com/1tigerbeau/status/884478928722808832
1tigerbeau;2017-07-10 14:24;0;0;"@ SenatorWicker REPEALor be REPLACED # RepealObamacare";;@;#;"884478565462441984";https://twitter.com/1tigerbeau/status/884478565462441984
Dragonmommma;2017-07-10 14:11;0;0;"Senator Wicker Repeal Obamacare!!!!!!!";;;;"884475286586261504";https://twitter.com/Dragonmommma/status/884475286586261504
Dwanesterrr;2017-07-10 14:03;0;0;"@ SenTomCotton @ JohnBoozman @ JeffFlake @ SenDanSullivan @ LisaMurkowski @ LutherStrange @ SenShelby # USA # MAGA # HealthcareBill";;@ @ @ @ @ @ @;# # #;"884473121884864512";https://twitter.com/Dwanesterrr/status/884473121884864512
LoriWilliams550;2017-07-10 13:58;0;0;"Roger, you are a very dense man if you think people don't care about Trump/Russia.";;;;"884471834653020160";https://twitter.com/LoriWilliams550/status/884471834653020160
DrFredGodfrey;2017-07-10 13:45;0;0;"@ SenatorWicker You are 100% wrong. The American people DO care about meetings between Trump campaign and Russian officials.";;@;;"884468541482782721";https://twitter.com/DrFredGodfrey/status/884468541482782721
Austidog;2017-07-10 13:26;0;0;"@ SenatorWicker You know very well that Donald Trump has never once forcefully denounced Russian interference. Am an American and I do care!";;@;;"884463818172190723";https://twitter.com/Austidog/status/884463818172190723
melindak14;2017-07-10 13:26;0;0;"@ SenatorWicker We do want tax reform/healthcare, but doubtful any real positive reform will come from admin willing to sell out to Russia.";;@;;"884463773234466817";https://twitter.com/melindak14/status/884463773234466817
mscole227;2017-07-10 13:25;0;1;"@ SenatorWicker The Russian hacking of our election IS a substantive issue! The American ppl DO care about having an illegitimate POTUS! # cnn";;@;#;"884463537350995969";https://twitter.com/mscole227/status/884463537350995969
Integrity_Only;2017-07-10 13:24;0;7;"I'm a Mississippian and I am concerned about Russia. Please stop saying you don't think the American people care about Russia. Wrong!";;;;"884463434846359552";https://twitter.com/Integrity_Only/status/884463434846359552
Joebind;2017-07-10 13:24;0;0;"@ SenatorWicker The American people care about who #45 is in bed with Stop making excuses about Trump Worst President in my lifetime -72 yrs";;@;#45;"884463330773135360";https://twitter.com/Joebind/status/884463330773135360
darronmckinney;2017-07-10 13:24;0;0;"@ SenatorWicker This American care about collusion espionage and treason sir !!! @ CNNpic.twitter.com/f7KUkDk9JB";;@ @;;"884463262590537728";https://twitter.com/darronmckinney/status/884463262590537728
twitting999;2017-07-10 13:23;0;1;"We DO care about the Russia issue, & if you want us to focus elsewhere, tell Trump to stop tweeting about it. # complicit";;;#;"884463133107957760";https://twitter.com/twitting999/status/884463133107957760
DannyAloha1;2017-07-10 13:21;0;1;"You are incorrect @ SenatorWicker. We do care about these meetings. As an registered independent, I am swearing off the @ GOP forever.";;@ @;;"884462675555700736";https://twitter.com/DannyAloha1/status/884462675555700736
jennybannks17;2017-07-10 13:21;0;0;"@ SenatorWicker the American people do care about Trump his family and his administrations action w/ the Russians! Country over party!";;@;;"884462568143716352";https://twitter.com/jennybannks17/status/884462568143716352
joshisanonymous;2017-07-10 13:20;1;1;". @ SenatorWicker doesn't think Americans care about # DonaldTrumpJr meeting w/Russian lawyer to get info on opponent. True? # TrumpRussia";;@;# #;"884462355001856000";https://twitter.com/joshisanonymous/status/884462355001856000
ms_intexas;2017-07-10 13:19;0;0;"@ SenatorWicker excuse me, you don't speak for ALL Americans. Maybe you don't care, but we do. # TrumpConspired # TraitorTrump";;@;# #;"884461978739240960";https://twitter.com/ms_intexas/status/884461978739240960
BarbaraVanlaan;2017-07-10 12:58;0;7;"But will you have to guts to denounce this atrocious healthcare bill that will harm many of us in MS?";;;;"884456708445286403";https://twitter.com/BarbaraVanlaan/status/884456708445286403
smublvd01;2017-07-10 12:57;0;0;"@ SenatorWicker democrat party in terrible mess..no reason for repub congress to b so wishy washy with this failed bit obamacare..Repeal!";;@;;"884456463342735360";https://twitter.com/smublvd01/status/884456463342735360
smublvd01;2017-07-10 12:02;0;0;"@ SenatorWicker repeal....get rid of o care";;@;;"884442589985992704";https://twitter.com/smublvd01/status/884442589985992704
Kissmygrits2017;2017-07-10 10:38;0;1;"I'm VERY angry about GOP healthcare bill You have a state full of Medicaid people, I suggest you vote No and fix Obamacare #America First";;;#America;"884421619535552512";https://twitter.com/Kissmygrits2017/status/884421619535552512
unifyusa;2017-07-10 10:20;0;0;". @ SenatorWicker FixUnsustainable&Ineffective # Medicaid n # AHCA # repealobamacare # fullrepeal # pjnet @ POTUS # pjnetpic.twitter.com/l6BcqEDW1j";;@ @;# # # # # #;"884417157538258944";https://twitter.com/unifyusa/status/884417157538258944
melindanbrown;2017-07-10 05:37;0;0;"Kudos @ SenCapito for choosing people over party! MS @ SenThadCochran & @ SenatorWicker should do the same! # trumpcare # dontmesswithchipshttps://twitter.com/thehill/status/884321570260480000 …";;@ @ @;# #;"884345721218052096";https://twitter.com/melindanbrown/status/884345721218052096
RestiveRabble;2017-07-10 03:29;11;3;"@ SenDeanHeller "I hereby pledge...to sponsor & support legislation to repeal any federal health care takeover passed in 2010..."pic.twitter.com/4pO55Do9uZ";;@;;"884313698671742978";https://twitter.com/RestiveRabble/status/884313698671742978
Dwanesterrr;2017-07-10 02:31;0;0;"@ SenTomCotton @ JohnBoozman @ JeffFlake @ SenDanSullivan @ LisaMurkowski @ LutherStrange @ SenShelby # USA # MAGA # HealthcareBill @ NewtGingritch";;@ @ @ @ @ @ @ @;# # #;"884299038568230912";https://twitter.com/Dwanesterrr/status/884299038568230912
angiecarnathan;2017-07-10 00:17;1;0;"I tried, but @ SenatorWicker doesn't care. I called his office begging to keep my family's insurance and I got a form letter saying "No." # mshttps://twitter.com/kamalaharris/status/883898007929970688 …";;@;#;"884265403421270017";https://twitter.com/angiecarnathan/status/884265403421270017
galincal;2017-07-09 22:20;0;0;"Thanks for standing up for our health care! ACA not imploding. Guess @ realDonaldTrump is lying about that too.https://fivethirtyeight.com/features/the-trump-administrations-own-data-says-obamacare-isnt-imploding/ …";;@;;"884235892415643648";https://twitter.com/galincal/status/884235892415643648
MidAmericanGuy;2017-07-09 21:47;0;0;". @ SenThadCochran @ SenatorWicker # Trumpcare Don't pay attention to @SMSIndivisible. They are judt irrelevant leftist troublemakers.";;@ @ @SMSIndivisible;#;"884227589396627456";https://twitter.com/MidAmericanGuy/status/884227589396627456
bryant57271;2017-07-09 19:26;1;1;"NO Trumpcare!!! We, the people don't want it!!! # notrumpcare # keeptheACA";;;# #;"884192146596794369";https://twitter.com/bryant57271/status/884192146596794369
LeftyTheOxonian;2017-07-08 16:06;0;0;". @ SenateGOP # KeepAndImproveObamacare";;@;#;"883779298976559104";https://twitter.com/LeftyTheOxonian/status/883779298976559104
sergioDACED;2017-07-08 14:13;0;0;"@ SenatorWicker Help fix # ACA, Americans need a # healthcare law that does more & covers more. Not less. @ TheAtlPolitics # WashWeek # Trumpcare";;@ @;# # # #;"883750855664697345";https://twitter.com/sergioDACED/status/883750855664697345
benate;2017-07-08 13:32;0;0;"@ SenatorWicker We missed you at the healthcare rally at the MS Capitol today. pic.twitter.com/RS5XMxR5CT";;@;;"883740595105275905";https://twitter.com/benate/status/883740595105275905
melindanbrown;2017-07-08 12:28;0;0;"@ SenatorWicker @ SenThadCochran don't throw away your shot to stand up for the kids of MS when you vote NO to # wealthcare # dontmesswithchips";;@ @;# #;"883724549472256001";https://twitter.com/melindanbrown/status/883724549472256001
Marjori26872236;2017-07-08 11:50;0;0;"@ SenatorWicker Did you or did you not run on repeal and replace Obamacare. That is the one thing after 7 years rep should be able to agree";;@;;"883714884483022848";https://twitter.com/Marjori26872236/status/883714884483022848
Demokraut;2017-07-08 11:22;0;0;"@ SenatorWicker Mississippi is rural, where are you, Sen. Wicker, defending the needs of the people of MS? https://mobile.nytimes.com/2017/07/07/us/politics/republicans-health-care-bill.amp.html …";;@;;"883707838824099841";https://twitter.com/Demokraut/status/883707838824099841
unifyusa;2017-07-08 10:16;3;5;". @ SenatorWicker FixUnsustainable&Ineffective # Medicaid n # AHCA # repealobamacare # fullrepeal # pjnet @ POTUS # pjnetpic.twitter.com/l6BcqEDW1j";;@ @;# # # # # #;"883691388704964608";https://twitter.com/unifyusa/status/883691388704964608
CruzinAhead;2017-07-07 22:49;2;2;". @ SenatorWicker Obamacare 2.0 isn't the promise! # FullRepeal is! # PJNETpic.twitter.com/C8q24XhsT6";;@;# #;"883518408234545152";https://twitter.com/CruzinAhead/status/883518408234545152
maryburkett6;2017-07-07 21:14;0;0;"@ SenatorWicker If the pitiful Reps can not pass a healthcare bill, support Sen Cruz's idea. Do not work with Dems to save Obamacare.";;@;;"883494471723298816";https://twitter.com/maryburkett6/status/883494471723298816
jill4house;2017-07-07 18:44;0;0;"@ SenatorWicker @ SenThadCochran # KeepAndImproveObamacarehttps://twitter.com/charles_gaba/status/883409414945988612 …";;@ @;#;"883456810052534272";https://twitter.com/jill4house/status/883456810052534272
PracticalVoter;2017-07-07 14:43;0;0;"# GOP # senate # trump republicans up reelection destroying Americans # healthcare # fridayfeeling # VoteThemOut @ SenatorWicker # MS @ JeffFlake # AZpic.twitter.com/dEW4hGZSGG";;@ @;# # # # # # # #;"883395999514869763";https://twitter.com/PracticalVoter/status/883395999514869763
melindanbrown;2017-07-07 05:04;0;0;"Hope you both have a nice weekend and bring your hearts back to DC @ SenatorWicker @ SenThadCochran # ResistTrumpcare";;@ @;#;"883250296075538432";https://twitter.com/melindanbrown/status/883250296075538432
DanSmith112263;2017-07-06 18:28;0;2;"Gosh, it's almost like Americans prefer healthcare for the poor to tax cuts for billionaireshttp://thehill.com/policy/healthcare/340890-mcconnell-signals-doubts-about-obamacare-vote …";;;;"883090326809980928";https://twitter.com/DanSmith112263/status/883090326809980928
TheAnimeDreamer;2017-07-06 16:45;0;0;"@ SenThadCochran @ SenatorWicker Protect families like mine Reject the # BCRA health bill # ProtectOurCare # Medicarepic.twitter.com/EciHwcdJ29";;@ @;# # #;"883064406141267968";https://twitter.com/TheAnimeDreamer/status/883064406141267968
melindanbrown;2017-07-06 12:19;0;0;"@ SenThadCochran @ SenatorWicker Hope you're keeping a clean conscience for the ppl of MS - kill # trumpcare";;@ @;#;"882997546850938880";https://twitter.com/melindanbrown/status/882997546850938880
unifyusa;2017-07-06 10:05;1;0;". @ SenatorWicker FixUnsustainable&Ineffective # Medicaid n # AHCA # repealobamacare # fullrepeal # pjnet @ POTUS # pjnetpic.twitter.com/l6BcqEDW1j";;@ @;# # # # # #;"882963832779362304";https://twitter.com/unifyusa/status/882963832779362304
DanSmith112263;2017-07-06 02:02;0;0;"On your birthday, I hope no one deprived your family of healthcare so a billionaire could buy an extra yacht.";;;;"882842131752034304";https://twitter.com/DanSmith112263/status/882842131752034304
DJohnson_53;2017-07-05 23:00;0;0;"What healthcare do YOU have? AHCA? I bet.";;;;"882796487566131201";https://twitter.com/DJohnson_53/status/882796487566131201
keraz37;2017-07-05 19:42;0;0;"Sweet $2 million in coffers, career pol yes that's all he's done climate change denier sits at McConnells table Senator 10 yrs TIME TO GO";;;;"882746587985969152";https://twitter.com/keraz37/status/882746587985969152
JimCarmanyJr;2017-07-05 19:21;0;0;"Do you have healthcare repeal done yet? Get back to work and get it done! @ realDonaldTrump @ POTUS";;@ @;;"882741229519351808";https://twitter.com/JimCarmanyJr/status/882741229519351808
OmShivaJanice;2017-07-05 19:15;0;0;"And I hope your birthday was an occasion to take pause and reflect on all your blessings, including incredible healthcare 100% paid by Gov't";;;;"882739841770733569";https://twitter.com/OmShivaJanice/status/882739841770733569
kk_nguyen;2017-07-05 19:14;0;0;"privatizing the # faa is going to result in increased costs. But I don't care";;;#;"882739574304329728";https://twitter.com/kk_nguyen/status/882739574304329728
Kissmygrits2017;2017-07-05 19:11;0;0;"Mississippians dearly love that the GOP is willing to kill millions of Americans with their healthcare bill It's a very poor state too";;;;"882738834429161472";https://twitter.com/Kissmygrits2017/status/882738834429161472
POTUSThesaurus;2017-07-05 18:48;0;2;"Hope your nice family enjoys the nice healthcare we nice Americans provide for them, while you scheme to deny the same to ours.";;;;"882732924256362496";https://twitter.com/POTUSThesaurus/status/882732924256362496
sunbeltgirl;2017-07-05 17:12;2;1;". @ SenatorWicker Obamacare 2.0 isn't the promise! # FullRepeal is! # PJNETpic.twitter.com/kSZ5wxel5M";;@;# #;"882708736149770241";https://twitter.com/sunbeltgirl/status/882708736149770241
FundacionEfrain;2017-07-05 13:11;0;0;"@ SenateMajLdr @ McConnellPress @ senjohnkennedy @ JohnKennedyLA @ RogerWicker @ SenatorWicker @ SenShelby End # 7yearsBadLuck # Repeal # Obamacare";;@ @ @ @ @ @ @;# # #;"882648193972011009";https://twitter.com/FundacionEfrain/status/882648193972011009
melindanbrown;2017-07-05 07:29;0;0;"Much respect for those @ SenateGOP who showed up for the # trumpcare concerns during recess. Where were you @ SenatorWicker @ SenThadCochran?https://twitter.com/washingtonpost/status/882428089933975553 …";;@ @ @;#;"882562075544965121";https://twitter.com/melindanbrown/status/882562075544965121
airwaving;2017-07-04 22:11;0;0;"@ SenatorWicker If sincere about our Vets: http://time.com/money/4699647/gop-health-care-plan-veterans/ …";;@;;"882421618613657600";https://twitter.com/airwaving/status/882421618613657600
FundacionEfrain;2017-07-04 20:03;0;0;"# Patriots 4 # Healthcarebill R U 1 @ senjohnkennedy @ JohnKennedyLA @ RogerWicker @ SenatorWicker @ SenShelby @ SenDanSullivan @ SenatorStrange";;@ @ @ @ @ @ @;# #;"882389540098408449";https://twitter.com/FundacionEfrain/status/882389540098408449
trewols;2017-07-04 16:09;0;0;"@ SenatorWicker Failure to completely REPEAL obamacare would be a complete failure and would cost you my vote.also must defund PP.";;@;;"882330563398565888";https://twitter.com/trewols/status/882330563398565888
melindanbrown;2017-07-04 15:31;0;0;"Happy 4th @ SenThadCochran @ SenatorWicker Our forefathers fought & died for our freedom & constitution - pls don't screw it up w/ # trumpcare";;@ @;#;"882321037303697410";https://twitter.com/melindanbrown/status/882321037303697410
FundacionEfrain;2017-07-04 13:30;0;0;"@ senjohnkennedy @ JohnKennedyLA @ SenThadCochran @ RogerWicker @ SenatorWicker # HealthcareBill # DeclarationOfIndependence from # Obamacare";;@ @ @ @ @;# # #;"882290526862573568";https://twitter.com/FundacionEfrain/status/882290526862573568
amiloub;2017-07-04 12:14;0;3;"Happy 4th! Will you please recognize that people in MS have concerns about healthcare, and will you vote according to our voices and not $?";;;;"882271314463125504";https://twitter.com/amiloub/status/882271314463125504
unifyusa;2017-07-04 09:32;0;1;". @ SenatorWicker FixUnsustainable&Ineffective # Medicaid n # AHCA # repealobamacare # fullrepeal # pjnet @ POTUS # pjnetpic.twitter.com/l6BcqEDW1j";;@ @;# # # # # #;"882230746936614913";https://twitter.com/unifyusa/status/882230746936614913
FundacionEfrain;2017-07-04 08:47;0;0;"@ SenateMajLdr @ McConnellPress @ senjohnkennedy @ JohnKennedyLA @ SenShelby @ RogerWicker @ SenatorWicker # HealthcareBill # American as # applepie";;@ @ @ @ @ @ @;# # #;"882219286948970497";https://twitter.com/FundacionEfrain/status/882219286948970497
MaryTB49;2017-07-04 00:49;0;0;"@ SenatorWicker OK let me get this straight. GOP wants healthcare cuts which will kill babies, kids already born. But are also pro-life?";;@;;"882098993005645824";https://twitter.com/MaryTB49/status/882098993005645824
emilyt804;2017-07-03 22:50;0;0;"And, next week, are you going to wear pink seersucker in honor of all the Southern moms who will lose healthcare under the GOP's bill?";;;;"882068983616286720";https://twitter.com/emilyt804/status/882068983616286720
DanSmith112263;2017-07-03 16:42;0;0;"TrumpCare is to healthcare what Trump University is to knowledge. It's time for someone in the Senate to say no.";;;;"881976402421178368";https://twitter.com/DanSmith112263/status/881976402421178368
gregoryc55;2017-07-03 15:52;1;1;"No repeal of the ACA. No Trumpcare.";;;;"881963931325124608";https://twitter.com/gregoryc55/status/881963931325124608
invisib77306381;2017-07-03 12:38;1;1;"Unless you're going to be there to explain your asinine stance on health care, what's the point?";;;;"881915075208122369";https://twitter.com/invisib77306381/status/881915075208122369
nealfjr;2017-07-02 13:18;0;0;". @ SenatorWicker Coverage isn't care! Keep fighting for # FullRepeal! # PJNETpic.twitter.com/ePS3P6dP0I";;@;# #;"881562696885448704";https://twitter.com/nealfjr/status/881562696885448704
melindanbrown;2017-07-02 11:34;1;2;"No matter the madness of dictator # trump, his tweets will not distract me from @ SenThadCochran & @ SenatorWicker 2 vote NO # Trumpcare";;@ @;# #;"881536615654543360";https://twitter.com/melindanbrown/status/881536615654543360
benate;2017-07-02 10:37;0;0;"@ SenThadCochran @ SenatorWicker please join us at the MS Capitol to support Mississippians and healthcare pic.twitter.com/eHpsvvFx4V";;@ @;;"881522163534221312";https://twitter.com/benate/status/881522163534221312
melindanbrown;2017-07-02 09:40;0;0;"Happy Sunday funday @ SenatorWicker & @ SenThadCochran - enjoy your 4th holiday but be sure & ask your constituents about # trumpcare";;@ @;#;"881507832004304896";https://twitter.com/melindanbrown/status/881507832004304896
unifyusa;2017-07-02 08:49;1;1;". @ SenatorWicker FixUnsustainable&Ineffective # Medicaid n # AHCA # repealobamacare # fullrepeal # pjnet @ POTUS # pjnetpic.twitter.com/l6BcqEDW1j";;@ @;# # # # # #;"881495143387283456";https://twitter.com/unifyusa/status/881495143387283456
yogajuliette;2017-07-02 08:47;0;1;"At this point I no longer care what they think I'm completely disgusted with # Republicans who are not working for US";;;#;"881494589764513795";https://twitter.com/yogajuliette/status/881494589764513795
yogajuliette;2017-07-02 08:41;0;0;"Why are we the only country not serving every # American w/ # HealthCare # Republicans hate leaving # Obamacare in place & tweaking it # Careless";;;# # # # #;"881493022546022401";https://twitter.com/yogajuliette/status/881493022546022401
yogajuliette;2017-07-02 08:38;0;1;"But it is so this is not an honest representation to my Fellow # Americans who are # ACA love it Great ins & NEVER lost Dr # Healthcare";;;# # #;"881492344100589568";https://twitter.com/yogajuliette/status/881492344100589568
yogajuliette;2017-07-02 08:35;0;0;"@ SenatorWicker for patients like me who are here b/c of # ACA it isn't crumbling paid $25k in 2008 $38k 2009 now $85/month # Obamacarehttps://twitter.com/senatorwicker/status/880484763240464384 …";;@;# #;"881491581861277696";https://twitter.com/yogajuliette/status/881491581861277696
DanSmith112263;2017-07-01 23:03;0;0;"TrumpCare is a $1Trillion tax cut for the super rich to buy an extra yacht while taking away healthcare from the poor & elderly.";;;;"881347694777823232";https://twitter.com/DanSmith112263/status/881347694777823232
DanSmith112263;2017-07-01 23:02;0;0;"How does a $1 Trillion tax cut for the super rich accomplish any of that? It's an excuse for you leave the poor & elderly without healthcare";;;;"881347290916679680";https://twitter.com/DanSmith112263/status/881347290916679680
LeeAnnjk;2017-07-01 18:45;1;2;"So you mean fix # ACA instead of gutting our healthcare system? There has to be some common ground # peopleoverparty # worktogether";;;# # #;"881282532280610816";https://twitter.com/LeeAnnjk/status/881282532280610816
genereaux64;2017-07-01 13:12;2;3;"We do not want to die, be sick, worry day and night that sickness will take us. Bankruptcy rates will soar. # NoWealthcarepic.twitter.com/EJOcrxXv68";;;#;"881198749518708736";https://twitter.com/genereaux64/status/881198749518708736
scjr14312;2017-07-01 10:25;1;0;"So tell me @ SenatorWicker how many JOBS in Mississippi's health care industry will be lost when this many people lose care? JOB killing bill https://twitter.com/charles_gaba/status/880126002969661441 …";;@;;"881156772257509376";https://twitter.com/scjr14312/status/881156772257509376
melindanbrown;2017-07-01 06:57;0;0;"@ SenThadCochran @ SenatorWicker have an outstanding 4th of July recess & remember - ppl of MS need their healthcare # dontmesswithchips";;@ @;#;"881104432221605889";https://twitter.com/melindanbrown/status/881104432221605889
WillyGlen;2017-07-01 00:05;0;0;". @ SenatorWicker The most hated legislation since prohibition, Ocare, led to GOP gains/DEM loses in DC. # FullRepeal # UnitedForFreedompic.twitter.com/DQ3Vgb7Ckt";;@;# #;"881000843604111360";https://twitter.com/WillyGlen/status/881000843604111360
mikenaiken45;2017-06-30 23:18;0;0;"We, the People were promised # FullRepealorNoDeal! # KeepYourPromise Get the gov't. out of healthcare! # UnitedForFreedompic.twitter.com/tGFah1vS37";;;# # #;"880988831658504192";https://twitter.com/mikenaiken45/status/880988831658504192
gregoryc55;2017-06-30 23:13;0;1;"No state waivers for essential health benefits. Keep, improve and fund the ACA. # NoTrumpcare";;;#;"880987629386387457";https://twitter.com/gregoryc55/status/880987629386387457
mellieruth54;2017-06-30 22:24;1;1;"Health care is all abt the money. Firget the "life" part of LIFE, LIBERTY AND THE PURSUIT OF HAPPINESS.";;;;"880975304709345283";https://twitter.com/mellieruth54/status/880975304709345283
mcljoh;2017-06-30 21:03;0;0;"@ SenatorWicker Please support @ SenSasse and his logical approach to healthcare. We elected you to repeal Obamacare first.";;@ @;;"880955018760736769";https://twitter.com/mcljoh/status/880955018760736769
