Suhalper;2017-07-24 19:51;0;0;"@ SenAngusKing Please vote against the Trump/McConnell healthcare bill. Thank you. Susan";;@;;"889634131507892227";https://twitter.com/Suhalper/status/889634131507892227
siestalady;2017-07-24 17:13;0;0;"@ SenAngusKing please lead and vote No on Trumpcare. We need a leader! Please be courageous!";;@;;"889594322760478721";https://twitter.com/siestalady/status/889594322760478721
mgbreastfeed;2017-07-24 16:02;1;3;"Don't reinvent the wheel. Don't take away health care from millions of people. Work together to fix the ACA.";;;;"889576512403505156";https://twitter.com/mgbreastfeed/status/889576512403505156
BigJuanDC;2017-07-24 16:00;0;0;"@ SenAngusKing U need 2 get yor 2 -faced, O-care loving colleague @ SenatorCollins onboard with U & the rest of us. Call her arse OUT publicly";;@ @;;"889576136363188225";https://twitter.com/BigJuanDC/status/889576136363188225
dvbudetti;2017-07-24 12:53;2;7;"Thank you to @ SenAngusKing 's office for sitting down with me to discuss healthcare and the importance of Medicaid! # ProtectOurCare";;@;#;"889528931627544577";https://twitter.com/dvbudetti/status/889528931627544577
ApatheiaAphorme;2017-07-24 12:08;0;0;"@ SenatorCollins @ SenAngusKing Which version of healthcare bill is scheduled for vote tomorrow?";;@ @;;"889517690632720384";https://twitter.com/ApatheiaAphorme/status/889517690632720384
billiardgirl82;2017-07-24 11:53;0;0;"@ SenatorCollins @ SenAngusKing please vote no! On # Trumpcare urge others to vote no as wellhttps://twitter.com/protectcare/status/888460857042186242 …";;@ @;#;"889513858095882241";https://twitter.com/billiardgirl82/status/889513858095882241
kuhljgj;2017-07-24 07:58;0;0;"@ SenAngusKing Forget your Demo friends. U know Obamacare is dead and yet you do nothing except fall in line W dems. Independent no way";;@;;"889454838593052672";https://twitter.com/kuhljgj/status/889454838593052672
EMC_Maine;2017-07-23 12:37;0;0;". @ SenAngusKing @ SenatorCollins This anecdote is profoundly important. The entire healthcare industry depends on wise policy from you!https://twitter.com/ASlavitt/status/888607770194452481 …";;@ @;;"889162545579294721";https://twitter.com/EMC_Maine/status/889162545579294721
ashcrary;2017-07-23 06:15;0;0;"@ SenAngusKing unless tens of Millions more will be covered and premiums will go down. Pls, pls don't let heath care bill be jammed thru.";;@;;"889066400324517892";https://twitter.com/ashcrary/status/889066400324517892
CadooCarol;2017-07-22 22:13;0;0;"@ SenSchumer @NancyPelosi @ SenWarren @ alfranken @ RepAdamSchiff @ SenatorBurr @ SenateMajLdr @ SenSanders @ SenAngusKing http://www.cnbc.com/2017/07/20/trump-administration-scraps-obamacare-signup-assistance-in-18-cities.html …";;@ @NancyPelosi @ @ @ @ @ @ @;;"888945207336517632";https://twitter.com/CadooCarol/status/888945207336517632
terriecrowley;2017-07-22 21:16;0;0;"@ SenAngusKing @ robportman @ JohnCornyn @ SenatorBurr @ senorrinhatch Vote No on healthcare billhttps://twitter.com/kamalaharris/status/888929664340807680 …";;@ @ @ @ @;;"888930879577485312";https://twitter.com/terriecrowley/status/888930879577485312
Biff12345678910;2017-07-22 16:11;0;1;"McCain wants to strip Americans of their healthcare...maverick!";;;;"888854102985375744";https://twitter.com/Biff12345678910/status/888854102985375744
bmastersc;2017-07-22 10:55;0;0;". @ SenatorCollins @ SenAngusKing Maine is counting on you to VOTE NO on this horrible heathcare bill. VOTE NO and FIX THE ACA!";;@ @;;"888774441328627712";https://twitter.com/bmastersc/status/888774441328627712
JoeGlauberWMTW;2017-07-22 06:58;0;0;"# Maine's @ SenatorCollins and @ SenAngusKing weighing in on the # healthcare battle in D.C. Hear from both of them this morning on @ WMTWTV.pic.twitter.com/HmVjDacNPl";;@ @ @;# #;"888714960985042944";https://twitter.com/JoeGlauberWMTW/status/888714960985042944
woodworkedu;2017-07-21 21:13;0;0;"The us. For instance look up well point. The worst rated health care in co they own anthem by bs.";;;;"888567750154694663";https://twitter.com/woodworkedu/status/888567750154694663
MoosterMe;2017-07-21 20:43;0;0;"A question to carry the # Senate through their summer recess. @ SenatorCollins @ SenAngusKing @ SenateMajLdr # Healthcare https://twitter.com/mattyglesias/status/888010794436358146 …";;@ @ @;# #;"888560128882085890";https://twitter.com/MoosterMe/status/888560128882085890
ABellBshara;2017-07-21 19:03;0;1;"Denmark is top nation for healthcare. Ask them how they do it. And can HC be a public transparent set of hearings? Americans want to see!";;;;"888535047460073475";https://twitter.com/ABellBshara/status/888535047460073475
Katie5963;2017-07-21 13:41;0;0;"@ SenatorCollins @ SenAngusKing Please do not allow a healthcare bill for which there has been zero hearings be brought to floor for debate!";;@ @;;"888453859508703232";https://twitter.com/Katie5963/status/888453859508703232
AARPMaine;2017-07-21 13:00;1;3;"Thank you, @ SenAngusKing, for a great # healthcare discussion. If you missed it, view it here: http://ow.ly/qQgf30dODb2 # mepolitics";;@;# #;"888443654116970496";https://twitter.com/AARPMaine/status/888443654116970496
AARPMaine;2017-07-21 12:51;0;0;""Thank you for all. I have to leave now, actually, to go visit a friend in the hospital." # Irony @ SenAngusKing # healthcare # mepolitics";;@;# # #;"888441372340092928";https://twitter.com/AARPMaine/status/888441372340092928
AARPMaine;2017-07-21 12:37;0;0;""City of Bath got a grant to put grab bars in older Mainers homes to prevent costly falls. Why can't # Medicare pay for this?" @ SenAngusKing";;@;#;"888437756665483264";https://twitter.com/AARPMaine/status/888437756665483264
AARPMaine;2017-07-21 12:28;3;2;""178K family caregivers save # Maine $2.1 billion each year. What will they do if these services disappear?" @ lkpmaine @ SenAngusKing";;@ @;#;"888435400108363776";https://twitter.com/AARPMaine/status/888435400108363776
AARPMaine;2017-07-21 12:08;1;2;""If you wanted to craft a bill that would really hammer # Maine...this would be it." @ SenAngusKing # healthcarebill # mepolitics";;@;# # #;"888430582467883008";https://twitter.com/AARPMaine/status/888430582467883008
AARPMaine;2017-07-21 12:00;0;0;"We're live with community healthcare advocates and @ SenAngusKing here in # Maine talking # healthcare. http://ow.ly/Rkjz30dOwKA # mepolitics";;@;# # #;"888428532485017600";https://twitter.com/AARPMaine/status/888428532485017600
AARPMaine;2017-07-21 11:56;0;3;""I've been in a lot of parades. I've never been in a parade where ppl stopped me to talk abt a spfc issue." # healthcarebill @ SenAngusKing";;@;#;"888427379965779969";https://twitter.com/AARPMaine/status/888427379965779969
AARPMaine;2017-07-21 11:46;0;0;""In some ways, we're debating the wrong thing..." @ SenAngusKing # healthcarebill http://ow.ly/KHjk30dOuU6 # LIVENOW";;@;# #;"888424922074275841";https://twitter.com/AARPMaine/status/888424922074275841
SenAngusKing;2017-07-21 11:20;28;134;"LIVE ON FB @11:30: At Mercy Hospital to discuss path forward for comprehensive, bipartisan health care policy: http://facebook.com/SenatorAngusSKingJr/ …";;@11;;"888418504847876097";https://twitter.com/SenAngusKing/status/888418504847876097
AARPMaine;2017-07-21 11:12;0;0;"Finally a chat abt next steps in # healthcare led by @ SenAngusKing. Join live on Facebook in 20 min: http://ow.ly/uOL630dOq3Q # healthcarebill";;@;# #;"888416286224601089";https://twitter.com/AARPMaine/status/888416286224601089
AARPMaine;2017-07-21 11:02;1;0;"Public chat on # healthcare? You bet. Join @ SenAngusKing, AARPMaine & others at 11:30 AM on Facebook Live. # healthcarebill # mepolitics";;@;# # #;"888413998466650112";https://twitter.com/AARPMaine/status/888413998466650112
mdnme2;2017-07-21 08:27;0;0;"@ SenatorCollins @ SenAngusKing I'm from Maine We have 2 senators that vote against the will of the people Collins/King. Both could care less";;@ @;;"888374882517618688";https://twitter.com/mdnme2/status/888374882517618688
mhstein;2017-07-21 08:05;0;1;". @ SenAngusKing will be talking healthcare at 11:30 this morning on Facebook. I'll be participating, so don't miss it https://www.facebook.com/SenatorAngusSKingJr/ …";;@;;"888369266956931076";https://twitter.com/mhstein/status/888369266956931076
Kissanurse75;2017-07-20 23:04;0;0;"@ SenAngusKing are you scared of @ realDonaldTrump? Is @ LindseyGrahamSC? IS @ ChuckGrassley? IS @ SpeakerRyan afraid? Someone save us please";;@ @ @ @ @;;"888233279366868993";https://twitter.com/Kissanurse75/status/888233279366868993
kikuandjuju;2017-07-20 16:57;0;0;"Because I'm a daughter who recently lost my father to cancer; she's a daughter scared of losing her father to cancer. We're all just human.";;;;"888140861703323648";https://twitter.com/kikuandjuju/status/888140861703323648
justkuper;2017-07-20 16:57;0;0;"i am thinking of the senator that has for years hurt the gay community in addition to strangling our healthcare system... he is not innocent";;;;"888140845865500672";https://twitter.com/justkuper/status/888140845865500672
debwhite;2017-07-20 16:15;0;0;"This Thread! # HealthcareBill # KillTheBill @ SenatorCollins @ SenAngusKing https://twitter.com/TopherSpiro/status/888096082470875136 …";;@ @;# #;"888130220716314625";https://twitter.com/debwhite/status/888130220716314625
BeBuilt1;2017-07-19 22:10;0;0;"I know a POW who served with him ... he saved many lives. Thankful he has the best healthcare in the world. We need him.";;;;"887857307127652353";https://twitter.com/BeBuilt1/status/887857307127652353
DavidAc83506435;2017-07-19 21:22;0;0;"Another example of why we need to protect our healthcare legislatively. We need to respect each other's right to Care!";;;;"887845097458597888";https://twitter.com/DavidAc83506435/status/887845097458597888
DavidAc83506435;2017-07-19 20:59;3;15;"If we can afford to build walls, we can afford healthcare! #@realdonaldtrump";;@realdonaldtrump;#;"887839274011422721";https://twitter.com/DavidAc83506435/status/887839274011422721
DavidAc83506435;2017-07-19 20:57;3;28;"Another example of why we need to fight for Healthcare! This illness could happen to any of us! We all deserve quality Healthcare!";;;;"887838799409106944";https://twitter.com/DavidAc83506435/status/887838799409106944
susiekayj;2017-07-19 20:24;1;1;"U plan on taking our ACA thru repeal? Leaving a legacy as a murderer? And u don't even care? Support trumps meeting privately with Putin?";;;;"887830619190943747";https://twitter.com/susiekayj/status/887830619190943747
B0B0atStern697;2017-07-19 18:06;0;0;"Only someone unfamiliar with Medicare could say that......";;;;"887795685214613504";https://twitter.com/B0B0atStern697/status/887795685214613504
CalGradnOC;2017-07-19 17:21;0;0;"You promised to repeal Obamacare. Have you forgotten? Trump easily carried Alaska. I think you're in for a rude awakening come reelection.";;;;"887784491573403649";https://twitter.com/CalGradnOC/status/887784491573403649
priz55;2017-07-19 17:11;0;0;"Forget that, Lisa! You will be primaried if you don't vote to repeal # Ocare or to open senate debate.";;;#;"887781889678823424";https://twitter.com/priz55/status/887781889678823424
SirRandyH;2017-07-19 16:42;1;0;"Lisa, Get the Healthcare bill Done Now!";;;;"887774789267374080";https://twitter.com/SirRandyH/status/887774789267374080
jimv2224;2017-07-19 16:20;1;0;"No tax cuts for billionaires at expense of health care @ DRUDGE_REPORT @ SenatorCollins @ SenJohnMcCain Crooks in Congress need replaced @ CNN";;@ @ @ @;;"887769185404825605";https://twitter.com/jimv2224/status/887769185404825605
lynette530;2017-07-19 15:55;1;2;"WOW! That's REALLY important, and if YOU want to keep doing this job, get your RINO behind into # RepealObamacare .. or look for a new job!";;;#;"887762870091390976";https://twitter.com/lynette530/status/887762870091390976
sqrlybear;2017-07-19 15:43;1;0;"Thank you for having the balls to stick up for your constituents! Keep fighting the good fight against # Trumpcare!";;;#;"887759908019490816";https://twitter.com/sqrlybear/status/887759908019490816
piccini_judy;2017-07-19 15:39;1;0;"Please continue to be strong on your NO vote to Repeal, + replace People need health care more than rich people need more money. Be Strong!";;;;"887758798206586880";https://twitter.com/piccini_judy/status/887758798206586880
TMM91310761;2017-07-19 15:33;2;3;"Thank you for coming out against the terrible health care bill, please stay committed. We, the everyday American, thanks you!";;;;"887757252949671936";https://twitter.com/TMM91310761/status/887757252949671936
Jan2017Trump;2017-07-19 15:31;0;0;"You can pander to these Dems and Inds all you want but I'm asking the @ GOP to stop funding you until you repeal Obamacare.";;@;;"887756817668993024";https://twitter.com/Jan2017Trump/status/887756817668993024
FundacionEfrain;2017-07-19 13:52;0;0;"UnitedWeStand Divided U fall # HealthcareBill @ SenPatRoberts @ SenAngusKing @ ChrisVanHollen @ SenatorCardin @ SenMarkey @ amyklobuchar @ RoyBlunt";;@ @ @ @ @ @ @;#;"887731766613749767";https://twitter.com/FundacionEfrain/status/887731766613749767
Michelle111trip;2017-07-19 13:03;0;0;"Get rid of obamacare all together!! :-) :-)";;;;"887719651190460416";https://twitter.com/Michelle111trip/status/887719651190460416
B0B0atStern697;2017-07-19 12:46;0;0;"When I lived in the U.K. Fundraising to send ppl to the US for medical care wasn't uncommon. I've yet to see someone seek care in the UK";;;;"887715353584947200";https://twitter.com/B0B0atStern697/status/887715353584947200
B0B0atStern697;2017-07-19 12:43;0;0;"NHS (which my family and I have used) does a fine job of distributing substandard care to all.";;;;"887714465847881729";https://twitter.com/B0B0atStern697/status/887714465847881729
TheAnuhart;2017-07-19 12:37;0;0;""The US has lower life expectancy – two years less than that in the UK – and millions of uninsured people who struggle to find healthcare"";;;;"887712888655400960";https://twitter.com/TheAnuhart/status/887712888655400960
B0B0atStern697;2017-07-19 11:43;0;0;"Because Medicare is free to the user AND the govt has unlimited funding. Oh, and unicorns";;;;"887699467268481025";https://twitter.com/B0B0atStern697/status/887699467268481025
GreggHoush;2017-07-19 11:21;0;0;"@ SenAngusKing $765 billion per year lost in US healthcare system. Want to fix healthcare? Maybe start with this https://www.propublica.org/article/the-myth-of-drug-expiration-dates …";;@;;"887693913695432709";https://twitter.com/GreggHoush/status/887693913695432709
TheBenMartens;2017-07-19 08:07;2;3;"Thanks to @ SenatorCollins and @ SenAngusKing for being a true leaders on health care for Maine. # ThankYou # dontletitfail";;@ @;# #;"887645017556365313";https://twitter.com/TheBenMartens/status/887645017556365313
scribscribner;2017-07-19 07:16;0;1;"Health care first";;;;"887632179320279042";https://twitter.com/scribscribner/status/887632179320279042
hearoldh;2017-07-19 06:06;0;0;"# RepealObamacare @ SenatorCollins @ SenAngusKing @ TGowdySC @ realDonaldTrump @ RealJamesWoodshttps://twitter.com/drlee4america/status/887548006848966656 …";;@ @ @ @ @;#;"887614512551120896";https://twitter.com/hearoldh/status/887614512551120896
jckuhl87;2017-07-18 18:29;0;3;"Please, advocate harder for fixing, rather than replacing, the ACA. Americans deserve first world healthcare regardless of their income";;;;"887439106480975872";https://twitter.com/jckuhl87/status/887439106480975872
FundacionEfrain;2017-07-18 17:07;0;0;"# promise is promise # HealthcareBill @ SenAngusKing @ ChrisVanHollen @ SenatorCardin @ SenMarkey @ amyklobuchar @ RoyBlunt @ clairecmc @ SteveDaines";;@ @ @ @ @ @ @ @;# #;"887418472245886982";https://twitter.com/FundacionEfrain/status/887418472245886982
ThisIsPat55;2017-07-18 16:56;0;1;"Anything to say about health care? @ SenAngusKing @ SenatorCollins and @ chelliepingree are supporting Mainers. You are GONE in 2018.";;@ @ @;;"887415926940979200";https://twitter.com/ThisIsPat55/status/887415926940979200
didij_maine;2017-07-18 16:12;0;0;"Join the Republicans to repeal/replace Obamacare to a market based, patient/doctor centered system, where the govt isn't central!";;;;"887404610335453187";https://twitter.com/didij_maine/status/887404610335453187
PenBayPilot;2017-07-18 15:24;0;2;". @ SenAngusKing releases Facebook video urging collaboration on healthcare http://penbaypilot.com/article/king-releases-facebook-video-urging-collaboration-healthcare/89333 …";;@;;"887392562197213186";https://twitter.com/PenBayPilot/status/887392562197213186
JordanMCarson;2017-07-18 14:46;1;4;"Or passing # MedicareForAll";;;#;"887383192449282049";https://twitter.com/JordanMCarson/status/887383192449282049
maeme58;2017-07-18 14:35;0;3;"Allow Medicare to negotiate for drug prices & everyone stop taking money from Big Pharma!!";;;;"887380355363348480";https://twitter.com/maeme58/status/887380355363348480
Indivisible_MDI;2017-07-18 14:19;1;1;"@ SenAngusKing thank you for defending our # healthcare! # killthebill @ IndivisibleTeam @ bangordailynewspic.twitter.com/51F9RKD8V0";;@ @ @;# #;"887376260392996864";https://twitter.com/Indivisible_MDI/status/887376260392996864
ChangeSeats;2017-07-18 14:06;0;0;"RT @ SenAngusKing: Let’s get to work on a bipartisan basis to expand access to health care and make it less expensi… http://buff.ly/2tn3YKJ";;@;;"887372932510617604";https://twitter.com/ChangeSeats/status/887372932510617604
ChangeSeats;2017-07-18 14:00;0;0;"RT @ SenAngusKing: There are many ideas out there that we can all agree on to improve our health care system, such as lowering prescription …";;@;;"887371623187308544";https://twitter.com/ChangeSeats/status/887371623187308544
edisonaardvark;2017-07-18 13:59;0;2;"Get insurance companies out of health care,";;;;"887371210773889024";https://twitter.com/edisonaardvark/status/887371210773889024
Indivisible_MDI;2017-07-18 13:51;3;4;"Signing thank you cards for @ SenAngusKing and @ SenatorCollins "for putting people before politics" # killthebill # Healthcare @ IndivisibleTeampic.twitter.com/vcf3QlcWdF";;@ @ @;# #;"887369152545120260";https://twitter.com/Indivisible_MDI/status/887369152545120260
Indivisible_MDI;2017-07-18 13:47;2;5;"In Bangor thanking @ SenAngusKing and @ SenatorCollins for helping # killthebill and save our # Healthcarepic.twitter.com/y1uLs7Dzmj";;@ @;# #;"887368265349124096";https://twitter.com/Indivisible_MDI/status/887368265349124096
Indivisible_MDI;2017-07-18 13:45;22;50;"At Bangor office @ SenAngusKing and @ SenatorCollins to say thank you for helping # killthebill and protect our # Healthcare @ IndivisibleTeampic.twitter.com/LnS3T5IgY1";;@ @ @;# #;"887367651353350144";https://twitter.com/Indivisible_MDI/status/887367651353350144
sunjournal;2017-07-18 13:40;3;3;"@ SenatorCollins, @ SenAngusKing eye bipartisan healthcare reform http://www.sunjournal.com/news/maine/2017/07/18/susan-collins-says-no-obamacare-repeal/2167757 … via @ SteveCollinsSJ # mepoliticspic.twitter.com/ihY3bE2NDt";;@ @ @;#;"887366357725179904";https://twitter.com/sunjournal/status/887366357725179904
dandisimile;2017-07-18 13:32;0;0;"Less government involvement in ones choice of health care, the better. Controlling the price of anything distorts the free market, comrade.";;;;"887364468757340160";https://twitter.com/dandisimile/status/887364468757340160
lil_lilly001;2017-07-18 13:30;0;3;"Medicare for all. This isn't that hard.";;;;"887363905982533633";https://twitter.com/lil_lilly001/status/887363905982533633
DickyHoey;2017-07-18 13:23;0;1;"fix Obamacare. It's better than the GOP plan to eventually take 20 mil people out of healthcare.";;;;"887362274330947584";https://twitter.com/DickyHoey/status/887362274330947584
gail_leiser;2017-07-18 13:22;1;4;"Thanks @ SenAngusKing for working to # killthebill The County and the country need healthcare! @ Indivisible_MDI @ IndivisibleTeampic.twitter.com/8zM0DJxDTl";;@ @ @;#;"887361880997736450";https://twitter.com/gail_leiser/status/887361880997736450
fotini901;2017-07-18 13:17;0;1;"(because it's Romneycare)";;;;"887360575151452160";https://twitter.com/fotini901/status/887360575151452160
just4politics;2017-07-18 13:09;0;2;"I work Medicare and Retirement. Drug costs are killing my members! Even with LIS, they chose life saving meds or food...";;;;"887358688306089987";https://twitter.com/just4politics/status/887358688306089987
AintTheSameFor;2017-07-18 13:08;0;0;"Headline: Republicans Admit That Obamacare Is Least Bad Option";;;;"887358446370045952";https://twitter.com/AintTheSameFor/status/887358446370045952
Opadnil;2017-07-18 13:08;0;0;"Should be collaboration. Focus on care not insurance. Gov can't afford to pay4 everything for everybody. We are already drowning in debt.";;;;"887358334344605696";https://twitter.com/Opadnil/status/887358334344605696
SenAngusKing;2017-07-18 13:03;96;356;"Let’s get to work on a bipartisan basis to expand access to health care and make it less expensive for the American people # mepoliticspic.twitter.com/OS9L5uMuuE";;;#;"887357062514184192";https://twitter.com/SenAngusKing/status/887357062514184192
SenAngusKing;2017-07-18 13:01;95;508;"There are many ideas out there that we can all agree on to improve our health care system, such as lowering prescription drug prices.";;;;"887356734544769030";https://twitter.com/SenAngusKing/status/887356734544769030
MissWrite;2017-07-18 09:41;0;0;"Or, we could just go with Medicare for All and let every age bracket have access to health care. # Mepolitics";;;#;"887306449231261696";https://twitter.com/MissWrite/status/887306449231261696
pb0ws3r;2017-07-18 00:37;0;0;"@ SenAngusKing Repair & Renovate the ACA-don't repeal and replace. Pls vote NO on the current Senate health care bill. Thanks # Healthcare";;@;#;"887169466550726656";https://twitter.com/pb0ws3r/status/887169466550726656
notbatmanyet;2017-07-17 23:21;0;0;"@ SenSanders @ SenAngusKing @ AprilDRyan When will Universal Healthcare for all Americans become a priority, not a discussion?";;@ @ @;;"887150352528789505";https://twitter.com/notbatmanyet/status/887150352528789505
rob_parritt;2017-07-17 22:38;0;0;"Thank you @ SenAngusKing and @ SenatorCollins for opposing the monstrosity that is Trumpcare. Proud that Maine is taking a stand";;@ @;;"887139468888735744";https://twitter.com/rob_parritt/status/887139468888735744
robw235;2017-07-17 22:16;0;0;"There will be much support amongst citizens if Congress finally get its act together on a solid, affordable, decent healthcare bill.";;;;"887134024656969728";https://twitter.com/robw235/status/887134024656969728
j_c_fitz;2017-07-17 22:03;0;3;"add a public option to all marketplaces to let people buy into Medicare.";;;;"887130690336247808";https://twitter.com/j_c_fitz/status/887130690336247808
WEWONTGOBACK;2017-07-17 21:50;0;0;"Nevertheless, we # persisted. Thank you @ SenatorCollins and @ SenAngusKing for leading the charge to protect our care! http://nyti.ms/2utmmkA https://twitter.com/SuitUpMaine/status/887126361420247041 …";;@ @;#;"887127503646732289";https://twitter.com/WEWONTGOBACK/status/887127503646732289
GreggWGME;2017-07-17 21:43;5;4;"Maine senator @ SenAngusKing reacts as two more @ GOP US Senators say they will not vote for current plan to # RepealAndReplace # Obamacarehttps://twitter.com/SenAngusKing/status/887122195067043840 …";;@ @;# #;"887125750696091648";https://twitter.com/GreggWGME/status/887125750696091648
mainemomof7;2017-07-17 21:43;0;0;"Medicare for ALL!";;;;"887125620978851840";https://twitter.com/mainemomof7/status/887125620978851840
michellehart99;2017-07-17 21:42;0;3;"Yes! Respect and uphold the democratic process for honest input, bipartisan work and support to strengthen our health care system.";;;;"887125363259695104";https://twitter.com/michellehart99/status/887125363259695104
historianess;2017-07-17 21:39;0;1;"That was an honest question btw. There are a lot of ideas floating around (lowering age for Medicare; public option, etc) so what do u want?";;;;"887124639322963969";https://twitter.com/historianess/status/887124639322963969
SenAngusKing;2017-07-17 21:29;246;903;"It's time for Congress to commit to making meaningful & bipartisan improvements to the ACA to make health care more affordable # mepolitics";;;#;"887122195067043840";https://twitter.com/SenAngusKing/status/887122195067043840
DandDfan;2017-07-17 15:24;0;0;"@ SenAngusKing Not signing a petition for healthcare "access". I have "access" to a Lexus. A petition for healthcare for all, that I'll sign.";;@;;"887030223241400321";https://twitter.com/DandDfan/status/887030223241400321
MomsRising;2017-07-17 14:41;5;3;"Nancy ( # BreastCancer # survivor) in Maine needs @ SenAngusKing & @ SenatorCollins to # ProtectOurCarehttps://www.momsrising.org/blog/protectourcare-meet-nancy-in-maine …";;@ @;# # #;"887019443913580545";https://twitter.com/MomsRising/status/887019443913580545
KimHusenits;2017-07-17 14:10;0;0;"Secure health care for all by voting NO to TRUMPCARE. Propose review & revise of ACA in cooperation with dems. People want bipartisan bill";;;;"887011737735761920";https://twitter.com/KimHusenits/status/887011737735761920
AARPMaine;2017-07-17 09:48;3;3;"In @ latimes Senate health care bill pre-existing conditions http://spr.ly/60118SzQJ @ aarpadvocates @ SenatorCollins @ SenAngusKing # mepolitics";;@ @ @ @;#;"886945810902122497";https://twitter.com/AARPMaine/status/886945810902122497
MadAlgorithm;2017-07-17 00:20;0;0;"The 2008 real estate bust & great recession seems linked to this endemic healthcare corruption & Russian international crime syndicates.";;;;"886802760586285056";https://twitter.com/MadAlgorithm/status/886802760586285056
MadAlgorithm;2017-07-17 00:18;0;0;"Based on a preliminary review of the available literature, I believe AHCA/BCRA obsession of the GOP goes to endemic healthcare corruption.";;;;"886802181436747776";https://twitter.com/MadAlgorithm/status/886802181436747776
susi_debra;2017-07-16 16:53;1;1;"@ SenatorCollins @ SenAngusKing One review of many: Revised Healthcare Bill is Worse than first! https://twitter.com/aslavitt/status/886007766707572736 …";;@ @;;"886690152717975552";https://twitter.com/susi_debra/status/886690152717975552
susi_debra;2017-07-16 04:01;1;0;"@ SenatorCollins @ SenAngusKing Now Trump is attacking the latest financial reports of proposed healthcare as "FAKE" # fakepresidenthttps://twitter.com/nicanorjourney/status/886317882342330370 …";;@ @;#;"886496034830110723";https://twitter.com/susi_debra/status/886496034830110723
RP24_1012_2MLT;2017-07-15 13:09;0;0;"@ senrobportman @ lisamurkowski @ SenAngusKing @ SenDeanHeller @ SenateGOP Vote NO on Trumpcare - bad bill no one wants!https://twitter.com/charlesornstein/status/886017717362454529 …";;@ @ @ @ @;;"886271510427688960";https://twitter.com/RP24_1012_2MLT/status/886271510427688960
RP24_1012_2MLT;2017-07-15 12:42;0;0;"@ senrobportman @ lisamurkowski @ SenAngusKing @ SenDeanHeller @ SenateGOP Thank you, @ JohnKasich Vote NO on Trumpcare!!https://twitter.com/JesseFFerguson/status/886251008711700481 …";;@ @ @ @ @ @;;"886264845909229570";https://twitter.com/RP24_1012_2MLT/status/886264845909229570
RP24_1012_2MLT;2017-07-15 11:50;0;0;"@ senrobportman @ lisamurkowski @ SenDeanHeller @ SenAngusKing @ SenateGOP Vote NO on Trumpcare MTP - this is a bad bill!https://twitter.com/ASlavitt/status/886025227913883648 …";;@ @ @ @ @;;"886251517380055042";https://twitter.com/RP24_1012_2MLT/status/886251517380055042
RP24_1012_2MLT;2017-07-15 11:29;0;0;"Vote NO on MTP Trumpcare. @ senrobportman @ lisamurkowski @ SenDeanHeller @ SenAngusKing @ SenateGOP https://twitter.com/TopherSpiro/status/886015376173268992 …";;@ @ @ @ @;;"886246281777205248";https://twitter.com/RP24_1012_2MLT/status/886246281777205248
RP24_1012_2MLT;2017-07-15 11:27;0;0;"Vote NO on MTP Trumpcare. @ senrobportman @ SenateGOP @ SenAngusKing @ lisamurkowski @ SenDeanHeller https://twitter.com/TopherSpiro/status/886240671534919682 …";;@ @ @ @ @;;"886245884652072960";https://twitter.com/RP24_1012_2MLT/status/886245884652072960
FundacionEfrain;2017-07-15 10:28;0;0;"ValiNt David v Goliath @ HealthcareBill @ SenJoniErnst @ ChuckGrassley @ JerryMoran @ SenPatRoberts @ SenAngusKing @ ChrisVanHollen @ SenatorCardin";;@ @ @ @ @ @ @ @;;"886230928716070912";https://twitter.com/FundacionEfrain/status/886230928716070912
ForeverBlueSue;2017-07-14 23:22;0;0;"@ SenAngusKing I don't think u would do anything this vile, but PLEASE don't vote to take Medicaid, rural care, etc away from Maine. PLEASE!!";;@;;"886063474165547009";https://twitter.com/ForeverBlueSue/status/886063474165547009
FundacionEfrain;2017-07-14 19:59;0;0;"Gr8r Choice Lower Premiums # HealthcareBill @ SenDuckworth @ SenDonnelly @ SenJoniErnst @ ChuckGrassley @ JerryMoran @ SenPatRoberts @ SenAngusKing";;@ @ @ @ @ @ @;#;"886012387492605952";https://twitter.com/FundacionEfrain/status/886012387492605952
ddavisadvocacy;2017-07-14 16:26;0;0;"Thank you @ SenatorCollins @ SenAngusKing for protecting Mainers from Medicaid caps! Awesome that we can count on you! http://bangordailynews.com/2017/06/26/politics/cbo-senate-gop-health-care-bill-would-leave-22-million-more-people-uninsured-by-2026/ …";;@ @;;"885958705061265409";https://twitter.com/ddavisadvocacy/status/885958705061265409
woodstockwasme;2017-07-14 14:54;0;0;"3/ Austrailia's care Y not use that model? @ sarahkliff @ SenSanders @ SenateDems @ SenAngusKing @ reedfrich @ nytpolitics @ washingtonpost";;@ @ @ @ @ @ @;;"885935573092913152";https://twitter.com/woodstockwasme/status/885935573092913152
MECEP1;2017-07-14 14:24;0;0;"# Medicaid cap in OP healthcare bill would cost Maine dearly: http://bit.ly/2tnE2K6  Thanks for opposing, @ SenatorCollins @ SenAngusKing pic.twitter.com/AVZ3jbdyQm";;@ @;#;"885927985630650368";https://twitter.com/MECEP1/status/885927985630650368
DrJoeBentivegna;2017-07-14 13:03;0;0;"@ SenAngusKing @ AngusKing2018 @ SenatorCollins @ collins4senator @ ChrisVanHollen @ VanHollenForMD # HealthcareBillhttps://www.youtube.com/watch?v=QQTX0DWonbE&t=16s …";;@ @ @ @ @ @;#;"885907675564912640";https://twitter.com/DrJoeBentivegna/status/885907675564912640
sunjournal;2017-07-14 11:00;1;1;". @ SenatorCollins, @ SenAngusKing oppose revised Senate health care bill http://www.sunjournal.com/news/maine/2017/07/13/susan-collins-angus-king-oppose-revised-senate-health-care-bill/2165392 … via @ SteveCollinsSJ # mepoliticspic.twitter.com/I4aziqqL1B";;@ @ @;#;"885876560552701953";https://twitter.com/sunjournal/status/885876560552701953
AmerAcadPeds;2017-07-14 09:24;8;16;"@ SenatorCollins & @ SenAngusKing, your constituent has a message about health care. Please watch. # KeepKidsCovered";;@ @;#;"885852442230960132";https://twitter.com/AmerAcadPeds/status/885852442230960132
IntheHeartland3;2017-07-14 08:30;0;0;"@ SenAngusKing health care should be basic Am. right not privelsge. vote 4 more health care less tanks. resist plans to throw Am off ACA";;@;;"885838825985110016";https://twitter.com/IntheHeartland3/status/885838825985110016
Gone2Ceed;2017-07-14 01:43;0;0;"It's NOT healthcare, it's wealthycare tax cuts and it's wrong.";;;;"885736475450425344";https://twitter.com/Gone2Ceed/status/885736475450425344
KimScottAuthor;2017-07-14 01:41;0;0;"@ SenAngusKing Veteran Denied Care, Commits Suicide In VA Parking Lot http://www.americanow.com/story/society/2017/06/29/veteran-denied-care-commits-suicide-va-parking-lot?fb=gg …";;@;;"885735868400508930";https://twitter.com/KimScottAuthor/status/885735868400508930
Gone2Ceed;2017-07-14 01:38;0;0;"Medicare for all.";;;;"885735338122952705";https://twitter.com/Gone2Ceed/status/885735338122952705
Mittineague;2017-07-14 01:04;0;0;". @ SenAngusKing @ SenGaryPeters Examine your conscience Serve constituents and Americans Fix # ACA or pass # SinglePayer # MedicareForAll";;@ @;# # #;"885726800046772228";https://twitter.com/Mittineague/status/885726800046772228
midge219;2017-07-13 21:30;0;0;"@ SenAngusKing https://www.americamagazine.org/politics-society/2017/07/10/senators-did-you-come-washington-take-health-care-sick-and-food-hungry …";;@;;"885672834608971776";https://twitter.com/midge219/status/885672834608971776
kantor_b;2017-07-13 21:05;0;0;"@ UofC Trump care is a Hoax if you Vote for a Hoax Shane in you @ LambdaLegal @ SenSanders @ SenWarren";;@ @ @ @;;"885666447791460354";https://twitter.com/kantor_b/status/885666447791460354
kantor_b;2017-07-13 20:16;0;0;"To Summize it to take 880 Million Dollar s out of Medicaid makes Trump care insurance the worst piece of legislation @ ACLU @ LisaBloom";;@ @;;"885654188222533637";https://twitter.com/kantor_b/status/885654188222533637
kantor_b;2017-07-13 20:08;0;1;"13 Senator s including McConnell made the Worst piece of health care legislation ever Written said CBO Expert! @ LambdaLegal agree s Now!";;@;;"885652079947239424";https://twitter.com/kantor_b/status/885652079947239424
IamRame01;2017-07-13 19:07;0;0;"Social Security is going broke! Medicare is going broke! Medicaid will go broke if not bailed out! Obamacare is not sustainable! More Govn?";;;;"885636760608354305";https://twitter.com/IamRame01/status/885636760608354305
AquaLunaSAT;2017-07-13 19:00;0;0;"@ JeffFlake Maybe you should listen to @ SenAngusKing before you vote to take away your constituents health care!! https://twitter.com/senangusking/status/885610829646901248 …";;@ @;;"885635060128526337";https://twitter.com/AquaLunaSAT/status/885635060128526337
louissinc;2017-07-13 17:38;0;0;"D' & R's need to work together, w/public input, to revise Trumpcare. There sold be a NO vote on the motion to precede.";;;;"885614547951796224";https://twitter.com/louissinc/status/885614547951796224
DavidAc83506435;2017-07-13 17:36;0;0;"Thank you Senator King! Act Prudentently, and Protect our care!";;;;"885614053506379778";https://twitter.com/DavidAc83506435/status/885614053506379778
GoldenRuleLover;2017-07-13 16:40;0;0;"@ SenAngusKing 2020 -This isn't about political score board. It's about real American people. Let's do healthcare right not fast & in secret! https://twitter.com/SenAngusKing/status/885283256106668033 …";;@;;"885599840851206144";https://twitter.com/GoldenRuleLover/status/885599840851206144
Mitch1919;2017-07-13 16:39;0;0;"@ SenCapito @ JerryMoran @ lisamurkowski @ SenAngusKing @ RandPaul @ SenatorCollins @ SenDeanHeller # Trumpcare is bad for America You will own bill";;@ @ @ @ @ @ @;#;"885599686983331844";https://twitter.com/Mitch1919/status/885599686983331844
GoldenRuleLover;2017-07-13 16:29;0;1;"NO weakening of sanctions 4 Russia. They not only hacked our elections but our power plants. NO Trumpcare. Exempt America no just congress.";;;;"885597126368968704";https://twitter.com/GoldenRuleLover/status/885597126368968704
AltThisMoFo;2017-07-13 16:26;0;0;"This scared me and I'm fearless @ SenAngusKing @ SenatorCollins @ lisamurkowski @ SenCapito Please # fixthedamnACA # VoteNoAHCA # NoBCRAhttps://twitter.com/charles_gaba/status/885570417469075457 …";;@ @ @ @;# # #;"885596432035696640";https://twitter.com/AltThisMoFo/status/885596432035696640
FundacionEfrain;2017-07-13 16:02;0;0;"# SKIMPY # ACA ScammedME # HealthcareBill @ SenJoniErnst @ ChuckGrassley @ JerryMoran @ SenPatRoberts @ SenAngusKing @ ChrisVanHollen @ SenatorCardin";;@ @ @ @ @ @ @;# # #;"885590285723594756";https://twitter.com/FundacionEfrain/status/885590285723594756
WoodardColin;2017-07-13 16:01;15;28;". @ SenAngusKing, I-ME, opposes Senate health bill. Says its “simply atrocious” to have drafted it in secret. http://www.pressherald.com/2017/07/13/collins-says-she-wont-support-senate-health-care-bill/ …";;@;;"885590130962161664";https://twitter.com/WoodardColin/status/885590130962161664
sunjournal;2017-07-13 15:07;2;4;". @ SenatorCollins, @ SenAngusKing both oppose revised Senate health care bill http://www.sunjournal.com/news/maine/2017/07/13/susan-collins-angus-king-both-oppose-revised-senate-health-care-bill/2165392 … via @ SteveCollinsSJ # mepoliticspic.twitter.com/dA9wMQf32d";;@ @ @;#;"885576439185248256";https://twitter.com/sunjournal/status/885576439185248256
FundacionEfrain;2017-07-13 14:08;0;0;"# ACA sold bill of goods # NEW # HealthcareBill @ SenPatRoberts @ SenAngusKing @ ChrisVanHollen @ SenatorCardin @ SenMarkey @ amyklobuchar @ RoyBlunt";;@ @ @ @ @ @ @;# # #;"885561591911067649";https://twitter.com/FundacionEfrain/status/885561591911067649
Katie5963;2017-07-13 13:28;0;0;". @ SenatorCollins @ SenAngusKing you need to be NO on motion to proceed on healthcare bill, not just the bill..allowing to proceed could pass.";;@ @;;"885551427850039296";https://twitter.com/Katie5963/status/885551427850039296
maravillage44;2017-07-13 13:13;0;0;"Because a secret goal of the plan is for FreeCare. Cheap insurance that covers little backed by charity care in hospitals.";;;;"885547725491765249";https://twitter.com/maravillage44/status/885547725491765249
AARPMaine;2017-07-13 12:41;8;11;"Health care debate continues, more Mainers speaking up re concerns on Medicaid cuts @ SenatorCollins @ SenAngusKing @ AARPadvocates # mepoliticspic.twitter.com/uAHJsnBVOu";;@ @ @;#;"885539595055706112";https://twitter.com/AARPMaine/status/885539595055706112
kat_is_in;2017-07-13 12:20;0;0;"@ SenAngusKing please start impeachment before our democracy goes into a death spiral like the ACHA will cause affordable care to, if passed";;@;;"885534348300009477";https://twitter.com/kat_is_in/status/885534348300009477
YourGreenVoice;2017-07-13 11:27;1;0;"" If you took a blank piece of paper and wrote a health care bill designed to hurt rural Maine – this would be the bill." @ SenAngusKing";;@;;"885521172166848512";https://twitter.com/YourGreenVoice/status/885521172166848512
FundacionEfrain;2017-07-13 11:09;0;0;"# ACA affordable? # Bipartisan # HealthcareBill @ MikeCrapo @ JerryMoran @ SenPatRoberts @ SenAngusKing @ ChrisVanHollen @ SenatorCardin @ SenMarkey";;@ @ @ @ @ @ @;# # #;"885516576786665472";https://twitter.com/FundacionEfrain/status/885516576786665472
OurHospitals;2017-07-13 09:40;4;1;"# Medicaid is vital for the health of thousands in Maine. Ask @ SenatorCollins and @ SenAngusKing to # ProtectMedicaid & # protectourcare!pic.twitter.com/K9pvSaabH1";;@ @;# # #;"885494081140518912";https://twitter.com/OurHospitals/status/885494081140518912
KickingBullG;2017-07-13 05:23;0;0;"@ SenatorCollins and @ SenAngusKing Please keep up the good work for your country and your state - vote agains Rep. Healthcare Plan! https://twitter.com/funder/status/885319574882836482 …";;@ @;;"885429394797469696";https://twitter.com/KickingBullG/status/885429394797469696
andramorrow;2017-07-13 00:20;0;0;"http://bangordailynews.com/2017/07/12/mainefocus/a-maine-nonprofit-paid-its-disabled-workers-less-than-minimum-wage-while-its-executives-got-six-figures/ … @ SenSusanCollins @ SenAngusKing wow, this is a disgrace, and a rip off, might as well take health care too.";;@ @;;"885353252950126593";https://twitter.com/andramorrow/status/885353252950126593
woodweaselz;2017-07-12 23:26;0;0;"Ed Markey is buffoon who has never put forth one single item of meaningful legislation in his meaningless career.";;;;"885339565422202880";https://twitter.com/woodweaselz/status/885339565422202880
FlandersDeborah;2017-07-12 19:50;0;1;"Republicans saying people don't care about Russia we are worried to death about losing health care R' s are using that saying we don't care";;;;"885285301719060480";https://twitter.com/FlandersDeborah/status/885285301719060480
SenAngusKing;2017-07-12 19:42;25;120;"Great to join @ CNN @ NewDay to discuss Russia’s interference in the 2016 election and the health care debate. WATCH:http://bit.ly/2ukudBB";;@ @;;"885283256106668033";https://twitter.com/SenAngusKing/status/885283256106668033
Katie5963;2017-07-12 18:23;0;0;"@ SenAngusKing @ SenatorCollins Health insurers have been strangely quiet about undoing Obamacare. Until now. https://www.washingtonpost.com/news/wonk/wp/2017/07/12/health-insurers-have-been-strangely-quiet-about-undoing-obamacare-until-now/?utm_term=.a5fc90cc56c0 …";;@ @;;"885263374384345088";https://twitter.com/Katie5963/status/885263374384345088
TPINRoss;2017-07-12 17:17;0;0;"We need more than admonishments, @ SenAngusKing. Do everything in your power to keep this destructive & deadly bill from passing # Trumpcarehttps://twitter.com/MainePublic/status/885242931443109888 …";;@;#;"885246657344008192";https://twitter.com/TPINRoss/status/885246657344008192
crystalballpam;2017-07-12 16:05;0;0;"I'm from Texas. That is cool. Stand strong! We don't want that # Deathcare Bill and we do want # netneutrality";;;# #;"885228540727369730";https://twitter.com/crystalballpam/status/885228540727369730
Mitch1919;2017-07-12 15:10;0;0;"@ SenateMajLdr @ SenateFloor @ SenCollins @ SenCapito @ lisamurkowski @ SenAngusKing @ JoyAnnReid # Trumpcare immoral UnAmerican Vote NO @ maddow https://twitter.com/TopherSpiro/status/885156418395000833 …";;@ @ @ @ @ @ @ @;#;"885214909793005572";https://twitter.com/Mitch1919/status/885214909793005572
AARPMaine;2017-07-12 15:08;4;3;"40% Mainers 50-64 have pre-existing conditions @ DavidCertner explains latest on health care bill @ SenatorCollins @ SenAngusKing # mepoliticshttps://twitter.com/AARPadvocates/status/885199798592311297 …";;@ @ @;#;"885214328680570881";https://twitter.com/AARPMaine/status/885214328680570881
JG_Ocala;2017-07-12 07:34;0;0;". @ newday @ SenAngusKing makes good point. Neither # ACA nor any of the GOP plans do anything to lower medical costs. # healthcare";;@ @;# #;"885099978636525568";https://twitter.com/JG_Ocala/status/885099978636525568
Gabriel15822617;2017-07-12 07:31;0;0;"@ SenAngusKing Thank you for staying on top of and honest on how to take care of the people in our country. It's really refreshing; in WA D.C";;@;;"885099300274962436";https://twitter.com/Gabriel15822617/status/885099300274962436
SRottenberg;2017-07-12 07:27;0;0;""Why not slow it down & do it in normal course of business?" Says @ SenAngusKing on @ CNN Because the # GOP # healthcare bill is horrendous!";;@ @;# #;"885098369072467970";https://twitter.com/SRottenberg/status/885098369072467970
karenizme;2017-07-12 07:14;0;0;"Medicare is NOT a benefit, it is a handout! Medicare is a working persons benefit!";;;;"885095048530071557";https://twitter.com/karenizme/status/885095048530071557
scott_r_frank;2017-07-12 02:39;0;0;"@ SenAngusKing @ SenatorCollins Here is a pragmatic path forward that focuses on Cost of care vs premiums https://www.forbes.com/sites/carolynmcclanahan/2017/03/27/rising-from-the-ashes-a-novel-bipartisan-approach-to-health-care-reform/#13d3e0252ab4 … @ CarolynMcC";;@ @ @;#13d3e0252ab4;"885025768753025024";https://twitter.com/scott_r_frank/status/885025768753025024
EricJGreenberg;2017-07-11 23:06;0;0;"Coming up on the @ 11thHour - Brian's talk w/ @ SenAngusKing of the Senate Intel Committee on today's Trump Jr news + healthcare legislation";;@ @;;"884972307189555200";https://twitter.com/EricJGreenberg/status/884972307189555200
MamaBearKatB;2017-07-11 20:02;0;0;"So many "patriots" who don't even care that Russia bought this presidency for Trump Should we start to learn Russian? Probably But HILARY...";;;;"884926009757356032";https://twitter.com/MamaBearKatB/status/884926009757356032
Indivisible_MDI;2017-07-11 15:26;1;1;"@ SenatorCollins and @ SenAngusKing Bangor offices to sayfor opposing # Trumpcare and ask them to oppose repealing # ACA w/out replacementpic.twitter.com/P6DAsGWbqu";;@ @;# #;"884856395329351680";https://twitter.com/Indivisible_MDI/status/884856395329351680
FundacionEfrain;2017-07-11 14:41;0;0;"# HealthcareBill # CBO misprojection: 4get 2 mention largely due to Choice NOT 2 buy @ JerryMoran @ SenPatRoberts @ SenAngusKing @ ChrisVanHollen";;@ @ @ @;# #;"884845195090698240";https://twitter.com/FundacionEfrain/status/884845195090698240
crbrub;2017-07-11 10:46;0;0;"@ SenatorCollins @ SenAngusKing # STOPTrumpCare Please hold your ground! No tax cut for the rich that rolls back good healthcare.https://twitter.com/GKButterfield/status/884783369745256451 …";;@ @;#;"884785969802743808";https://twitter.com/crbrub/status/884785969802743808
marshall2tc;2017-07-11 09:55;1;1;"@ EmergencyDocs urge you to vote NO on the # BCRA. Work on bipartisan solutions, @ SenAngusKing, and improve health care for all patients! pic.twitter.com/onRRQ1TBQz";;@ @;#;"884773219844198400";https://twitter.com/marshall2tc/status/884773219844198400
gcush1;2017-07-11 09:23;0;0;"40 % counties in usa have 1 insurer. Left ..thats monopoly care.. Forced to pay thousands cant pay deductble also.. Very american";;;;"884765069439115264";https://twitter.com/gcush1/status/884765069439115264
gcush1;2017-07-11 09:21;0;0;"40% counties in usa 1 insurer = monopoly care.thanks obama";;;;"884764677456244736";https://twitter.com/gcush1/status/884764677456244736
gcush1;2017-07-11 09:15;0;0;"Strange they didnt wanna admit it . news didnt tell ya either but google vault 7 wikileaks hack. If u care for truth https://youtu.be/eHDDQVZ-A98";;;;"884762957590278144";https://twitter.com/gcush1/status/884762957590278144
NPWF;2017-07-10 12:20;7;3;"Medicaid is vital for the health of thousands in Maine. The numbers don’t lie. Tell @ SenatorCollins and @ SenAngusKing to # protectourcare!pic.twitter.com/oEcZRM3jXk";;@ @;#;"884447266148409345";https://twitter.com/NPWF/status/884447266148409345
YourGrowFriend;2017-07-10 11:15;0;1;"Already made my calls this morning: health care, Net Neutrality & RUSSIA sanctions. @ SenatorCollins @ SenAngusKing @ RepPoliquin # MePolitics";;@ @ @;#;"884430854902231040";https://twitter.com/YourGrowFriend/status/884430854902231040
kim89Da;2017-07-09 23:10;0;0;"@ SENSASSE @ SenatorCollins @ SenAngusKing @ freedomcaucus It's literally hard to think of a @ GOP Rep who cares about treason now!! IMPEACHhttps://twitter.com/BraddJaffy/status/884184317852884993 …";;@ @ @ @ @;;"884248460412715008";https://twitter.com/kim89Da/status/884248460412715008
jkhk62;2017-07-09 19:54;0;0;"Senator help please tell house to pass sanctions it must be done and I'm scared they are blocking it # help";;;#;"884199038370840576";https://twitter.com/jkhk62/status/884199038370840576
1therealScottE;2017-07-09 17:15;0;0;"@ KamalaHarris it's raised. My senator @ SenatorCollins hears from me all the time. @ SenAngusKing has my back. Protect our rights, healthcare https://twitter.com/kamalaharris/status/884109928708833280 …";;@ @ @;;"884159049616510976";https://twitter.com/1therealScottE/status/884159049616510976
tennis12007;2017-07-09 07:55;0;0;"@ SenJohnMcCain @ SenDuckworth @ SenAngusKing anyonevin Senate care aboutvthis?";;@ @ @;;"884018251101069313";https://twitter.com/tennis12007/status/884018251101069313
BenefitVBurden;2017-07-08 14:29;0;1;"Good. Then you know what crap the Healthcare bill is. So go back to DC, vote no, then look at next on to do list: Impeach 45.";;;;"883754850055532544";https://twitter.com/BenefitVBurden/status/883754850055532544
AARPMaine;2017-07-08 08:37;1;1;"Health care bill=higher costs, less coverage. New radio ad asks @ SenatorCollins & @ SenAngusKing # VoteNo http://spr.ly/60128ULIr # mepolitics";;@ @;# #;"883666228409192449";https://twitter.com/AARPMaine/status/883666228409192449
SuperSmashBala;2017-07-07 22:11;0;0;"Sorry but that list shouldn't make you feel honored. Joe Crowley and Pelosi definitely dont care about reforming campaign finance laws";;;;"883508733262913536";https://twitter.com/SuperSmashBala/status/883508733262913536
AARPMaine;2017-07-07 15:25;1;1;"Health care bill=higher costs, less coverage. New radio ad asks @ SenatorCollins & @ SenAngusKing # VoteNo http://spr.ly/60148ULSk # mepolitics";;@ @;# #;"883406636383174656";https://twitter.com/AARPMaine/status/883406636383174656
1liners;2017-07-07 10:33;0;0;"@ SenatorCollins @ SenAngusKing @ SenJohnMcCain So, no one seems to care that Trump is aligned with RU against US interests?https://twitter.com/igorvolsky/status/883331447700041728 …";;@ @ @;;"883333243721973760";https://twitter.com/1liners/status/883333243721973760
Patriot_1st;2017-07-07 02:59;0;2;"My healthcare premiums went from $950 a month to $1895 a month because of you idiots and Obama Care! What about people like me?";;;;"883218856042352640";https://twitter.com/Patriot_1st/status/883218856042352640
OrganicCucumber;2017-07-07 00:45;0;0;"If Politicians like @ SenatorCollins or @ SenAngusKing actually gave a damn about the American People they'd pass Medicare For All.";;@ @;;"883185202759057408";https://twitter.com/OrganicCucumber/status/883185202759057408
emmettmahoney;2017-07-06 23:20;0;0;"Why would anyone talk to healthcare professionals about healthcare? Plenty of insurance pros to consult with! Novel approach, ty.";;;;"883163877822935040";https://twitter.com/emmettmahoney/status/883163877822935040
MrMcNam;2017-07-06 19:39;0;1;"So they weren't hammered by Obamacare?";;;;"883108048314785801";https://twitter.com/MrMcNam/status/883108048314785801
rogermknight;2017-07-06 19:10;0;2;"Can we find a way to get real health care and move to single payer? Will you talk about your feelings on that?";;;;"883100973853532165";https://twitter.com/rogermknight/status/883100973853532165
DonRhod23342878;2017-07-06 19:06;0;2;"We need real health care, #single payer";;;#single;"883099835087417344";https://twitter.com/DonRhod23342878/status/883099835087417344
SenAngusKing;2017-07-06 19:04;20;66;"We discussed the impact the proposed Senate health care bill would have on rural Maine communitiespic.twitter.com/IZ1AloFEiw";;;;"883099250325848064";https://twitter.com/SenAngusKing/status/883099250325848064
lassasommers;2017-07-06 13:55;0;0;"@ SenatorCollins @ SenAngusKing with the so few rural clinics in Me, planned parenthood is vital in providing access to women's healthcare. https://twitter.com/ppact/status/882584854637957120 …";;@ @;;"883021673368354817";https://twitter.com/lassasommers/status/883021673368354817
shamaville;2017-07-06 02:22;0;0;"Isn't that part of the problem? the fact that drug prices are unbearable. Furthermore, I thought public option was another solution 2 O'care";;;;"882847128971870208";https://twitter.com/shamaville/status/882847128971870208
LucySharvet;2017-07-05 20:32;0;0;"Hillary's plan should be adopted state by state. Don't need Trumpcare. @ JoaquinCastrotx @ SenAngusKing @ AdamParkhomenko @ peterdaou";;@ @ @ @;;"882759019856707584";https://twitter.com/LucySharvet/status/882759019856707584
MApostate;2017-07-05 19:57;0;0;"I am a business analyst in the healthcare industry specializing in hospital pharmaceuticals and outpatient reimbursement.";;;;"882750222836707328";https://twitter.com/MApostate/status/882750222836707328
mysteryscience3;2017-07-05 19:22;0;0;"@ SenAngusKing Sen. Collins doesn't support this repugnant health care bill,and I hope you can find it in your heart to agree with her.";;@;;"882741458960351232";https://twitter.com/mysteryscience3/status/882741458960351232
MApostate;2017-07-05 18:31;0;0;"I'm in the healthcare industry. I am open-minded and well-informed.";;;;"882728601086328833";https://twitter.com/MApostate/status/882728601086328833
FundacionEfrain;2017-07-05 13:50;0;0;"@ SenAngusKing @ ChrisVanHollen @ SenatorCardin @ SenMarkey @ amyklobuchar @ RoyBlunt @ clairecmc End # 7yearsBadLuck # Repeal # Obamacare";;@ @ @ @ @ @ @;# # #;"882657892020703232";https://twitter.com/FundacionEfrain/status/882657892020703232
AARPMaine;2017-07-05 08:34;9;16;"SPOTLIGHT: 268K Mainers on # Medicaid, many for long-term care at home/nursing home. @ SenatorCollins @ SenAngusKing @ AARPadvocates # mepoliticspic.twitter.com/YXUrg23mor";;@ @ @;# #;"882578523030003712";https://twitter.com/AARPMaine/status/882578523030003712
FundacionEfrain;2017-07-04 22:04;0;0;"# Patriots 4 # Healthcarebill R U 1 @ SenJoniErnst @ ChuckGrassley @ JerryMoran @ SenPatRoberts @ SenAngusKing @ ChrisVanHollen @ SenatorCardin";;@ @ @ @ @ @ @;# #;"882419911976521729";https://twitter.com/FundacionEfrain/status/882419911976521729
CarlosHBandeira;2017-07-04 20:58;0;0;"not for 22 million illegals and taxpayers blood suckers. Obamacare is a lie. We pay for the lazy bunch. I'm supposed to help my family only.";;;;"882403387068862466";https://twitter.com/CarlosHBandeira/status/882403387068862466
HuntingforHolly;2017-07-04 17:44;0;0;"@ SenAngusKing https://www.axios.com/indiana-gop-request-for-health-care-horror-stories-backfires-2453317740.html …";;@;;"882354474781749253";https://twitter.com/HuntingforHolly/status/882354474781749253
sallemann;2017-07-04 15:53;0;0;"@ SenatorCollins @ SenAngusKing @ RepPoliquin http://www.chicagotribune.com/business/columnists/ct-hiltzik-obamacare-20170703-story,amp.html …";;@ @ @;;"882326505283624960";https://twitter.com/sallemann/status/882326505283624960
FundacionEfrain;2017-07-04 09:01;0;0;"@ SenPatRoberts @ SenAngusKing @ ChrisVanHollen @ SenatorCardin @ SenMarkey @ amyklobuchar @ ChuckGrassley # HealthcareBill # American as # applepie";;@ @ @ @ @ @ @;# # #;"882222952992972802";https://twitter.com/FundacionEfrain/status/882222952992972802
ASFried;2017-07-03 19:33;3;17;"Is this why Eric Brakey, who has announced he's challenging @ SenAngusKing, hasn't taken a position on Trumpcare? # mepoliticshttps://twitter.com/voxdotcom/status/881493920173219841 …";;@;#;"882019556981649408";https://twitter.com/ASFried/status/882019556981649408
crbrub;2017-07-03 16:51;0;0;"@ SenatorCollins @ SenAngusKing News on the proposed healthcare bill just get worse.. # STOPTrumpCarehttps://twitter.com/aslavitt/status/881941502875881473 …";;@ @;#;"881978804654178304";https://twitter.com/crbrub/status/881978804654178304
_Ben_Franklin1;2017-07-03 14:19;1;0;"Thank you @ SenatorCollins @ SenAngusKing let Maine lead the way Please bring @ RepPoliquin to support Maine & healthcare not wealthcarehttps://twitter.com/afelix91371/status/881939179919347716 …";;@ @ @;;"881940533085691910";https://twitter.com/_Ben_Franklin1/status/881940533085691910
ClinicianAction;2017-07-03 13:32;2;0;"Dr. Lipka, fam med, ME: I work in rural Maine where people are poor & sick & dependent on # Medicaid for care @ SenatorCollins @ SenAngusKing";;@ @;#;"881928757522649088";https://twitter.com/ClinicianAction/status/881928757522649088
ersommo;2017-07-03 08:02;0;0;"Single payer healthcare! Mainers want it! @ SenAngusKing @ SenatorCollins";;@ @;;"881845573191696384";https://twitter.com/ersommo/status/881845573191696384
Paul_Wallace;2017-07-03 07:35;0;0;"Don't repeal Obamacare! Fix it instead! Americans need healthcare. @ SenatorCollins @ SenAngusKing @ RepPoliquin @ chelliepingree";;@ @ @ @;;"881838860799442944";https://twitter.com/Paul_Wallace/status/881838860799442944
Mittineague;2017-07-02 19:43;0;0;". @ ChrisVanHollen @ SenatorCollins @ SenAngusKing Please consign # BCRA 2 the trash heap Get serious + fix # ACA or # singlepayer # MedicareForAll";;@ @ @;# # # #;"881659749380632576";https://twitter.com/Mittineague/status/881659749380632576
AARPMaine;2017-07-02 19:38;1;0;"RECESS WEEK: Call @ SenatorCollins & @ SenAngusKing 844-226-7032 re # healthcarebill http://spr.ly/60178U1q3 # mepolitics # VoteNo @ AARPadvocates";;@ @ @;# # #;"881658483690569728";https://twitter.com/AARPMaine/status/881658483690569728
ASFried;2017-07-01 10:44;2;8;"# mepolitics reporters: Please ask @ SenAngusKing opponent Brakey if he agrees w/Collins that Trumpcare is bad for ME people and hospitals.";;@;#;"881161498474811392";https://twitter.com/ASFried/status/881161498474811392
thinkingdem;2017-07-01 08:54;0;0;"If Medicare 55 and up .. And nat'l Medicaid expand at 167/200% What does this do for ins rate? @ KamalaHarris @ SenWarren @ SenAngusKing";;@ @ @;;"881134029705228290";https://twitter.com/thinkingdem/status/881134029705228290
sgconard;2017-07-01 08:16;0;0;"Hope you saw this @ SenatorCollins @ SenAngusKing some good analysis, ideas for moving forward on health care.";;@ @;;"881124329781690368";https://twitter.com/sgconard/status/881124329781690368
