hrhdjc;2017-07-24 19:55;0;0;"@ SenatorHeitkamp Your constituents are depending on you. Rural hospitals count Vote 'no' on # Obamacare repeal.";;@;#;"889635262971731971";https://twitter.com/hrhdjc/status/889635262971731971
Suhalper;2017-07-24 19:51;0;0;"@ SenatorHeitkamp Please vote against the Trump McConnell healthcare disaster. thank you. Susan";;@;;"889634290727780352";https://twitter.com/Suhalper/status/889634290727780352
ChangeSeats;2017-07-24 19:51;0;0;"RT @ SenatorHeitkamp: Read letter from ND Hospital Assoc. & @ NDMedAssn outlining how BCRA & 2015 health care repeal… http://buff.ly/2v18I99";;@ @;;"889634051312824324";https://twitter.com/ChangeSeats/status/889634051312824324
SenatorHeitkamp;2017-07-24 17:34;14;16;"Read why @ NFUDC says Senate GOP health care bills don't address needs for farmers, ranchers & rural America: https://goo.gl/pZdvWw pic.twitter.com/PNjMLtY1hV";;@;;"889599574435745792";https://twitter.com/SenatorHeitkamp/status/889599574435745792
MissSusie66;2017-07-24 17:16;0;0;"Why can't everyone work together to give us a healthcare bill that truly works for every one?? @ SenatorHeitkamp @ SenJohnHoevenhttps://twitter.com/JohnKasich/status/889522009264332804 …";;@ @;;"889595190335467520";https://twitter.com/MissSusie66/status/889595190335467520
SenatorHeitkamp;2017-07-24 16:39;14;23;"Read letter from ND Hospital Assoc. & @ NDMedAssn outlining how BCRA & 2015 health care repeal bill would hurt ND & why I should opposepic.twitter.com/91IgiybZPc";;@;;"889585836102217730";https://twitter.com/SenatorHeitkamp/status/889585836102217730
thefairelection;2017-07-24 16:06;0;0;"@ SenatorCollins @ SenCapito @ SenatorHeitkamp Not to mention momma's older children, family & friends. Keep contraception and pre-natal care. https://twitter.com/wendydavis/status/889549801188151296 …";;@ @ @;;"889577508252770304";https://twitter.com/thefairelection/status/889577508252770304
RosieResisting;2017-07-24 13:21;0;0;". @ SenatorHeitkamp, please # WorkTogether on real # HealthcareSOLUTIONS that meet our needs & # ProtectOurCare. # TWpic.twitter.com/w7BhDFYS8d";;@;# # # #;"889535956931330048";https://twitter.com/RosieResisting/status/889535956931330048
VeniceMomCA33;2017-07-24 10:55;0;0;". @ SenatorHeitkamp, please # WorkTogether on real # HealthcareSOLUTIONS that meet our needs & # ProtectOurCare. # TWpic.twitter.com/kUJDW3AKrb";;@;# # # #;"889499215654670336";https://twitter.com/VeniceMomCA33/status/889499215654670336
toiletpoopincat;2017-07-24 07:13;0;0;"@ senatorheitkamp loves Obamacare and is coming up for reelection in 2018. VOTE HER OUT. # CleanRepealNow http://www.grandforksherald.com/opinion/letters/4295810-letter-sen-heitkamp-failing-north-dakota#.WXXWEYxPI5w.twitter …";;@;# #;"889443446766940160";https://twitter.com/toiletpoopincat/status/889443446766940160
WendyBrandes;2017-07-23 23:55;1;1;". @ SenatorHeitkamp, please # WorkTogether on real # HealthcareSOLUTIONS that meet our needs & # ProtectOurCare. # TWpic.twitter.com/NcgDQLMA4q";;@;# # # #;"889333185179504640";https://twitter.com/WendyBrandes/status/889333185179504640
ChangeSeats;2017-07-23 17:48;0;0;"RT @ SenatorHeitkamp: In DC, visited w/ND Hospital Assoc. abt how GOP health care bill would hurt ND & rip away cov… http://buff.ly/2uqjdzS";;@;;"889240711702433792";https://twitter.com/ChangeSeats/status/889240711702433792
SenatorHeitkamp;2017-07-23 17:45;18;29;"In DC, visited w/ND Hospital Assoc. abt how GOP health care bill would hurt ND & rip away coverage from 28,000 NDans https://goo.gl/Mcy37X pic.twitter.com/XskUgkCkK6";;;;"889239975572549632";https://twitter.com/SenatorHeitkamp/status/889239975572549632
unifyusa;2017-07-22 22:41;3;0;". @ SenatorHeitkamp FixUnsustainable&Ineffective # Medicaid n # AHCA # repealobamacare # fullrepeal @ POTUS # pjnetpic.twitter.com/AALLMPVMQA";;@ @;# # # # #;"888952197395865601";https://twitter.com/unifyusa/status/888952197395865601
jcaartist;2017-07-22 11:40;0;0;"@ SenJohnHoeven @ SenatorHeitkamp @RepKevinCramer Just a reminder North Dakotans are watching the votes on Healthcare Bill # VoteNo";;@ @ @RepKevinCramer;#;"888785802905432064";https://twitter.com/jcaartist/status/888785802905432064
forestland6;2017-07-22 09:11;0;0;"@ SenStabenow @ MariaCantwell @ SenGillibrand @ SenatorHeitkamp How about Women Senators get together w/ plan to fix health care? You can do it!";;@ @ @ @;;"888748445057646593";https://twitter.com/forestland6/status/888748445057646593
nddemnpl;2017-07-21 17:38;1;5;"We need more leaders like Eliot and @ SenatorHeitkamp working to find areas of genuine bipartisan agreement. # NDPol http://www.grandforksherald.com/opinion/featured-columnists/4299863-glassheim-path-forward-health-care …";;@;#;"888513560552370177";https://twitter.com/nddemnpl/status/888513560552370177
davidwswift;2017-07-21 01:28;0;0;"Why does @ SenatorHeitkamp need to work with the GOP if the disastrous NObamacare is so great? # zerocredibility";;@;#;"888269371650461697";https://twitter.com/davidwswift/status/888269371650461697
unifyusa;2017-07-20 22:26;0;0;". @ SenatorHeitkamp FixUnsustainable&Ineffective # Medicaid n # AHCA # repealobamacare # fullrepeal @ POTUS # pjnetpic.twitter.com/AALLMPVMQA";;@ @;# # # # #;"888223645058842624";https://twitter.com/unifyusa/status/888223645058842624
Jolis2007;2017-07-20 20:55;0;0;"Wrong!!! Repeal and replace Obamacare!!! Respect life!!!";;;;"888200843618471936";https://twitter.com/Jolis2007/status/888200843618471936
FundacionEfrain;2017-07-20 19:14;0;0;"Hey! # ACA gives costly # Skimpy # No coverage # HealthcareBill @ JeffFlake @ SenatorHeitkamp @ SenRonJohnson @ SenGillibrand @ SenRobPortman";;@ @ @ @ @;# # # #;"888175389050380289";https://twitter.com/FundacionEfrain/status/888175389050380289
MDB9699;2017-07-20 19:13;0;0;"It's far better than Obamacare, which is too costly. This IS a compromise. But if you can't do that, we'll elect someone who can.";;;;"888175044211376128";https://twitter.com/MDB9699/status/888175044211376128
KgGreen1054;2017-07-19 23:30;0;0;"@ SenatorHeitkamp Loved your words on # Healthcare well done and well side Thank Youpic.twitter.com/4QuQKNIEkw";;@;#;"887877328088563713";https://twitter.com/KgGreen1054/status/887877328088563713
ndrrcjs;2017-07-19 22:21;0;0;"They didn't get anything changed on Obamacare so Dems can watch your health plan die as it has been for months";;;;"887859952915820545";https://twitter.com/ndrrcjs/status/887859952915820545
SenatorHeitkamp;2017-07-19 20:07;28;67;"Real leadership means stepping up to the challenge, working across the aisle & looking for honest results to improve the health care system.";;;;"887826330569625600";https://twitter.com/SenatorHeitkamp/status/887826330569625600
SenatorHeitkamp;2017-07-19 20:06;54;78;"Continuing down same path over & over again by pushing essentially same bad health care bill, as Republicans keep doing, isn’t leadership.https://twitter.com/USCBOcostest/status/887782871792054274 …";;;;"887826000343699457";https://twitter.com/SenatorHeitkamp/status/887826000343699457
whalliburton;2017-07-19 19:38;0;0;"Health care is great. What about the immediate threat of Oil company financed violence against peaceful protestors with state support?";;;;"887818954902786048";https://twitter.com/whalliburton/status/887818954902786048
OkDeuce;2017-07-19 19:36;0;0;"Don't worry. We can all just be a little bit more careful. Just today I decided not to run with scissors any longer. Maybe Congress will too";;;;"887818495278407680";https://twitter.com/OkDeuce/status/887818495278407680
TanJDavis;2017-07-19 19:34;0;0;"What if Obama care fails, then how many are out?";;;;"887817984223440897";https://twitter.com/TanJDavis/status/887817984223440897
SamKWEaster;2017-07-19 18:58;0;0;"Here's @ SenatorHeitkamp on the latest in the health care debate: pic.twitter.com/VGYhEqZhri";;@;;"887808854616137728";https://twitter.com/SamKWEaster/status/887808854616137728
m_disappointed;2017-07-19 18:46;0;1;"Let me get this right, you make $174k a yr, you work maybe 133 days a year, you have free healthcare, why exactly do you need 4 interns?";;;;"887805858221924352";https://twitter.com/m_disappointed/status/887805858221924352
kglien;2017-07-19 18:13;0;1;"What r u doing to help make the best healthcare system for all Americans. Congress needs to do there job. U work for us so prove it # MAGA";;;#;"887797455772938241";https://twitter.com/kglien/status/887797455772938241
francisconguy16;2017-07-19 18:07;0;0;"About 45 universal healthcare nations on earth. Americans are human like those people. Why we don't deserve a better healthcare system?";;;;"887796040195203076";https://twitter.com/francisconguy16/status/887796040195203076
SenatorHeitkamp;2017-07-19 18:03;12;19;"Important discussion with NDans from @ NDUnited about how the president's budget cuts & GOP health care bill would hurt students & schoolspic.twitter.com/X4FNK1iqXj";;@;;"887794938569646080";https://twitter.com/SenatorHeitkamp/status/887794938569646080
GailHarings;2017-07-19 17:45;0;0;"Why isn't the cost of all health care needs being addressed? The Pharmaceutical and Insurance companies need to be investigated. Costs";;;;"887790639705935874";https://twitter.com/GailHarings/status/887790639705935874
ChangeSeats;2017-07-19 17:36;0;0;"RT @ SenatorHeitkamp: Across ND, 54% of Native children relied on Medicaid for health coverage in 2015. GOP health care bill would slash Med…";;@;;"887788137765842944";https://twitter.com/ChangeSeats/status/887788137765842944
imwithher4prez;2017-07-19 17:34;0;5;"Trump and # Trumpcare are failures. Mitch McConnell and Paul Ryan are failures. The Republican Party and the Tea Party are failures.";;;#;"887787772173537280";https://twitter.com/imwithher4prez/status/887787772173537280
mucaluck;2017-07-19 16:42;0;0;"2016 net financial loss of $5.6 billion Govt can't run a business. Do you want them running your healthcare?http://www.foxbusiness.com/markets/2017/07/19/usps-financially-imploding-as-new-political-scandal-emerges.html …";;;;"887774746259197952";https://twitter.com/mucaluck/status/887774746259197952
Dakotacyr;2017-07-19 16:28;2;17;"North Dakota United ready to talk education & healthcare with @ SenatorHeitkamp @ NDUNick @ ChadOban @ AFTunion @ rweingartenpic.twitter.com/eQRG8MvnuM";;@ @ @ @ @;;"887771086569558020";https://twitter.com/Dakotacyr/status/887771086569558020
caprafan;2017-07-19 16:17;0;1;"Imagine how much better Native peoples & the rest of us would do with # medicare4all.";;;#;"887768317469106176";https://twitter.com/caprafan/status/887768317469106176
jasaggie;2017-07-19 14:33;0;0;"Maybe natives need to get jobs like the rest of us. Health insurance is not a right. Parents, take care of your children # RepealObamacare";;;#;"887742117338124288";https://twitter.com/jasaggie/status/887742117338124288
SenatorHeitkamp;2017-07-19 14:22;13;31;"Across ND, 54% of Native children relied on Medicaid for health coverage in 2015. GOP health care bill would slash Medicaid. That is wrong.";;;;"887739356663996416";https://twitter.com/SenatorHeitkamp/status/887739356663996416
SenatorHeitkamp;2017-07-19 14:21;4;3;"Reinforced how GOP health care bill would shatter our trust & treat obligation to provide quality care in Indian Co.https://goo.gl/uPp7VQ";;;;"887739080376758273";https://twitter.com/SenatorHeitkamp/status/887739080376758273
SenatorHeitkamp;2017-07-19 14:19;4;15;"Helped lead call on floor of Senate against efforts in GOP health care bill that would rip away access to affordable care in Indian Co.pic.twitter.com/51b8rYj55H";;;;"887738803594702848";https://twitter.com/SenatorHeitkamp/status/887738803594702848
SenatorHeitkamp;2017-07-19 13:46;8;20;"On @ SquawkCNBC, made the case for Congress to bury the political hatchet, sit down, & get to work on improving our health care systempic.twitter.com/eItu6DUBej";;@;;"887730300398206977";https://twitter.com/SenatorHeitkamp/status/887730300398206977
dicksonrk;2017-07-19 12:08;0;0;"Treaty with feds for healthcare should have nothing to do with ACA. This is another example of the feds not honoring their agreement.";;;;"887705638910013443";https://twitter.com/dicksonrk/status/887705638910013443
GreggHoush;2017-07-19 11:21;0;0;"@ SenatorHeitkamp $765 billion per year lost in US healthcare system. Want to fix healthcare? Maybe start with this https://www.propublica.org/article/the-myth-of-drug-expiration-dates …";;@;;"887693934843047936";https://twitter.com/GreggHoush/status/887693934843047936
IndivisibleFM;2017-07-19 09:18;0;5;"Our thanks to @ SenatorHeitkamp, @ SenJohnHoeven, @ SenFranken, and @ amyklobuchar for saving our access to health care.https://indivisiblefm.com/2017/07/19/todays-action-thank-your-senators/ …";;@ @ @ @;;"887663001028972544";https://twitter.com/IndivisibleFM/status/887663001028972544
aj_NDrancher;2017-07-19 09:00;0;1;"Obamacare was a fail on a large scale for our family. Small town rancher, family's health has to come first.";;;;"887658286643908608";https://twitter.com/aj_NDrancher/status/887658286643908608
unifyusa;2017-07-18 21:32;0;1;". @ SenatorHeitkamp FixUnsustainable&Ineffective # Medicaid n # AHCA # repealobamacare # fullrepeal @ POTUS # pjnetpic.twitter.com/AALLMPVMQA";;@ @;# # # # #;"887485273516285952";https://twitter.com/unifyusa/status/887485273516285952
hiwhojoined;2017-07-18 18:31;1;1;"We are failing our Native American neighbors (IHS is severely underfunded), Medicaid rollback would make it worse, and no one cares.";;;;"887439595016769538";https://twitter.com/hiwhojoined/status/887439595016769538
hiwhojoined;2017-07-18 18:28;1;6;"Sat in the Senate gallery this afternoon and heard @ alfranken, @ SenatorHeitkamp, and @ SenatorTomUdall talk about Native American health care";;@ @ @;;"887439034250907649";https://twitter.com/hiwhojoined/status/887439034250907649
sheilafaye01_g;2017-07-18 17:50;0;1;"# MedicareForAll will provide universal healthcare 4 everyone and put Native Americans on EQUAL healthcare as rest of Americans, wouldn't it?";;;#;"887429439939690496";https://twitter.com/sheilafaye01_g/status/887429439939690496
1956sugarbear;2017-07-18 17:35;0;0;"House and Senate work together pass single payer health care. American people win. trump loses. Take back America";;;;"887425551006285824";https://twitter.com/1956sugarbear/status/887425551006285824
danos215;2017-07-18 17:29;0;0;"They want regular healthcare services just like everyone else. The government agreed to health services in treaties";;;;"887424121910550530";https://twitter.com/danos215/status/887424121910550530
SenGillibrand;2017-07-18 17:05;167;534;". @ SenatorHeitkamp and I discuss how we can end the motherhood penalty through paid family leave and affordable childcare. https://twitter.com/refinery29/status/887061436219916289 …";;@;;"887418048315109376";https://twitter.com/SenGillibrand/status/887418048315109376
SenatorTomUdall;2017-07-18 17:00;4;19;"Thanks to # ACA, Jude was born healthy & happy & Rachael was able to get her master's degree without worrying about her family’s health care";;;#;"887416935276843013";https://twitter.com/SenatorTomUdall/status/887416935276843013
SenatorTomUdall;2017-07-18 17:00;7;17;"# ACA's Medicaid expansion ensured Rachael & Justin from the Pueblo of Laguna in # NM got critical prenatal care during a difficult pregnancypic.twitter.com/ynAPknv2VB";;;# #;"887416864678309888";https://twitter.com/SenatorTomUdall/status/887416864678309888
SenatorTomUdall;2017-07-18 16:59;4;8;"# ACA & Medicaid expansion have made a huge difference: 64% of IHS patients now can receive care above the “life and limb only” level.";;;#;"887416656854646785";https://twitter.com/SenatorTomUdall/status/887416656854646785
FundacionEfrain;2017-07-18 16:46;0;0;"A promise is promise # HealthcareBill @ SenatorTimScott @ SenKamalaHarris @ SenMikeLee @ SenTomCotton @ SenJohnThune @ JeffFlake @ SenatorHeitkamp";;@ @ @ @ @ @ @;#;"887413210231578624";https://twitter.com/FundacionEfrain/status/887413210231578624
dicksonrk;2017-07-18 15:43;0;0;"Respectfully, how many of the tribes wish to exercise sovereign-state status? And they want expensive hlthcare.";;;;"887397535186391040";https://twitter.com/dicksonrk/status/887397535186391040
dicksonrk;2017-07-18 15:41;0;0;"So now that Rachel has a master's degree and a good paying job...she can't afford healthcare... because of the ACA! # repeal";;;#;"887396806660943873";https://twitter.com/dicksonrk/status/887396806660943873
RachelAWood;2017-07-18 15:34;0;1;"What are you and your party doing to help people struggling under the unaffordable prices of Obamacare NOTHING and that's wrong";;;;"887395273739309058";https://twitter.com/RachelAWood/status/887395273739309058
SenatorHeitkamp;2017-07-18 15:32;7;23;"On floor of the Senate, will shine a light on how GOP health care bill would devastate health care in Indian Co. https://goo.gl/N9Lfxw";;;;"887394614226944001";https://twitter.com/SenatorHeitkamp/status/887394614226944001
langlotz1;2017-07-18 15:06;0;1;"Um, we all need universal health care so the gov't can meet our constitution promise of Life Liberty pursuit of Happines Can't LIVE w/out HC";;;;"887388240017338369";https://twitter.com/langlotz1/status/887388240017338369
Lynne__Andrea;2017-07-18 14:08;0;1;"I'm on chapter 46 of your new book. Pls run for president. The country needs a smart honest president who really cares. You";;;;"887373481322655744";https://twitter.com/Lynne__Andrea/status/887373481322655744
The1APeople;2017-07-18 13:58;0;3;"Tribal peoples absolutely deserve a voice on health care, being some of the hardest hit by poverty, drug addiction & low standard of living.";;;;"887370960571166720";https://twitter.com/The1APeople/status/887370960571166720
trolinthebull;2017-07-18 13:55;0;0;"Obamacare will cost you up to $200 a month and u have to pay the first $6000...who can afford the first $6000?";;;;"887370318876225536";https://twitter.com/trolinthebull/status/887370318876225536
emontag;2017-07-18 13:55;0;0;"If you came up with a plan to revise and reinforce the ACA, would you mind, in the end, if they called it Trumpcare?";;;;"887370204921069569";https://twitter.com/emontag/status/887370204921069569
LilyisGolden;2017-07-18 13:53;0;3;"Push for universal healthcare! The time is now! # UniversalHealthCare";;;#;"887369641282203649";https://twitter.com/LilyisGolden/status/887369641282203649
SenFranken;2017-07-18 13:52;136;431;"Tribal leaders shared how ppl in Indian Country have benefitted from ACA, & said they deserve consultation on nat'l health care legislation.pic.twitter.com/mUOQzy4RcR";;;;"887369375925362688";https://twitter.com/SenFranken/status/887369375925362688
SdFiona;2017-07-18 13:50;0;0;"Can Dems come up with fixes to Obamacare and present them to us citizens?";;;;"887369105572904962";https://twitter.com/SdFiona/status/887369105572904962
yamba2016;2017-07-18 13:50;0;0;"Why dont the dems actually have a plan to fix obamacare. Take charge, your sitting back playing with people's lives";;;;"887368888991727616";https://twitter.com/yamba2016/status/887368888991727616
SenFranken;2017-07-18 13:48;120;474;"I joined @ SenatorTomUdall, @ SenatorCantwell, @ SenCortezMasto, @ SenatorTester, @ SenatorHeitkamp, tribal leaders to discuss health care today. pic.twitter.com/3psxBAPsQ9";;@ @ @ @ @;;"887368422107090944";https://twitter.com/SenFranken/status/887368422107090944
tvcoh4;2017-07-18 12:06;0;0;"@ senrobportman @ foxandfriends @ cnnbrk @ SenSherrodBrown @ SenatorHeitkamp @ SenGillibrand # HealthcareBill Adopt Congressional health care plan";;@ @ @ @ @ @;#;"887342900698329088";https://twitter.com/tvcoh4/status/887342900698329088
SamKWEaster;2017-07-18 09:49;0;0;"Two very different perspectives from @ POTUS and @ SenatorHeitkamp on healthcare: pic.twitter.com/L7hMMfExCP";;@ @;;"887308325871865857";https://twitter.com/SamKWEaster/status/887308325871865857
AAUWanneh;2017-07-18 09:43;0;0;"preach @ SenGillibrand @ SenatorHeitkamp - really important convo about paid family and medical leave, childcare, and electing more women https://twitter.com/refinery29/status/887061436219916289 …";;@ @;;"887306714718117889";https://twitter.com/AAUWanneh/status/887306714718117889
tsorbe;2017-07-18 08:46;0;0;"@ SenJohnThune Lead a bipartisan healthcare bill. Now is the time. Work w/ @ SenatorHeitkamp & find a middle ground. Dakota pragmaticism.";;@ @;;"887292465966850049";https://twitter.com/tsorbe/status/887292465966850049
seen50states;2017-07-18 05:59;0;1;"I don't want @ SenatorHeitkamp & @ SenJohnHoeven to repeal Obamacare bc other people's health and well being is important to me.";;@ @;;"887250403636727808";https://twitter.com/seen50states/status/887250403636727808
wafflepop;2017-07-18 05:36;0;0;"This!!! @ SenatorHeitkamp !!!!!!!!!!!!!!!!!!!!!!!!!!!!!!!!!!!!!! # aca # Trumpcare # AHCAKillshttps://twitter.com/nowthisnews/status/885348815934341120 …";;@;# # #;"887244795864727553";https://twitter.com/wafflepop/status/887244795864727553
ChangeSeats;2017-07-17 22:15;0;0;"RT @ SenatorHeitkamp: With bipartisan action, Congress could actually improve health care so it works better for No… http://buff.ly/2uCDYuR";;@;;"887133605415276548";https://twitter.com/ChangeSeats/status/887133605415276548
Jarferama;2017-07-17 21:26;0;1;"medicare for all is the only path forward";;;;"887121384543064064";https://twitter.com/Jarferama/status/887121384543064064
SenatorHeitkamp;2017-07-17 21:23;40;144;"With bipartisan action, Congress could actually improve health care so it works better for North Dakota and the country. Let's get to work.https://twitter.com/AP/status/887111563810930688 …";;;;"887120622056329217";https://twitter.com/SenatorHeitkamp/status/887120622056329217
OpinionatedTim;2017-07-17 19:24;0;0;"Sure, but there needs to be a caucus of 50+, so if they care about things happening, they can joining Dems until things are improved.";;;;"887090711627157505";https://twitter.com/OpinionatedTim/status/887090711627157505
FundacionEfrain;2017-07-17 17:47;0;0;"# HealthcareBill aboutUS not URcareer @ SenJohnThune @ SenatorHeitkamp @ SenRonJohnson @ SenGillibrand @ SenRobPortman @ SenCapito @ SenCoryGardner";;@ @ @ @ @ @ @;#;"887066202056609792";https://twitter.com/FundacionEfrain/status/887066202056609792
b_mullaney;2017-07-17 15:22;0;0;"Insurance is NOT health care. Its most often an obstacle to health care. Stop equating the 2! 2nd No such thing as clean coal";;;;"887029724920283137";https://twitter.com/b_mullaney/status/887029724920283137
b_mullaney;2017-07-17 15:20;0;0;"This has zero to do w healthcare. And let's call it what it is. Congress us trying to shove thru s bill 2 benefit insurance companies";;;;"887029334522953728";https://twitter.com/b_mullaney/status/887029334522953728
dogoodthings77;2017-07-17 11:25;0;0;"Yeah, that Obama guy ruined our health care and Dems helped that happen.";;;;"886969999423918080";https://twitter.com/dogoodthings77/status/886969999423918080
Health4AllND;2017-07-17 10:45;0;0;"# ND families can't afford to pay more in health care, lose health care and lose Medicaid funding. Vote no @ SenatorHeitkamp & @ SenJohnHoeven!pic.twitter.com/9eeBpRu2Qu";;@ @;#;"886960002619060224";https://twitter.com/Health4AllND/status/886960002619060224
1loveinme;2017-07-17 09:22;1;0;"Americans are now the Democrats because they will not lift a finger to help us get good health care shame on you";;;;"886939204311146497";https://twitter.com/1loveinme/status/886939204311146497
unifyusa;2017-07-16 21:31;0;0;". @ SenatorHeitkamp FixUnsustainable&Ineffective # Medicaid n # AHCA # repealobamacare # fullrepeal @ POTUS # pjnetpic.twitter.com/AALLMPVMQA";;@ @;# # # # #;"886760251399196672";https://twitter.com/unifyusa/status/886760251399196672
KareneRD;2017-07-16 21:14;0;0;"Thank you for getting the word out. Not many options other than fewer in care, less care, # WorseCare We can do better";;;#;"886755859598110720";https://twitter.com/KareneRD/status/886755859598110720
IamZen05;2017-07-16 20:24;0;0;"@ TheDemocrats @ SenatorHeitkamp Don't believe scare tactics. Wait and see before mouthing off!";;@ @;;"886743479128379394";https://twitter.com/IamZen05/status/886743479128379394
tsw89;2017-07-16 18:58;0;0;"So true!!! Trump and GOP have turn this into a political agenda instead of medical care for the people!";;;;"886721673914761216";https://twitter.com/tsw89/status/886721673914761216
LindaPi98833415;2017-07-16 18:31;0;0;"She's right, but Dems r just as much to blame, when O care is failing & their still saying it's great HC you know it's about Obama legacy.";;;;"886714853762707461";https://twitter.com/LindaPi98833415/status/886714853762707461
PoliticalJudo;2017-07-16 18:04;0;0;"Unless you're advocating for universal healthcare, you're playing politics too. Sick of these hypocrites.";;;;"886708098160832512";https://twitter.com/PoliticalJudo/status/886708098160832512
democ15;2017-07-16 17:55;0;0;"So pass Single-payer aka Universal Healthcare and move on. @ SenateDems";;@;;"886705969237041152";https://twitter.com/democ15/status/886705969237041152
clivesmom;2017-07-16 17:48;0;0;"@ SenatorHeitkamp Thank you, Sen. Heitkamp!! Can you hear this @ SenCapito @ SenJohnMcCain ? (Btw get well soon) # healthcareforallhttps://twitter.com/nowthisnews/status/885154536419016704 …";;@ @ @;#;"886703999033921536";https://twitter.com/clivesmom/status/886703999033921536
JerJerrybrown;2017-07-16 17:26;1;4;"This latest health care bill is more extremely horrible then Trump. A huge part is that it eliminates Medicaid.";;;;"886698532278861824";https://twitter.com/JerJerrybrown/status/886698532278861824
DeannaE69447089;2017-07-16 17:24;1;2;"We are scared, angry,frustrated and these politicians are only concern with how much money their linings their pockets!";;;;"886697998041874432";https://twitter.com/DeannaE69447089/status/886697998041874432
goldngater;2017-07-16 17:23;4;5;"Thank you, @ SenatorHeitkamp, for standing up for # HealthcareNotWealthcare. # NoBCA # SaveACA # SaveMedicaid # ResistGOPCare # UniteBlue # LibCribhttps://twitter.com/nowthisnews/status/885154536419016704 …";;@;# # # # # # #;"886697899723112449";https://twitter.com/goldngater/status/886697899723112449
BDLyman;2017-07-16 15:56;0;2;"Start the viable future of your constituents by voting no on wealthcare! They need you to protect them.";;;;"886675956034883585";https://twitter.com/BDLyman/status/886675956034883585
CaliLiliIndies;2017-07-16 11:53;0;0;"Retweeted NowThis ( @ nowthisnews): 'Health care has been about politics and not health care' - @ SenatorHeitkamp... http://fb.me/7tuljvwXm";;@ @;;"886614661503889409";https://twitter.com/CaliLiliIndies/status/886614661503889409
Billepstein1;2017-07-16 09:31;0;0;"I am sure u are working hard to make sure all non americans are receiving free top notch health care! Wake up people she is ruining us!";;;;"886578999845150720";https://twitter.com/Billepstein1/status/886578999845150720
PortiaABoulger;2017-07-16 09:23;0;1;"Very easy. Just vote no answer say yes to Medicare for all.";;;;"886577111376547841";https://twitter.com/PortiaABoulger/status/886577111376547841
DeplorableJus;2017-07-16 04:53;2;2;"Liberals don't care about blacks # DemExit # DemShutdown @ SenatorHeitkamp @ RepRonKind @NancyPelosi Failed schools enslaving blacks. # magahttps://twitter.com/MCAVioletflamr/status/886506078204297216 …";;@ @ @NancyPelosi;# # #;"886508995166392320";https://twitter.com/DeplorableJus/status/886508995166392320
LarryDanduran;2017-07-15 17:51;0;0;"Heidi when ru going to govern with solutions and not emotions? Obamacare was a horrible corrupt idea and we need relief from the mandates.";;;;"886342440336191489";https://twitter.com/LarryDanduran/status/886342440336191489
pat_kennedy2000;2017-07-15 16:54;0;0;"Here's a bipartisan solution you should be pushing. Repeal Obamacare was just a stepping stone to single payer";;;;"886328056012570625";https://twitter.com/pat_kennedy2000/status/886328056012570625
LarryDanduran;2017-07-15 16:53;0;0;"If she doesn't straighten up she won't get re-elected, I don't care how much $ she spends. She got 2 trying 2 play both sides of the fence";;;;"886327891675545600";https://twitter.com/LarryDanduran/status/886327891675545600
LarryDanduran;2017-07-15 16:40;0;0;"Sure thing Heidi, I see ur concentrating hard on healthcare, boarder security & our budget. What's w/this tweet? Give us something Heidi!";;;;"886324513360809984";https://twitter.com/LarryDanduran/status/886324513360809984
POSMcGlone;2017-07-15 14:05;0;1;"The true issues of healthcare is the Federal government needs to stay out of it.";;;;"886285555968987136";https://twitter.com/POSMcGlone/status/886285555968987136
erik6816;2017-07-15 02:15;3;2;". @ SenToddYoung @ SenatorHeitkamp nailed it exactly. Healthcare has been abt politics, not healthcare. We ARE afraid and angry. # SaveMedicaidhttps://twitter.com/im_theantitrump/status/885301310035251200 …";;@ @;#;"886106976031309825";https://twitter.com/erik6816/status/886106976031309825
ValOpps1;2017-07-14 21:58;0;0;"If we have to lose Obamacare, can we trade it for single payer for those under 18? Insuring every child in the nation would be win for all.";;;;"886042148310847488";https://twitter.com/ValOpps1/status/886042148310847488
MissSusie66;2017-07-14 20:55;0;1;"Blue Cross is the biggest healthcare provider in North Dakota even they are against this bill. @ SenatorHeitkamp @ SenJohnHoeven # SaveOurCarehttps://twitter.com/joyannreid/status/886023696724492288 …";;@ @;#;"886026508426457089";https://twitter.com/MissSusie66/status/886026508426457089
unifyusa;2017-07-14 20:47;2;2;". @ SenatorHeitkamp FixUnsustainable&Ineffective # Medicaid n # AHCA # repealobamacare # fullrepeal @ POTUS # pjnetpic.twitter.com/AALLMPVMQA";;@ @;# # # # #;"886024394429968385";https://twitter.com/unifyusa/status/886024394429968385
marciadenis1;2017-07-14 19:53;0;0;"I guess so. We're moving into their "alternate reality" and I'm scared. @ SenateDems @ SenJohnHoeven @ SenateGOP @ SenatorHeitkamp WAKE UP!!!! https://twitter.com/DearAuntCrabby/status/886009469326569472 …";;@ @ @ @;;"886010728615903232";https://twitter.com/marciadenis1/status/886010728615903232
mcborge;2017-07-14 18:19;0;1;"Agree 100%. Heidi will never even mention # MedicareForAll to busy blah blahing about bipartisanship";;;#;"885987262168784898";https://twitter.com/mcborge/status/885987262168784898
TJFisher15;2017-07-14 17:46;0;0;"@ SenJohnHoeven @ SenatorHeitkamp not ONE single child deserves to go without the services and care they need! This is UNACCEPTABLE! # VoteNohttps://twitter.com/autismvotes/status/885922342152445952 …";;@ @;#;"885978770028580868";https://twitter.com/TJFisher15/status/885978770028580868
safemanusa;2017-07-14 17:28;7;11;"The only fix is # MedicareForAll!pic.twitter.com/LEk3o6cURW";;;#;"885974288146329601";https://twitter.com/safemanusa/status/885974288146329601
GrassrootsJill;2017-07-14 17:23;1;1;"The leadership is ---> @ SenSanders & support the bill majority Americans want # MedicareForAll . Where do u stand on it? . @ People4Bernie";;@ @;#;"885973060741984260";https://twitter.com/GrassrootsJill/status/885973060741984260
GrassrootsJill;2017-07-14 17:21;5;12;"Common sense solution isn't difficult. It's # MedicareForAll & majority of Americans want it";;;#;"885972597523001346";https://twitter.com/GrassrootsJill/status/885972597523001346
amyklobuchar;2017-07-14 15:58;81;396;"Was good to be on the Senate floor with @ SenatorShaheen and @ SenatorHeitkamp talking about bipartisan solutions for healthcare. https://twitter.com/SenatorShaheen/status/885569379609567234 …";;@ @;;"885951652838207488";https://twitter.com/amyklobuchar/status/885951652838207488
ToddRoth1;2017-07-14 14:42;0;0;"When will health care NOT have your doctor is t in your plan. Restrictions don't help anyone. # healthcare";;;#;"885932432842739713";https://twitter.com/ToddRoth1/status/885932432842739713
SenatorHeitkamp;2017-07-14 14:24;43;126;"Congress can work together to find real, commonsense solutions to fix our health care system if it really wants to, and that's my goalpic.twitter.com/rjAHs6XaRs";;;;"885928121047932928";https://twitter.com/SenatorHeitkamp/status/885928121047932928
NewHaven1644;2017-07-14 14:04;0;0;"@ SenatorHeitkamp Please don't take away affordable healthcare. pic.twitter.com/L9TSUHrg7g";;@;;"885923027493335040";https://twitter.com/NewHaven1644/status/885923027493335040
CarenleeB;2017-07-14 13:56;1;1;"@ SenatorHeitkamp Thank you for your commitment to a bipartisan solution for ND citizens! # ProtectOurCareNDhttps://twitter.com/carenleeb/status/885888135355400193 …";;@;#;"885920859399086080";https://twitter.com/CarenleeB/status/885920859399086080
DrJoeBentivegna;2017-07-14 13:11;0;0;"@ SenatorBurr @ SenThomTillis @ ThomTillis @ SenatorHeitkamp @ SenJohnHoeven # HealthcareBillhttps://www.youtube.com/watch?v=QQTX0DWonbE&t=16s …";;@ @ @ @ @;#;"885909738780852224";https://twitter.com/DrJoeBentivegna/status/885909738780852224
MLB37167;2017-07-14 12:00;0;0;"@ POTUS supporters will b grateful if u have the courage to support the R health care bill. It is an improvement over the current situation.";;@;;"885891805979586565";https://twitter.com/MLB37167/status/885891805979586565
YvetteKopp;2017-07-14 11:25;1;1;"Oh, and Aetna paid McConnell almost a million dollars to destroy Obamacare. Chew on that. http://www.deathandtaxesmag.com/335456/insurance-pharmaceutical-lobbyists-gave-13-senators-2776012-to-repeal-obamacare/ …";;;;"885882861152284672";https://twitter.com/YvetteKopp/status/885882861152284672
YvetteKopp;2017-07-14 11:14;0;0;"Thank you. I am following you now. @ JohnCornyn and @ SenTedCruz are raking in money from healthcare lobbyists.";;@ @;;"885880304854073344";https://twitter.com/YvetteKopp/status/885880304854073344
sundogND;2017-07-14 06:52;0;1;"Fix ACA,no repeal.No closed door healthcare meetings. Replace Washington obstructionists--McConnell,Paul,Trump ,Sessions!";;;;"885814182603567104";https://twitter.com/sundogND/status/885814182603567104
ChangeSeats;2017-07-13 23:26;0;0;"RT @ SenatorHeitkamp: Again today, I went to the Senate floor to call 4 bipartisan approach to fixing health care s… http://buff.ly/2tNV1IM";;@;;"885701893699248129";https://twitter.com/ChangeSeats/status/885701893699248129
ChangeSeats;2017-07-13 23:20;0;0;"RT @ SenatorHeitkamp: Updated GOP health care bill isn't any better than b4. It's time Congress makes health care a… http://buff.ly/2tRwocF";;@;;"885700389735202818";https://twitter.com/ChangeSeats/status/885700389735202818
ChangeSeats;2017-07-13 23:18;0;0;"RT @ SenatorHeitkamp: When it comes to health care, Congress needs to park partisanship at the door, work together, & do what we were sent h…";;@;;"885699881255542784";https://twitter.com/ChangeSeats/status/885699881255542784
CarenleeB;2017-07-13 21:45;0;2;"@ SenJohnHoeven @ SenatorHeitkamp Civil & informative Rally for Health Care tonight. Beautiful summer evening, Grand Forks! # ProtectOurCareNDhttps://twitter.com/carenleeb/status/885644895385526272 …";;@ @;#;"885676480453365760";https://twitter.com/CarenleeB/status/885676480453365760
midge219;2017-07-13 21:38;0;0;"@ SenatorHeitkamp https://www.americamagazine.org/politics-society/2017/07/10/senators-did-you-come-washington-take-health-care-sick-and-food-hungry …";;@;;"885674759035408385";https://twitter.com/midge219/status/885674759035408385
TeachCoachGrow;2017-07-13 21:01;0;0;"@ SenatorHeitkamp I appreciated hearing you address healthcare today as I watched C-SPAN. Your voice is needed.";;@;;"885665622767656960";https://twitter.com/TeachCoachGrow/status/885665622767656960
sarahal15586515;2017-07-13 20:57;0;0;"@ SenatorHeitkamp Want to help the cost of Medical care...lay off the potatoes. # senatefloor";;@;#;"885664492083978240";https://twitter.com/sarahal15586515/status/885664492083978240
kimberlyann274;2017-07-13 20:55;0;0;"@ SenatorHeitkamp Watching you # holdthefloor right now! Thank you for fighting for healthcare for ALL Americans!";;@;#;"885663944718905346";https://twitter.com/kimberlyann274/status/885663944718905346
DoniaQueResist;2017-07-13 20:48;0;1;"Take care of Americans";;;;"885662334944989186";https://twitter.com/DoniaQueResist/status/885662334944989186
PapaMillz1;2017-07-13 20:23;0;2;"Why can't we have free market healthcare, and buy the insurance WE want across state lines.";;;;"885656057082781696";https://twitter.com/PapaMillz1/status/885656057082781696
RitaBway2B;2017-07-13 20:17;0;0;"@ SenatorHeitkamp I want your health care plan.";;@;;"885654435728420864";https://twitter.com/RitaBway2B/status/885654435728420864
lataylor2;2017-07-13 19:43;0;2;"Thank you Senator. Ordinary Americans just want access to affordable, decent healthcare. It feels like the GOP is at war against us.";;;;"885645972071735296";https://twitter.com/lataylor2/status/885645972071735296
troyiam;2017-07-13 19:26;0;0;"Not just limited to healthcare, but especially when it comes to healthcare.";;;;"885641652777484288";https://twitter.com/troyiam/status/885641652777484288
sm00_smith;2017-07-13 19:05;0;0;"@ SenatorHeitkamp sure will be glad when you get in there and fix this mess you and fellow dems voted for and supported Obamacare";;@;;"885636432034975744";https://twitter.com/sm00_smith/status/885636432034975744
spacey70;2017-07-13 18:44;0;0;"Way to go @ SenatorHeitkamp today. # Healthcare isn't about political promises it's about Americans # StrongerTogether";;@;# #;"885631148969398276";https://twitter.com/spacey70/status/885631148969398276
ericmessick;2017-07-13 18:33;0;0;"@ SenatorHeitkamp doing a great Job talking about # Healthcare on @ cspan 2. She's talking about it as a # business, what republicans understand";;@ @;# #;"885628288424710145";https://twitter.com/ericmessick/status/885628288424710145
SenatorHeitkamp;2017-07-13 18:03;11;46;"Again today, I went to the Senate floor to call 4 bipartisan approach to fixing health care system. I won't give uphttps://goo.gl/Xeqa7D";;;;"885620669723140097";https://twitter.com/SenatorHeitkamp/status/885620669723140097
SenatorHeitkamp;2017-07-13 18:01;24;69;"Updated GOP health care bill isn't any better than b4. It's time Congress makes health care about people & comes together to find solutionspic.twitter.com/5nEBFAhx2s";;;;"885620340986183680";https://twitter.com/SenatorHeitkamp/status/885620340986183680
SenatorHeitkamp;2017-07-13 18:00;23;100;"When it comes to health care, Congress needs to park partisanship at the door, work together, & do what we were sent here to do – lead.";;;;"885619939905855490";https://twitter.com/SenatorHeitkamp/status/885619939905855490
shessowonderful;2017-07-13 15:45;0;0;"@ SenateDems @ SenatorHeitkamp Until private insurance becomes affordable to everyone, healthcare will ALWAYS be about politics.";;@ @;;"885585922976342017";https://twitter.com/shessowonderful/status/885585922976342017
jglinville;2017-07-13 15:22;0;0;"@ SenatorHeitkamp Great moment on the Senate floor speaking about transparency and healthcare. No politics, just representing people.";;@;;"885580171557949440";https://twitter.com/jglinville/status/885580171557949440
williamjmaher;2017-07-13 15:18;0;0;"@ SenatorHeitkamp asking great question about where preventative medicine is in the # HealthcareBill";;@;#;"885579241215188994";https://twitter.com/williamjmaher/status/885579241215188994
gale5683102891;2017-07-13 15:13;0;0;"@ SenatorHeitkamp Let's catch up to the rest of the world & go to single payer medicare for all! Listen to the people, it is what WE want!";;@;;"885577996492558336";https://twitter.com/gale5683102891/status/885577996492558336
mmadiganauthor;2017-07-13 15:02;0;0;"@ SenJohnHoeven and @ SenatorHeitkamp I hope you're both still opposed to the unimproved # trumpcare train wreck. ND needs you to say no.";;@ @;#;"885575141392080896";https://twitter.com/mmadiganauthor/status/885575141392080896
allen1006;2017-07-13 14:57;0;0;"@ SenatorHeitkamp show us where the democRATS allowed Republican input on oscare bfore passing it the dark of night without ANYONE reading it";;@;;"885573883427946500";https://twitter.com/allen1006/status/885573883427946500
DRRose5;2017-07-13 14:56;0;0;"@ SenatorHeitkamp Eloquent speech on healthcare. Please keep fighting the good fight. Thank you.";;@;;"885573711755190273";https://twitter.com/DRRose5/status/885573711755190273
HybridVigorUS;2017-07-13 14:55;1;1;". @ SenatorHeitkamp is giving a great speech on bipartisanship, & criticizing # trumpcare.";;@;#;"885573318660771840";https://twitter.com/HybridVigorUS/status/885573318660771840
kendoesntcare;2017-07-13 13:21;0;1;"Jon Ossoff would have been exactly like these failures, and the Dem establishment spent millions on his loss.";;;;"885549876376895488";https://twitter.com/kendoesntcare/status/885549876376895488
Dreams4aliving;2017-07-13 08:24;0;1;"Thank you, Senator Heitkamp, for taking a stand. Americans are scared of this bill, and for good reason.";;;;"885475049934815232";https://twitter.com/Dreams4aliving/status/885475049934815232
danoc214;2017-07-13 05:57;4;3;"Republicans only care about cutting the cost of health care to give the savings to the ultra rich in the form of tax cuts.";;;;"885437899579240448";https://twitter.com/danoc214/status/885437899579240448
samrad67;2017-07-13 05:17;0;2;"Why dont they just scrap the insurance they have to have for healthcare and have a national system that guarantees healthcare for all !";;;;"885428050250391554";https://twitter.com/samrad67/status/885428050250391554
GeorgeP62462308;2017-07-13 02:13;0;0;"give all the power to dems and u still would not have single payer health care u understand that.";;;;"885381630956797952";https://twitter.com/GeorgeP62462308/status/885381630956797952
andrebretonic;2017-07-13 02:01;0;1;"@ lisamurkowski @ SenDeanHeller @ SenatorHeitkamp @ SenJohnMcCain @ SenTedCruz @ SenCapito BCRA:Losing healthcare, losing jobs, tanking economyhttps://twitter.com/demin240/status/878395204432220164 …";;@ @ @ @ @ @;;"885378734089535489";https://twitter.com/andrebretonic/status/885378734089535489
ktea11;2017-07-13 01:04;0;2;"It seems like a woman democrat is the only one who cares about the American people & their needs for good healthcare.Are U listening Repubs?";;;;"885364192680828928";https://twitter.com/ktea11/status/885364192680828928
smokedmartini1;2017-07-13 00:55;0;0;"How government solved the healthcare crisis. https://youtu.be/fFoXyFmmGBQ";;;;"885361985537298432";https://twitter.com/smokedmartini1/status/885361985537298432
smokedmartini1;2017-07-13 00:53;0;1;"Why is healthcare so expensive?https://youtu.be/gBxROPwxtwE";;;;"885361643093319681";https://twitter.com/smokedmartini1/status/885361643093319681
smokedmartini1;2017-07-13 00:52;0;0;"Government run healthcare inefficiency https://youtu.be/VCU1JQzvoyM";;;;"885361367607255041";https://twitter.com/smokedmartini1/status/885361367607255041
riotwomennn;2017-07-13 00:51;4;6;"'Health care has been about politics and not health care' - @ SenatorHeitkamp explains why Americans are so angry pic.twitter.com/10wTr2BnA1";;@;;"885360952916443136";https://twitter.com/riotwomennn/status/885360952916443136
ChangeSeats;2017-07-13 00:24;0;0;"RT @ SenatorHeitkamp: Lisa Rask & her family came to DC talking about how the Senate GOP health care bill would imp… http://buff.ly/2ufPRWP";;@;;"885354098937266176";https://twitter.com/ChangeSeats/status/885354098937266176
ts19001;2017-07-13 00:09;0;1;"Why would she care??!! She's a Dem. I am stuck with the stinkin' Obama Care that I'm being priced out of - but all the Dems do is obstruct!!";;;;"885350353587372032";https://twitter.com/ts19001/status/885350353587372032
thaitvnews;2017-07-13 00:06;0;0;"nowthisnews: 'Health care has been about politics and not health care' - SenatorHeitkamp explains why Americans ar… pic.twitter.com/47spmELFcl";;;;"885349605067640832";https://twitter.com/thaitvnews/status/885349605067640832
nowthisnews;2017-07-13 00:03;407;670;"'Health care has been about politics and not health care' - @ SenatorHeitkamp explains why Americans are so angry pic.twitter.com/QkwBP0xdd3";;@;;"885348815934341120";https://twitter.com/nowthisnews/status/885348815934341120
kickstart526;2017-07-12 22:38;0;1;"2016 Obamacare enrollment numbers (as 02/2016) is 12.7m If Correct, how could the Dems say 23m will lose coverage?";;;;"885327544282689537";https://twitter.com/kickstart526/status/885327544282689537
RonaldWhetzel;2017-07-12 21:05;0;0;"It appears you may be a deciding vote rather we have death care or health care. McConnell is promising crumbs to betray 1000s of WVians.";;;;"885304108738945024";https://twitter.com/RonaldWhetzel/status/885304108738945024
FedNet;2017-07-12 21:01;0;0;"VIDEO: @ SenatorHeitkamp, @ SenatorMenendez, @ SenatorShaheen, @ alfranken argue against GOP # healthcarebill - http://bit.ly/2tFxCcF";;@ @ @ @;#;"885303010792017921";https://twitter.com/FedNet/status/885303010792017921
Im_TheAntiTrump;2017-07-12 20:54;317;402;"'Health care has been about politics & not health care' — @ SenatorHeitkamp explains why Americans are so angry pic.twitter.com/2mV5OGvkBA";;@;;"885301310035251200";https://twitter.com/Im_TheAntiTrump/status/885301310035251200
unifyusa;2017-07-12 20:31;0;0;". @ SenatorHeitkamp FixUnsustainable&Ineffective # Medicaid n # AHCA # repealobamacare # fullrepeal @ POTUS # pjnetpic.twitter.com/AALLMPVMQA";;@ @;# # # # #;"885295600631029760";https://twitter.com/unifyusa/status/885295600631029760
VickiJo95367827;2017-07-12 19:27;1;2;"Get business out of our government & out of our healthcare.";;;;"885279580864598017";https://twitter.com/VickiJo95367827/status/885279580864598017
SenatorHeitkamp;2017-07-12 18:50;9;25;"Lisa Rask & her family came to DC talking about how the Senate GOP health care bill would impact their son w/diabetespic.twitter.com/xiWl3OSbmg";;;;"885270047064600576";https://twitter.com/SenatorHeitkamp/status/885270047064600576
joegewe;2017-07-12 18:23;0;0;"http://www.rgj.com/story/news/2017/06/28/breaking-prominence-stop-offering-nevada-obamacare-plans-january/436730001/ …";;;;"885263463316049921";https://twitter.com/joegewe/status/885263463316049921
RobinMF;2017-07-12 17:50;0;0;"@ SenatorHeitkamp Thank you for your healthcare speech asking republicans to the table.";;@;;"885255010073890816";https://twitter.com/RobinMF/status/885255010073890816
OkChocta;2017-07-12 17:39;2;1;"Americans are angry that 800 billion is being stripped from Obamacare, while Trump tries to gag the Press and pass a death care bill.";;;;"885252325954260992";https://twitter.com/OkChocta/status/885252325954260992
SundevilSal;2017-07-12 17:34;0;0;"True - Blame Obama for lying over and over to pass the failure we all call # Obamacare";;;#;"885251158251536385";https://twitter.com/SundevilSal/status/885251158251536385
dickinsonian;2017-07-12 17:32;0;0;"@ SenatorHeitkamp Love your approach to healthcare vs politics! Seems the women in the senate including @ SenatorCollins are speaking up! YAY!";;@ @;;"885250550475792384";https://twitter.com/dickinsonian/status/885250550475792384
willpolitking;2017-07-12 16:01;1;4;"I'm from West Virginia please don't let them take our healthcare!";;;;"885227725744730116";https://twitter.com/willpolitking/status/885227725744730116
FundacionEfrain;2017-07-12 15:10;0;0;"# Bipartisan # HealthcareBill @ SenMikeLee @ SenTomCotton @ SenJohnThune @ JeffFlake @ SenatorHeitkamp @ SenRonJohnson @ SenGillibrand @ SenCapitohttps://twitter.com/vickievignon/status/879470746577362944 …";;@ @ @ @ @ @ @ @;# #;"885214923982241794";https://twitter.com/FundacionEfrain/status/885214923982241794
SangeetGeek;2017-07-12 14:36;0;0;"Heidi Heitkamp could care less about the environment or coal to be honest. Cravenly lining campaign chest and maybe her own pockets too";;;;"885206332474654720";https://twitter.com/SangeetGeek/status/885206332474654720
diorlv800;2017-07-12 13:19;0;2;"people are scared...";;;;"885186983475261443";https://twitter.com/diorlv800/status/885186983475261443
Tessa_Gould;2017-07-12 12:16;9;22;"Thank you @ SenatorHeitkamp for bringing this debate back to reality. Let's talk about the issue not play politics with families’ health care https://twitter.com/nowthisnews/status/885154536419016704 …";;@;;"885170979265282048";https://twitter.com/Tessa_Gould/status/885170979265282048
ChangeSeats;2017-07-12 12:01;0;0;"RT @ SenatorHeitkamp: RT @ nowthisnews: 'Health care has been about politics and not health care' — @ SenatorHeitkamp… http://buff.ly/2uR1mBH";;@ @ @;;"885167167066566656";https://twitter.com/ChangeSeats/status/885167167066566656
rjkrings;2017-07-12 11:39;0;12;""For far too long health care has been about politics and not health care." Simple and spot on. Thank you @ SenatorHeitkamp. https://twitter.com/nowthisnews/status/885154536419016704 …";;@;;"885161726055985152";https://twitter.com/rjkrings/status/885161726055985152
FundacionEfrain;2017-07-12 11:17;0;0;"# HealthcareBill not chess match_politics as usual @ SenJohnThune @ JeffFlake @ SenatorHeitkamp @ SenRonJohnson @ SenGillibrand @ SenRobPortman";;@ @ @ @ @ @;#;"885156216657391617";https://twitter.com/FundacionEfrain/status/885156216657391617
thaitvnews;2017-07-12 11:12;0;0;"nowthisnews: 'Health care has been about politics and not health care' — SenatorHeitkamp explains why Americans ar… pic.twitter.com/XMWmYzNDRA";;;;"885154893010436098";https://twitter.com/thaitvnews/status/885154893010436098
nowthisnews;2017-07-12 11:11;582;1010;"'Health care has been about politics and not health care' — @ SenatorHeitkamp explains why Americans are so angry pic.twitter.com/jgeAUhmg8C";;@;;"885154536419016704";https://twitter.com/nowthisnews/status/885154536419016704
TOSFALLA3;2017-07-12 10:54;0;0;"Obamacare ( = Obamatax ) is the largest tax increase in history.";;;;"885150358485520384";https://twitter.com/TOSFALLA3/status/885150358485520384
FedNet;2017-07-12 08:46;0;0;"Anger, madness, fear over # healthcare politics - @ SenatorHeitkamp pic.twitter.com/9QzkEa7QtA";;@;#;"885118118967730176";https://twitter.com/FedNet/status/885118118967730176
Gramnan6;2017-07-11 20:37;0;0;"@ SenatorHeitkamp it's offensive to my 90 year old grandma and my eight year old son was Obamacare and no doctor and you don't care";;@;;"884934707174973441";https://twitter.com/Gramnan6/status/884934707174973441
Gramnan6;2017-07-11 20:36;0;0;"@ SenatorHeitkamp these kids and grandparents have Obamacare but the doctors refused to accept it because they said no more and cut us off..";;@;;"884934538480242692";https://twitter.com/Gramnan6/status/884934538480242692
Gramnan6;2017-07-11 20:34;0;0;"@ SenatorHeitkamp to show that you are not showing both sides with your name listed remember you been around Obamacare longer than Trump";;@;;"884933885993271296";https://twitter.com/Gramnan6/status/884933885993271296
Gramnan6;2017-07-11 20:32;0;0;"@ SenatorHeitkamp Obamacare but you don't report they have no doctors to use my son very ill and I pay Obamacare better way so don't claim..";;@;;"884933476490907650";https://twitter.com/Gramnan6/status/884933476490907650
Gramnan6;2017-07-11 20:29;0;0;"@ SenatorHeitkamp why aren't you showing like my child those of us who pay Obamacare no more doctors in my area for my son .";;@;;"884932619938308096";https://twitter.com/Gramnan6/status/884932619938308096
Gramnan6;2017-07-11 20:26;0;0;"@ SenatorHeitkamp I'm sending a picture to the Senate of my very sickly child we pay Obamacare and our doctors has quit Obamacare";;@;;"884931922022940672";https://twitter.com/Gramnan6/status/884931922022940672
FedNet;2017-07-11 14:50;0;0;"@ SenatorHeitkamp - "For far too long, # healthcare has been about politics and not about health care." http://bit.ly/2tFxCcF";;@;#;"884847261829804032";https://twitter.com/FedNet/status/884847261829804032
redhead1derND;2017-07-10 22:00;0;0;"@ SenatorHeitkamp Thank you to your staffer Cora for taking time to call me back to discuss Healthcare reform";;@;;"884593101389660161";https://twitter.com/redhead1derND/status/884593101389660161
PanacheUS;2017-07-10 21:05;1;1;"Kudos Ms. IndivisibleHow bout a trip to the Senate this wk- help Dems protect our Hlthcare- push back on McConnell";;;;"884579295523459073";https://twitter.com/PanacheUS/status/884579295523459073
unifyusa;2017-07-10 20:07;1;0;". @ SenatorHeitkamp FixUnsustainable&Ineffective # Medicaid n # AHCA # repealobamacare # fullrepeal @ POTUS # pjnetpic.twitter.com/AALLMPVMQA";;@ @;# # # # #;"884564780890992641";https://twitter.com/unifyusa/status/884564780890992641
Joey_Peltier;2017-07-10 13:08;0;0;"ND wants the single payer health care plan we are not just fighting the GOP health care plan and we have a candidate that supports it!";;;;"884459447455805440";https://twitter.com/Joey_Peltier/status/884459447455805440
Joey_Peltier;2017-07-10 12:39;0;0;"I see you out and about speaking against the GOP health care plan. Thank You. Yet we also need health care as a right and not a good!";;;;"884452151841443846";https://twitter.com/Joey_Peltier/status/884452151841443846
Health4AllND;2017-07-10 12:26;0;0;"Wow! # ND would see 138% more uninsured under # Trumpcare. Thank you @ SenatorHeitkamp & @ SenJohnHoeven for saying no.http://talkingpointsmemo.com/dc/7-charts-on-senate-aca-repeal?utm_content=buffer3caca&utm_medium=social&utm_source=twitter.com&utm_campaign=buffer …";;@ @;# #;"884448840534904835";https://twitter.com/Health4AllND/status/884448840534904835
ndrrcjs;2017-07-10 11:28;0;0;"@ SenatorHeitkamp let the states decide what to do with health care we in nd know what nders need not Washington special interest want # pca";;@;#;"884434074286292996";https://twitter.com/ndrrcjs/status/884434074286292996
ndrrcjs;2017-07-10 11:26;0;0;"@ SenatorHeitkamp you and other Dems need to get on the Patient Care Act now and get the healthcare power back to the Patients not wash gov";;@;;"884433752310599680";https://twitter.com/ndrrcjs/status/884433752310599680
sweeneytime;2017-07-10 11:18;0;0;"@ SenatorCollins @ SenatorHeitkamp colleagues are trying to do you in. Keep fighting for all and not the special interest. # HealthcareBill";;@ @;#;"884431533066596354";https://twitter.com/sweeneytime/status/884431533066596354
kao2127;2017-07-10 10:54;0;0;"Too much silence from leaders https://www.minotdailynews.com/opinion/community-columnists/2017/07/north-dakota-and-the-healthcare-debate-too-much-silence-from-our-leaders/ … # KeepKidsCovered @ SenatorHeitkamp @ SenJohnHoeven @RepKevinCramer @ DougBurgum @ AAPNews";;@ @ @RepKevinCramer @ @;#;"884425579721891841";https://twitter.com/kao2127/status/884425579721891841
kao2127;2017-07-10 10:34;0;0;"ND and the healthcare debate: Too much silence from our leaders @ SenatorHeitkamp @ SenJohnHoeven @RepKevinCramer @ DougBurgum # KeepKidsCovered";;@ @ @RepKevinCramer @;#;"884420602412630016";https://twitter.com/kao2127/status/884420602412630016
Opadnil;2017-07-10 09:49;0;0;"Do you really think when MT has greater control over how Medicaid is spent that it will cut off care for this kid?";;;;"884409304589250560";https://twitter.com/Opadnil/status/884409304589250560
pete009;2017-07-09 18:41;0;0;"Please try to work across the isle to make sure all americans have the health care they deserve thank you";;;;"884180661380104192";https://twitter.com/pete009/status/884180661380104192
thegarethpetsch;2017-07-09 17:09;0;1;"Question is why would a working age healthy family "rely" on Medicaid? It's wasn't set up as a career, was meant to be a back up plan.";;;;"884157621053292544";https://twitter.com/thegarethpetsch/status/884157621053292544
ChangeSeats;2017-07-09 16:42;0;0;"RT @ SenatorHeitkamp: Matthew & Jenny in Williston rely on Medicaid - which Senate GOP health care bill would cut -… http://buff.ly/2uZakvV";;@;;"884150676280025089";https://twitter.com/ChangeSeats/status/884150676280025089
SenatorHeitkamp;2017-07-09 16:16;12;28;"Matthew & Jenny in Williston rely on Medicaid - which Senate GOP health care bill would cut - to make sure their son gets the care he needspic.twitter.com/PXnFp7Y8hY";;;;"884144132209295361";https://twitter.com/SenatorHeitkamp/status/884144132209295361
TheChappedHide;2017-07-08 20:33;0;0;"And? Seniors are on Medicare. Some states pay Part B premium. If the State doesn't, they pay $134 per month.";;;;"883846570009088002";https://twitter.com/TheChappedHide/status/883846570009088002
unifyusa;2017-07-08 19:15;0;0;". @ SenatorHeitkamp FixUnsustainable&Ineffective # Medicaid n # AHCA # repealobamacare # fullrepeal @ POTUS # pjnetpic.twitter.com/AALLMPVMQA";;@ @;# # # # #;"883826943124160514";https://twitter.com/unifyusa/status/883826943124160514
StacyClosson;2017-07-07 23:50;0;0;"@ SenatorHeitkamp spoke at our healthcare rally in Bismarck, ND yesterday. Thanks! # Indivisible # HealthcareBillpic.twitter.com/NzJXkF4kiV";;@;# #;"883533627186962433";https://twitter.com/StacyClosson/status/883533627186962433
ndrrcjs;2017-07-07 18:57;0;0;"So would getting gov out of our health care completely less gov more insurance options capitalism works use it I'm tired of taxes to # losers";;;#;"883459979595960328";https://twitter.com/ndrrcjs/status/883459979595960328
ChangeSeats;2017-07-07 15:18;0;0;"RT @ SenatorHeitkamp: But Senate GOP health care bill would hurt rural hospitals by ripping apart Medicaid, harming access to care in areas …";;@;;"883404762317705219";https://twitter.com/ChangeSeats/status/883404762317705219
SenatorHeitkamp;2017-07-07 14:04;4;11;"But Senate GOP health care bill would hurt rural hospitals by ripping apart Medicaid, harming access to care in areas like Beulah & Hazen";;;;"883386264770289664";https://twitter.com/SenatorHeitkamp/status/883386264770289664
SenatorHeitkamp;2017-07-07 14:03;2;9;"Health care leaders & staff explained how crucial rural hospitals are to area communities b/c they provide wide variety of services";;;;"883386017352478720";https://twitter.com/SenatorHeitkamp/status/883386017352478720
SenatorHeitkamp;2017-07-07 14:02;3;23;"Toured Sakakawea Medical Center's new facility to discuss how I'll fight for folks in rural areas get quality, affordable health carepic.twitter.com/SRvPFCB4Wa";;;;"883385746668867584";https://twitter.com/SenatorHeitkamp/status/883385746668867584
KFYRTV;2017-07-07 11:52;3;3;". @ SenatorHeitkamp is speaking with health care professionals at the Sakakawea Medical Center in Hazen about the Senate health care bill. pic.twitter.com/6keKu5ZFeQ";;@;;"883353065813757954";https://twitter.com/KFYRTV/status/883353065813757954
Skoozzie;2017-07-07 10:31;0;0;"So what is your plan since O-care is failing? One should have a plan other then Socialist-Care. Just Repeal O-care and start over.pic.twitter.com/TkhrU4gUsN";;;;"883332596473749504";https://twitter.com/Skoozzie/status/883332596473749504
ChangeSeats;2017-07-07 10:30;0;0;"RT @ SenatorHeitkamp: Couldn't make it to the health care rally in Bismarck last night? Catch up on the highlights … http://buff.ly/2sUDfQI";;@;;"883332353325772802";https://twitter.com/ChangeSeats/status/883332353325772802
SenatorHeitkamp;2017-07-07 10:26;7;21;"Couldn't make it to the health care rally in Bismarck last night? Catch up on the highlights in @ BisTrib http://bit.ly/2sUOJU8 pic.twitter.com/jOn8l72VmN";;@;;"883331368452853761";https://twitter.com/SenatorHeitkamp/status/883331368452853761
UNDSimCenter;2017-07-07 09:38;0;0;"@ SenatorHeitkamp We'd love for you to visit, too! We'd give a quick, fun tour and explain how simulation is being used in rural healthcare! https://twitter.com/UNDSimCenter/status/883317730832678913 …";;@;;"883319327541350402";https://twitter.com/UNDSimCenter/status/883319327541350402
Tessa_Gould;2017-07-07 09:36;6;16;"“This is about the future and the morality of our country” @ SenatorHeitkamp added GOP h/c legis presents an “immoral choice” # HealthcareBillpic.twitter.com/0LIQEOYOAC";;@;#;"883318897734287360";https://twitter.com/Tessa_Gould/status/883318897734287360
ts19001;2017-07-07 07:46;0;0;"I'm tired of PAYING FOR maternity care, newborn care, birth control, & other things that I don't need. Obama Care WAS set up to FAIL!!!";;;;"883291152237174784";https://twitter.com/ts19001/status/883291152237174784
chrisbergPOVNOW;2017-07-06 23:43;0;0;"# GOP @ SenatorCollins & Sen @ BillCassidy invite Dem @ SenatorHeitkamp & @ JoeManchinWV for bi-partisan health carehttps://www.facebook.com/POVnow/videos/1874824969448092/ …";;@ @ @ @;#;"883169554578407425";https://twitter.com/chrisbergPOVNOW/status/883169554578407425
BoKnows_90;2017-07-06 21:53;4;3;"Interviewed @ SenatorHeitkamp on @ POVnow this evening about # healthcare @ chrisbergPOVNOW pleasure doing business with ya!https://twitter.com/chrisbergpovnow/status/883119960209465344 …";;@ @ @;#;"883141840454733832";https://twitter.com/BoKnows_90/status/883141840454733832
ChangeSeats;2017-07-06 21:18;0;0;"RT @ SenatorHeitkamp: While at Southwest Healthcare Services in Bowman, stopped by the beauty shop to say hi to the… http://buff.ly/2tm2AWV";;@;;"883132961427775488";https://twitter.com/ChangeSeats/status/883132961427775488
SenatorHeitkamp;2017-07-06 20:48;6;20;"Must work to improve health care system w/ strong bipartisan bills that actually work for ND. That’s what I’m working to accomplish.";;;;"883125561417232384";https://twitter.com/SenatorHeitkamp/status/883125561417232384
SenatorHeitkamp;2017-07-06 20:47;17;30;"Health care is personal. No family should have to choose btwn lifesaving care for a loved one &bankruptcy–but that’s what GOP bills propose";;;;"883125188417789952";https://twitter.com/SenatorHeitkamp/status/883125188417789952
SenatorHeitkamp;2017-07-06 20:46;5;15;"For 3+ years, I’ve been calling for reforms to improve health care for families – and I want Republicans and Democrats to work with me.";;;;"883124951150211072";https://twitter.com/SenatorHeitkamp/status/883124951150211072
SenatorHeitkamp;2017-07-06 20:44;22;30;"90,000 ND kids & individuals w/disabilities, seniors & low-income families rely on Medicaid-which GOP health care bill would severely cut";;;;"883124564271792128";https://twitter.com/SenatorHeitkamp/status/883124564271792128
SenatorHeitkamp;2017-07-06 20:42;7;13;"Senate GOP health care bill would rip away access to quality, affordable health care for 22 million Americans - including 30,000 NDans";;;;"883123971381743616";https://twitter.com/SenatorHeitkamp/status/883123971381743616
SenatorHeitkamp;2017-07-06 20:41;22;76;"Great to be @ AFLCIO & Indivisible BisMan rally in Bismarck to reinforce how Senate GOP health care bill is bad for North Dakotanspic.twitter.com/gjxsS5D9wc";;@;;"883123740401426432";https://twitter.com/SenatorHeitkamp/status/883123740401426432
TempoWrites;2017-07-06 20:33;0;4;"@ SenatorHeitkamp giving a heck of a speech at rally against Trumpcare just now. Here in ND, we know we have to take care of each other! : D pic.twitter.com/8yE5r4fkUX";;@;;"883121635007619074";https://twitter.com/TempoWrites/status/883121635007619074
chrisbergPOVNOW;2017-07-06 20:26;1;3;". @ KFYRTV @ BoKnows_90 visits w/ @ SenatorHeitkamp about # GOP health care bill @rally in # Bismarck on @ POVnow VIDEO:https://www.facebook.com/POVnow/videos/1874824969448092/ …";;@ @ @ @rally @;# #;"883119960209465344";https://twitter.com/chrisbergPOVNOW/status/883119960209465344
POVnow;2017-07-06 20:26;0;0;". @ KFYRTV @ BoKnows_90 visits w/ @ SenatorHeitkamp about # GOP health care bill @rally in # Bismarck on @ POVnow VIDEO: https://www.facebook.com/POVnow/videos/1874824969448092/ …";;@ @ @ @rally @;# #;"883119959253168128";https://twitter.com/POVnow/status/883119959253168128
RedRoadRail;2017-07-06 20:12;0;0;"Please do not embarrass us @ Sen_JoeManchin @ SenatorHeitkamp http://talkingpointsmemo.com/dc/moran-says-obamacare-repeal-almost-impossible-only-gop-votes … # resistance # resist # senatedems # housedemocrats";;@ @;# # # #;"883116500105785344";https://twitter.com/RedRoadRail/status/883116500105785344
Mike15358460;2017-07-06 19:56;0;0;"@ SenatorHeitkamp you voted for obamacare you caused this mess";;@;;"883112365201530881";https://twitter.com/Mike15358460/status/883112365201530881
POVnow;2017-07-06 19:30;1;1;"LIVE at @ SenatorHeitkamp # Healthcare rally in Bismarck WATCH NOW ONLINE: http://www.valleynewslive.com/livestream/ pic.twitter.com/bDFLWgbilM";;@;#;"883105797781282816";https://twitter.com/POVnow/status/883105797781282816
chrisbergPOVNOW;2017-07-06 19:30;1;1;"LIVE at @ SenatorHeitkamp # Healthcare rally in Bismarck WATCH NOW ONLINE: http://www.valleynewslive.com/livestream/ pic.twitter.com/KQk41kPTzk";;@;#;"883105797445734411";https://twitter.com/chrisbergPOVNOW/status/883105797445734411
geoffmgreenwood;2017-07-06 19:14;3;10;"The people of Bis come out to listen to @ SenatorHeitkamp speak Re: healthcare. @ NDAFLCIO @ SenJohnHoevenpic.twitter.com/73WmAc2fnl";;@ @ @;;"883101838559645697";https://twitter.com/geoffmgreenwood/status/883101838559645697
unifyusa;2017-07-06 19:01;1;0;". @ SenatorHeitkamp FixUnsustainable&Ineffective # Medicaid n # AHCA # repealobamacare # fullrepeal @ POTUS # pjnetpic.twitter.com/AALLMPVMQA";;@ @;# # # # #;"883098629312962561";https://twitter.com/unifyusa/status/883098629312962561
ChangeSeats;2017-07-06 18:42;0;0;"RT @ SenatorHeitkamp: Met w/folks at Southwest Healthcare in Bowman today to hear about chlgs it faces & serious co… http://buff.ly/2uOKx9Q";;@;;"883093704583630849";https://twitter.com/ChangeSeats/status/883093704583630849
SenatorHeitkamp;2017-07-06 15:47;3;14;"Honored to visit w/WWII # veteran & artist Doug Burtell from Bowman-we have to live up to our duty to provide quality care 4 those who servepic.twitter.com/DLTnPaljtX";;;#;"883049805009825792";https://twitter.com/SenatorHeitkamp/status/883049805009825792
SenatorHeitkamp;2017-07-06 15:29;4;14;"While at Southwest Healthcare Services in Bowman, stopped by the beauty shop to say hi to the ladies & thank the volunteer stylistspic.twitter.com/WXZa1FfJEt";;;;"883045148841476096";https://twitter.com/SenatorHeitkamp/status/883045148841476096
tommy4usa;2017-07-06 14:12;0;0;"Heidi Pay the # medicare TAX on 100% of your Paycheck & JUST MAYBE FUNDS will BE THERE for all that Coverage, 4Million GOV checks = # Billions";;;# #;"883025861032767488";https://twitter.com/tommy4usa/status/883025861032767488
tommy4usa;2017-07-06 14:09;0;0;"a dad makes $90k a Mom makes $90k YET a gov Funded Paycheck pays 1/2 of SS medicare Tax WHEN a Gov Employee that makes $180K, its THEFT";;;;"883025038584274946";https://twitter.com/tommy4usa/status/883025038584274946
tommy4usa;2017-07-06 14:08;0;0;"# TaxReform should RAISE # PayrollTaxLimit to INCLUDE 100% of the TAx on 100% of Government Paychecks , Fund SS & # Medicare , DONT BARROW IT";;;# # #;"883024755556843521";https://twitter.com/tommy4usa/status/883024755556843521
JMB53144613;2017-07-06 13:43;0;0;"@ SenatorHoeven @ SenatorHeitkamp please consider Rep healthcare bill with this amendment-need lower costs & choices. https://twitter.com/tppatriots/status/883007677311455234 …";;@ @;;"883018527590019077";https://twitter.com/JMB53144613/status/883018527590019077
SenatorHeitkamp;2017-07-06 13:18;6;16;"Talking w/folks in Bowman today underscored how Senate GOP health care bill slashing Medicaid would devastate rural communities & hospitals";;;;"883012175446638593";https://twitter.com/SenatorHeitkamp/status/883012175446638593
SenatorHeitkamp;2017-07-06 13:17;4;13;"GOP health care bills would severely cut resources needed to provide a range of quality care, as well as reduce patients' medical coverage";;;;"883012050276028418";https://twitter.com/SenatorHeitkamp/status/883012050276028418
SenatorHeitkamp;2017-07-06 13:15;7;17;"Met w/folks at Southwest Healthcare in Bowman today to hear about chlgs it faces & serious concerns w/Senate GOP health care billpic.twitter.com/saD4CtrVKd";;;;"883011644200292354";https://twitter.com/SenatorHeitkamp/status/883011644200292354
Opadnil;2017-07-06 11:12;0;0;"Please cut nat deficit &debt so we don't leave our children only able to pay our debt w nothing 4 own Soc Sec, Medicare/caid, oth programs.";;;;"882980607734763520";https://twitter.com/Opadnil/status/882980607734763520
SenatorHeitkamp;2017-07-06 10:03;16;66;"Great talk w/ @ BisManYP about my work in DC, issues affecting young professionals & how I'm fighting vs harsh Senate GOP health care billpic.twitter.com/neZN1q33rH";;@;;"882963189780164608";https://twitter.com/SenatorHeitkamp/status/882963189780164608
allennichols02;2017-07-05 15:19;0;0;"And, the Affordable Healthcare Act is unsustainable. Your job as public servants is to find a solution that works...not incessant bickering";;;;"882680317760475137";https://twitter.com/allennichols02/status/882680317760475137
ChangeSeats;2017-07-05 15:18;0;0;"RT @ SenatorHeitkamp: The Senate GOP health care bill would hurt NDans - get an extra helping of The Hotdish to hea… http://buff.ly/2uLiTKG";;@;;"882679976394412032";https://twitter.com/ChangeSeats/status/882679976394412032
SenatorHeitkamp;2017-07-05 15:15;2;4;"The Senate GOP health care bill would hurt NDans - get an extra helping of The Hotdish to hear more: http://apple.co/2tq2kox pic.twitter.com/gczbCKz7sE";;;;"882679240482668545";https://twitter.com/SenatorHeitkamp/status/882679240482668545
IamRame01;2017-07-05 14:40;0;0;"Hospitals profit from Obamacare! Go to ER for care! Less expensive then paying a doctor?";;;;"882670557547855872";https://twitter.com/IamRame01/status/882670557547855872
E_Alan_A;2017-07-05 14:22;0;1;"This looks like a good bill! Unlike the healthcare bill Mitch Mconnell is trying to pass.. please do everything you can to stop it!";;;;"882666122318934016";https://twitter.com/E_Alan_A/status/882666122318934016
ChangeSeats;2017-07-05 13:36;0;0;"RT @ SenatorHeitkamp: Want an extra helping of The Hotdish? Listen to 1 on how Sen GOP health care bill would rip a… http://buff.ly/2tRtIie";;@;;"882654315529285633";https://twitter.com/ChangeSeats/status/882654315529285633
VeritonePolitic;2017-07-05 13:29;0;0;"On @ 790KFGO - hear Waylon Hedegaard of the @ NDAFLCIO discuss the # HealthcareBill & their rally w/ @ SenatorHeitkamp https://collections.veritone.com/share/LLmaQQjKRDCmqWs3KEupdQ …";;@ @ @;#;"882652696578105344";https://twitter.com/VeritonePolitic/status/882652696578105344
SenatorHeitkamp;2017-07-05 13:09;1;1;"Want an extra helping of The Hotdish? Listen to 1 on how Sen GOP health care bill would rip away coverage from NDans http://bit.ly/2sMtQub";;;;"882647642769162240";https://twitter.com/SenatorHeitkamp/status/882647642769162240
FundacionEfrain;2017-07-05 12:55;0;0;"@ SenKamalaHarris @ SenMikeLee @ SenTomCotton @ SenJohnThune @ JeffFlake @ SenJohnMcCain @ SenatorHeitkamp End # 7yearsBadLuck # Repeal # Obamacare";;@ @ @ @ @ @ @;# # #;"882644110020157442";https://twitter.com/FundacionEfrain/status/882644110020157442
ChangeSeats;2017-07-05 12:48;0;0;"RT @ SenatorHeitkamp: Via @ bistrib, read why ND Hospital Assoc & ND Medical Assoc oppose Senate GOP health care bil… http://buff.ly/2tQXdAD";;@ @;;"882642230007259137";https://twitter.com/ChangeSeats/status/882642230007259137
Jarferama;2017-07-05 12:21;0;0;"The only common sense solution is Medicare for All, not tinkering around the edges with market-based solutions.";;;;"882635532681007105";https://twitter.com/Jarferama/status/882635532681007105
SenatorHeitkamp;2017-07-05 12:20;6;4;"Via @ bistrib, read why ND Hospital Assoc & ND Medical Assoc oppose Senate GOP health care bill &how it would hurt NDhttp://bit.ly/2upQZEN";;@;;"882635184654495744";https://twitter.com/SenatorHeitkamp/status/882635184654495744
JimyLea;2017-07-05 11:36;0;0;"Abandon "Trumpcare" and work to improve ACA for more affordable coverage for all.";;;;"882624192893644800";https://twitter.com/JimyLea/status/882624192893644800
kirk_bridgers;2017-07-05 10:36;0;0;"@ SenatorHeitkamp Gee Thanks. 30k for 2 last yr.(incl deductibles). Would have been 1/3 without O care. After inflation. Socialism never work";;@;;"882609042161631233";https://twitter.com/kirk_bridgers/status/882609042161631233
ChangeSeats;2017-07-05 10:30;0;0;"RT @ SenatorHeitkamp: 3 yrs ago I helped put together commonsense solutions 2 address health care chlgs. Just like … http://buff.ly/2sGBIT3";;@;;"882607648939675650";https://twitter.com/ChangeSeats/status/882607648939675650
WellMobileOnDem;2017-07-05 10:26;0;0;"@ SenatorHeitkamp I live and breathe health care. Worked both sectors. I have the answers with @ WellMobileOnDem";;@ @;;"882606499360641026";https://twitter.com/WellMobileOnDem/status/882606499360641026
SenatorHeitkamp;2017-07-05 10:07;12;61;"3 yrs ago I helped put together commonsense solutions 2 address health care chlgs. Just like then, I'll work w/anyone to find real solutionspic.twitter.com/xriWoQ7PeC";;;;"882601835269419008";https://twitter.com/SenatorHeitkamp/status/882601835269419008
don_kirchoff;2017-07-05 09:44;0;0;". @ SenatorHeitkamp 2012 # CBO: # ACA Will Leave 30MM Uninsured http://www.cnsnews.com/news/article/cbo-obamacare-will-leave-30-million-uninsured#.WU-5tmqh6bs.twitter … … 2017 # Dem # Obstruction punishes # uninsured # PJNET";;@;# # # # # # #;"882596122073673728";https://twitter.com/don_kirchoff/status/882596122073673728
FundacionEfrain;2017-07-05 09:09;0;0;"@ SenMikeLee @ SenTomCotton @ SenJohnThune @ JeffFlake @ SenJohnMcCain @ SenatorHeitkamp @ SenRonJohnson # 7years # Tweaking # Obamacare did not work!";;@ @ @ @ @ @ @;# # #;"882587284230602754";https://twitter.com/FundacionEfrain/status/882587284230602754
CherylRutledg17;2017-07-04 20:08;0;0;"Heitkamp does not care about you. She is too busy helping TRUMP and his REPUBLICANS take your healthcare away";;;;"882390789023612928";https://twitter.com/CherylRutledg17/status/882390789023612928
unifyusa;2017-07-04 18:19;0;0;". @ SenatorHeitkamp FixUnsustainable&Ineffective # Medicaid n # AHCA # repealobamacare # fullrepeal @ POTUS # pjnetpic.twitter.com/AALLMPVMQA";;@ @;# # # # #;"882363287626588161";https://twitter.com/unifyusa/status/882363287626588161
FundacionEfrain;2017-07-04 16:54;0;0;"# Patriots 4 # Healthcarebill R U 1 @ SenTomCotton @ SenJohnThune @ JeffFlake @ SenJohnMcCain @ SenatorHeitkamp @ SenRonJohnson @ SenGillibrand";;@ @ @ @ @ @ @;# #;"882341863138656256";https://twitter.com/FundacionEfrain/status/882341863138656256
Joey_Peltier;2017-07-04 15:34;0;1;"@ SenatorHeitkamp after falling off my skateboard yesterday it put the scare of bankruptcy in my mind. Please stop the GOP Healthcare plan!";;@;;"882321848486199297";https://twitter.com/Joey_Peltier/status/882321848486199297
FundacionEfrain;2017-07-04 13:22;0;0;"@ JeffFlake @ SenJohnMcCain @ SenatorHeitkamp @ SenRonJohnson @ SenGillibrand # HealthcareBill # DeclarationOfIndependence from # Obamacare";;@ @ @ @ @;# # #;"882288477626392576";https://twitter.com/FundacionEfrain/status/882288477626392576
FundacionEfrain;2017-07-04 08:44;0;0;"@ SenatorHeitkamp @ SenRonJohnson @ SenGillibrand @ SenRobPortman @ SenCapito @ SenCoryGardner # HealthcareBill # American as # applepie";;@ @ @ @ @ @;# # #;"882218474952634369";https://twitter.com/FundacionEfrain/status/882218474952634369
crackerb;2017-07-04 07:45;0;0;"and Heidi votes along republican lines constantly. She needs to care about the people...";;;;"882203762030411776";https://twitter.com/crackerb/status/882203762030411776
RussellAmigo;2017-07-03 21:23;0;0;"@ SenatorHeitkamp @ SenSherrodBrown WAR against America; Threaten BorderWall, Security, Healthcare, Stop Balance Budget @ seanhannity @ LouDobbs";;@ @ @ @;;"882047107313541120";https://twitter.com/RussellAmigo/status/882047107313541120
NaralNv;2017-07-03 20:21;1;2;"Can you also vote NO on this disaster healthcare bill next week? # hellervoteno # youtooheitkamp";;;# #;"882031655384367104";https://twitter.com/NaralNv/status/882031655384367104
mondaydeb;2017-07-03 18:13;0;0;"Please get rid of capital gains tax and Ocare. Tax slows economy. Recovery. WE need jobs not taxes. Founding fathers hated unjust tax too.";;;;"881999347377897473";https://twitter.com/mondaydeb/status/881999347377897473
ToddRoth1;2017-07-03 17:47;0;0;"@ GOP want to fix health care stop. Your not in our network # healthcarefail @ realDonaldTrump @ SenJohnHoeven @ SenatorHeitkamp @RepKevinCramer";;@ @ @ @ @RepKevinCramer;#;"881992739382075392";https://twitter.com/ToddRoth1/status/881992739382075392
EmmanuelUrhie;2017-07-03 14:07;0;0;"@ SenatorHeitkamp What r u doing 2 get EVRY1 2 cre8 affordable health care plan 4 the poor, old, young, sick, & w/ pre-existing conditions?";;@;;"881937401781813248";https://twitter.com/EmmanuelUrhie/status/881937401781813248
jhageman_;2017-07-03 12:12;4;1;"ND Sens on health care this week: @ SenJohnHoeven going on WDAY today at 1 p.m., @ SenatorHeitkamp at AFL-CIO rally Thursday in Bis # ndpol";;@ @;#;"881908454750904320";https://twitter.com/jhageman_/status/881908454750904320
ChangeSeats;2017-07-03 01:03;0;0;"RT @ SenatorHeitkamp: RT @ inforum: Nation's opioid crisis overwhelms foster-care system http://buff.ly/2tgv2I6  http://buff.ly/2tgv3Ma";;@ @;;"881740044037488640";https://twitter.com/ChangeSeats/status/881740044037488640
Mittineague;2017-07-03 00:12;0;0;". @ SenatorHeitkamp @ SenJohnHoeven @ SenatorFischer Please consign # BCRA to trash heap Get serious + fix # ACA or # singlepayer # MedicareForAll";;@ @ @;# # # #;"881727233928376321";https://twitter.com/Mittineague/status/881727233928376321
TnTMom262;2017-07-02 22:27;0;1;"How does taxing the wealthy, i.e. Obamacare, fix rising health care costs for ND farmers and ranchers? Same argument, different perspective?";;;;"881700938414567424";https://twitter.com/TnTMom262/status/881700938414567424
FiannacaValerie;2017-07-02 19:06;0;0;"How about repealing Obamacare and giving us meaningful health care choices?";;;;"881650305288425476";https://twitter.com/FiannacaValerie/status/881650305288425476
praeriedikter;2017-07-02 18:01;0;0;"@ SenatorHeitkamp Thanks for planning to vote for the ppl of ND regarding senate health care plan. Hope @ SenJohnHoeven does the same!";;@ @;;"881633984618401795";https://twitter.com/praeriedikter/status/881633984618401795
unifyusa;2017-07-02 17:27;1;0;". @ SenatorHeitkamp FixUnsustainable&Ineffective # Medicaid n # AHCA # repealobamacare # fullrepeal @ POTUS # pjnetpic.twitter.com/AALLMPVMQA";;@ @;# # # # #;"881625417471320066";https://twitter.com/unifyusa/status/881625417471320066
thundermccrackn;2017-07-02 12:19;0;4;"We haven't forgotten about healthcare just because it's the 4th of July. People before party, vote no!!!";;;;"881547776210870272";https://twitter.com/thundermccrackn/status/881547776210870272
Maynidea2;2017-07-01 23:09;3;8;"I hope you truly understand the traumatic stress that results from the loss of health insurance. We cannot let wealthcare trump healthcare.";;;;"881349071327383552";https://twitter.com/Maynidea2/status/881349071327383552
PooleLoe;2017-07-01 21:34;0;0;"Thank you again Senator for opposing this cruel and thoughtless healthcare bill!";;;;"881325281947951104";https://twitter.com/PooleLoe/status/881325281947951104
Shelleycrab78;2017-07-01 18:23;0;1;"No # Trumpcare";;;#;"881277020918865921";https://twitter.com/Shelleycrab78/status/881277020918865921
AliehsNyl;2017-07-01 15:07;0;0;"Please vote NO on Trumpcare so when it pass & actually way better than OCare, u will lose both dems and republican votes in NV lol";;;;"881227860765155328";https://twitter.com/AliehsNyl/status/881227860765155328
evannejordan;2017-07-01 13:58;0;1;"Please stand firm vote no on fed healthcare bill-thank you!";;;;"881210516403662848";https://twitter.com/evannejordan/status/881210516403662848
ConcernedinNYC;2017-07-01 08:07;2;9;"Senator Dean Heller - Thank you for standing up for all Americans and not supporting Trump's mean health care bill.";;;;"881122094037311488";https://twitter.com/ConcernedinNYC/status/881122094037311488
