HeyCarrieAnnNV;2017-07-24 18:01;0;1;"Implosion of Obamacare & lack of middle class $ to pay deductibles, puts lives at risk. Govern don't politic.";;;;"889606390053879808";https://twitter.com/HeyCarrieAnnNV/status/889606390053879808
aafong702;2017-07-24 17:27;0;4;"Repeal and get government out of healthcare!";;;;"889598043984601088";https://twitter.com/aafong702/status/889598043984601088
ShawnIGGYmama;2017-07-24 17:19;0;0;"@ SenDeanHeller @ SenCortezMasto @ SenSchumer @ SenateMajLdr If GOP continues;they'll B saying BYE 2 Christian right! http://www.huffingtonpost.com/entry/nuns-on-the-bus-health-care_us_597616a6e4b00e4363e11315?xch …";;@ @ @ @;;"889595835108925440";https://twitter.com/ShawnIGGYmama/status/889595835108925440
SenCortezMasto;2017-07-24 16:43;2;15;"Veterans job fairs help address housing & career needs of our servicemembers. Tearing down barriers is critical.https://www.reviewjournal.com/news/military/at-unlv-job-fair-veterans-look-for-second-chance/ …";;;;"889586807498846208";https://twitter.com/SenCortezMasto/status/889586807498846208
ActorAaronBooth;2017-07-24 16:24;0;0;"This @ SenCortezMasto press release on # Trumpcare seems to be directed at @ SenDeanHeller. Release includes a long list of those opposing billpic.twitter.com/5YcIyta2t9";;@ @;#;"889582095147859972";https://twitter.com/ActorAaronBooth/status/889582095147859972
garymartindc;2017-07-24 16:23;4;1;". @ SenCortezMasto reveals groups opposed to Obamacare repeal https://lvrj.com/post/1134630  via @ reviewjournal";;@ @;;"889581765865734144";https://twitter.com/garymartindc/status/889581765865734144
joe_freiburger;2017-07-24 15:50;0;0;"Senate HC bill will hurt Nevadans. Will @ SenCortezMasto & @ SenDeanHeller commit to voting no on this atrocious bill? # VoteNo # HealthcareBill";;@ @;# #;"889573577241931776";https://twitter.com/joe_freiburger/status/889573577241931776
NovaSunshine;2017-07-24 15:18;0;0;"@ SenDeanHeller your office line isn't working. Vote NO on the healthcare bill. Thank you. @ SenCortezMasto -your constituent in 89503";;@ @;;"889565428401356801";https://twitter.com/NovaSunshine/status/889565428401356801
SarahZuks;2017-07-24 14:18;3;10;"I know @ SenCortezMasto and am confident she'd take on any and all duels, *especially* if it's to protect healthcare. Also, she'd kick ass. https://twitter.com/kylegriffin1/status/889545106239434754 …";;@;;"889550407839698950";https://twitter.com/SarahZuks/status/889550407839698950
17241724;2017-07-24 08:45;0;0;". @ SenCortezMasto, please # WorkTogether on # Healthcare SOLUTIONS # ProtectourCare # SinglePayer # medicareforall # TWpic.twitter.com/9uZZu2g6Hz";;@;# # # # # #;"889466520857972737";https://twitter.com/17241724/status/889466520857972737
WendyBrandes;2017-07-23 23:55;1;1;". @ SenCortezMasto, please # WorkTogether on real # HealthcareSOLUTIONS that meet our needs & # ProtectOurCare. # TWpic.twitter.com/NcgDQLMA4q";;@;# # # #;"889333065037864961";https://twitter.com/WendyBrandes/status/889333065037864961
ScottEvers4;2017-07-22 15:51;6;16;"Veterans hiring veteran @ unlv @ SenCortezMasto Veterans career fair. http://United-veterans.jobs # beingunited @ weareunited # UAIFSpic.twitter.com/n6mtQxGJAM";;@ @ @;# #;"888848904887844864";https://twitter.com/ScottEvers4/status/888848904887844864
vegasbobbi;2017-07-22 15:02;0;0;"@ SenDeanHeller & @ SenCortezMasto can join together to fix ACA for NV and the Country. Say NO to politics in Healthcare. Do what's right! https://twitter.com/realdonaldtrump/status/888736256145985536 …";;@ @;;"888836672493805569";https://twitter.com/vegasbobbi/status/888836672493805569
SitaStukes;2017-07-21 16:09;5;7;"Please encourage @ SenDeanHeller to stay strong and vote no! Even @ BrianSandoval doesn't want # BCRA # BCRP # Healthcare # HealthcareBill";;@ @;# # # #;"888491088318578688";https://twitter.com/SitaStukes/status/888491088318578688
SenCortezMasto;2017-07-21 16:05;22;28;"# Trumpcare guts # Medicaid, a lifeline to the institutions working to help fight the # opioidcrisis in Nevada.http://www.npr.org/sections/health-shots/2017/07/20/537661375/opioid-treatment-funds-in-senate-bill-would-fall-far-short-of-needs?utm_source=twitter.com&utm_medium=social&utm_campaign=npr&utm_term=nprnews&utm_content=20170720 …";;;# # #;"888490172156792833";https://twitter.com/SenCortezMasto/status/888490172156792833
SenCortezMasto;2017-07-21 15:40;10;25;"# Trumpcare would force the poor to pay up to $13,000 a year in deductibles, more than their entire annual income. This is immoral.https://twitter.com/axios/status/888332831075823616 …";;;#;"888483823125762048";https://twitter.com/SenCortezMasto/status/888483823125762048
HeroesLinked;2017-07-21 11:44;0;0;"Nevada @ SenCortezMasto pledges to host semi-annual # career fairs for # veterans https://m.lasvegassun.com/news/2017/jul/20/senator-to-stage-career-fairs-for-veterans/ … via @ LasVegasSun";;@ @;# #;"888424471790530560";https://twitter.com/HeroesLinked/status/888424471790530560
SolomonEnid;2017-07-20 20:53;0;0;"@ SenCortezMasto Vote NO on new healthcare bills. millions of men women children will lose healthcare & be hurt by this # raiseyourvoice";;@;#;"888200180150943744";https://twitter.com/SolomonEnid/status/888200180150943744
SolomonEnid;2017-07-20 20:52;0;0;"@ SenCortezMasto SAVE obamacare/affordable healthcare act. if cut millions of people will lose healthcare & be hurt by this. # raiseyourvoice";;@;#;"888200041046745092";https://twitter.com/SolomonEnid/status/888200041046745092
rey_benitez;2017-07-20 18:18;2;3;"Don't miss @ SenCortezMasto 's Veterans Career Fair & Workshop this Sat. at @ unlv Sign up here: https://www.eventbrite.com/e/senator-cortez-masto-veteran-family-career-fair-workshop-at-unlv-tickets-34213485456 … # Veteranshttps://twitter.com/SenCortezMasto/status/888086115642748928 …";;@ @;#;"888161106350530560";https://twitter.com/rey_benitez/status/888161106350530560
aafong702;2017-07-20 16:08;0;0;"Government can't run anything efficiently or effectively. Get government out of healthcare!";;;;"888128433091297285";https://twitter.com/aafong702/status/888128433091297285
voterin89179;2017-07-20 15:16;0;0;"How many of those 88% and 94% actually just want all you politicians to get the government out of the healthcare industry? I bet most do.";;;;"888115349996032005";https://twitter.com/voterin89179/status/888115349996032005
Kerrie_Kramer;2017-07-20 14:56;0;0;"This is absolutely fantastic. Thank you @ SenCortezMasto. # Veterans # Jobs # Heros https://lasvegassun.com/news/2017/jul/20/senator-to-stage-career-fairs-for-veterans/ …";;@;# # #;"888110309520453633";https://twitter.com/Kerrie_Kramer/status/888110309520453633
SenCortezMasto;2017-07-20 14:30;6;9;"Looking forward to partnering with @ UNLV to host a Veteran & Family Career Fair this Sat., 7/22. RSVP to join us -->https://www.eventbrite.com/e/senator-cortez-masto-veteran-family-career-fair-workshop-at-unlv-tickets-34213485456 …";;@;;"888103864062230528";https://twitter.com/SenCortezMasto/status/888103864062230528
sheilafaye01_g;2017-07-20 14:08;0;0;"And # MedicareForAll. Save ACA and then gift like hell for universal healthcare. You can do it!";;;#;"888098361537998848";https://twitter.com/sheilafaye01_g/status/888098361537998848
SenCortezMasto;2017-07-20 13:20;10;20;"Our veterans must have adequate access to resources & opportunities required to excel in civilian life. @ LasVegasSun https://lasvegassun.com/news/2017/jul/20/senator-to-stage-career-fairs-for-veterans/ …";;@;;"888086115642748928";https://twitter.com/SenCortezMasto/status/888086115642748928
ALR22971281;2017-07-20 13:04;0;0;"Stop Obamacare it's destroying our nation put insurance back into public hands Govt should not control healthcare!!";;;;"888082178977939457";https://twitter.com/ALR22971281/status/888082178977939457
Trasha_Stranger;2017-07-20 12:55;0;0;"Are your constituents even able to get insurance in your state? What care is left to take?";;;;"888079874136690688";https://twitter.com/Trasha_Stranger/status/888079874136690688
SenCortezMasto;2017-07-20 12:45;51;147;"88% of the letters and 94% of the calls to my office on # Trumpcare have conveyed a clear message: Don't take away their care.";;;#;"888077412310843393";https://twitter.com/SenCortezMasto/status/888077412310843393
Kittykatnip1970;2017-07-20 12:44;0;0;"@ sencortezmasto Senator, repeal 100% of Obamacare, now! https://www.votervoice.net/AFA/campaigns/53675/respond …";;@;;"888077057019826178";https://twitter.com/Kittykatnip1970/status/888077057019826178
listenup23;2017-07-19 23:53;0;0;"@ SenDeanHeller Don't let Trump scare you. Stay strong to your "no" vote. . @ SenCortezMasto";;@ @;;"887883141196636160";https://twitter.com/listenup23/status/887883141196636160
JohnBrzezinski1;2017-07-19 21:19;0;1;"There is more to it than healthcare:https://amp.theguardian.com/commentisfree/2017/jul/19/despot-disguise-democracy-james-mcgill-buchanan-totalitarian-capitalism …";;;;"887844348808843265";https://twitter.com/JohnBrzezinski1/status/887844348808843265
NoanieR;2017-07-19 21:18;0;0;"@ Sen_Chandler, @ SenJohnFKeenan, @ SenCortezMasto Listen to the people who elected u! We want Medicare-for-All now!";;@ @ @;;"887844217250136064";https://twitter.com/NoanieR/status/887844217250136064
TakeBackUSA1;2017-07-19 20:52;1;0;"My hope is that they let # Obamacare die on it's own. The Federal Government needs to get out of the # Healthcare Business @ realDonaldTrump";;@;# #;"887837483441938432";https://twitter.com/TakeBackUSA1/status/887837483441938432
SenCortezMasto;2017-07-19 19:38;13;37;"Republicans need to stop playing games with the healthcare of Americans and the millions of lives that depend on the Affordable Care Act.pic.twitter.com/46rkT1NGEX";;;;"887819048767172608";https://twitter.com/SenCortezMasto/status/887819048767172608
NevadaForward;2017-07-19 19:17;0;0;"Earlier this month, @ SenCortezMasto warned of potential for # Trumpcare chaos in US Senate. http://nevadaforward.com/2017/07/10/catherine-cortez-masto-calls-trumpcare-tragedy/ …";;@;#;"887813698827374592";https://twitter.com/NevadaForward/status/887813698827374592
NevadaForward;2017-07-19 19:15;0;2;". @ SenCortezMasto on today's # Trumpcare developments (CBO score, possible # healthcare votes next week). # NVSenpic.twitter.com/yefmVoj1W2";;@;# # #;"887813166809231360";https://twitter.com/NevadaForward/status/887813166809231360
SenCortezMasto;2017-07-19 18:35;23;29;"In six states, including @ SenateMajLdr's home state of Kentucky, healthcare costs could rise more than 200% if the # ACA is repealed.https://twitter.com/adambeam/status/887743459666386944 …";;@;#;"887802987460128769";https://twitter.com/SenCortezMasto/status/887802987460128769
eclark60;2017-07-19 17:33;0;0;"Obamacare needs to get cleaned up for all of America!";;;;"887787603755507714";https://twitter.com/eclark60/status/887787603755507714
BexxTyler;2017-07-19 16:35;0;5;"Yeah I live in NV. People here want @ SenDeanHeller & @ SenCortezMasto to fix obamacare, not repeal it and leave millions w/o insurance.";;@ @;;"887772996248588289";https://twitter.com/BexxTyler/status/887772996248588289
Terafiable;2017-07-19 16:32;0;1;"Agreed. Where do you stand, @ SenCortezMasto @RepJackyRosen? # Medicare4All # MedicareForAll # SinglePayerNow # SinglePayerhttps://twitter.com/jordanchariton/status/887762288912027651 …";;@ @RepJackyRosen;# # # #;"887772187628683264";https://twitter.com/Terafiable/status/887772187628683264
Terafiable;2017-07-19 16:27;0;0;"Seconded. # Medicare4All # MedicareForAll # SinglePayerNow # SinglePayer";;;# # # #;"887770872605425665";https://twitter.com/Terafiable/status/887770872605425665
caprafan;2017-07-19 16:17;0;1;"Imagine how much better Native peoples & the rest of us would do with # medicare4all.";;;#;"887768317469106176";https://twitter.com/caprafan/status/887768317469106176
coffeaveritas;2017-07-19 15:53;0;0;""It’s time to stop using health care as a political weapon."--please stabilize markets w/bipartisan action, @ SenDeanHeller & @ SenCortezMasto https://twitter.com/postopinions/status/887736300232749061 …";;@ @;;"887762323472961536";https://twitter.com/coffeaveritas/status/887762323472961536
SenCortezMasto;2017-07-19 15:42;41;69;"Let's be clear: A vote to proceed to the # ACA repeal IS a vote to take away health care coverage from hundreds of thousands of Nevadans. https://twitter.com/abbydphillip/status/887744326238949376 …";;;#;"887759464828469253";https://twitter.com/SenCortezMasto/status/887759464828469253
SenCortezMasto;2017-07-19 12:38;4;22;"I co-sponsored @ SenatorShaheen's Marketplace Certainty Act, which would help stabilize healthcare markets & prevent costs from spiraling.";;@;;"887713276112621568";https://twitter.com/SenCortezMasto/status/887713276112621568
GreggHoush;2017-07-19 11:19;0;0;"@ sencortezmasto $765 billion per year lost in US healthcare system. Want to fix healthcare? Maybe start with this https://www.propublica.org/article/the-myth-of-drug-expiration-dates …";;@;;"887693330473242624";https://twitter.com/GreggHoush/status/887693330473242624
galemaxey;2017-07-19 03:08;0;0;"And when they pass Medicare for All your income tax form will look like 1. How much did you earn last year 2. Send it in";;;;"887569936704352256";https://twitter.com/galemaxey/status/887569936704352256
JennLBradley;2017-07-18 23:39;0;0;"@ SenCortezMasto @ SenDeanHeller You two can partner together on healthcare! Bipartisanship # HealthcareBill # ProtectOurCarehttps://twitter.com/senwarren/status/887435062681235457 …";;@ @;# #;"887517341449240576";https://twitter.com/JennLBradley/status/887517341449240576
clashinggammon;2017-07-18 20:16;0;0;"@ realDonaldTrump @ SenDeanHeller . The # ACA is broken and you all are being petty. Fix healthcare and move on to fix this country.";;@ @;#;"887466069153030144";https://twitter.com/clashinggammon/status/887466069153030144
deweyjaci76;2017-07-18 18:08;0;0;"How about the fact that I feel taking my children's healthcare away is a death threat towards them!";;;;"887433848522285060";https://twitter.com/deweyjaci76/status/887433848522285060
sheilafaye01_g;2017-07-18 17:50;0;1;"# MedicareForAll will provide universal healthcare 4 everyone and put Native Americans on EQUAL healthcare as rest of Americans, wouldn't it?";;;#;"887429439939690496";https://twitter.com/sheilafaye01_g/status/887429439939690496
langlotz1;2017-07-18 15:06;0;1;"Um, we all need universal health care so the gov't can meet our constitution promise of Life Liberty pursuit of Happines Can't LIVE w/out HC";;;;"887388240017338369";https://twitter.com/langlotz1/status/887388240017338369
GuyClifton;2017-07-18 14:21;1;3;"Would love to see @GovSandoval, @ SenCortezMasto and @ SenDeanHeller take the lead on a bipartisan solution to health care. # onenevada";;@GovSandoval @ @;#;"887376722441584640";https://twitter.com/GuyClifton/status/887376722441584640
Lynne__Andrea;2017-07-18 14:08;0;1;"I'm on chapter 46 of your new book. Pls run for president. The country needs a smart honest president who really cares. You";;;;"887373481322655744";https://twitter.com/Lynne__Andrea/status/887373481322655744
The1APeople;2017-07-18 13:58;0;3;"Tribal peoples absolutely deserve a voice on health care, being some of the hardest hit by poverty, drug addiction & low standard of living.";;;;"887370960571166720";https://twitter.com/The1APeople/status/887370960571166720
trolinthebull;2017-07-18 13:55;0;0;"Obamacare will cost you up to $200 a month and u have to pay the first $6000...who can afford the first $6000?";;;;"887370318876225536";https://twitter.com/trolinthebull/status/887370318876225536
BexxTyler;2017-07-18 13:55;0;1;"I'm literally tweeting you from the ER. Instead of ending obamacare, please fix the problems with it. If it didn't exist, I wouldn't be here";;;;"887370283115356160";https://twitter.com/BexxTyler/status/887370283115356160
emontag;2017-07-18 13:55;0;0;"If you came up with a plan to revise and reinforce the ACA, would you mind, in the end, if they called it Trumpcare?";;;;"887370204921069569";https://twitter.com/emontag/status/887370204921069569
LilyisGolden;2017-07-18 13:53;0;3;"Push for universal healthcare! The time is now! # UniversalHealthCare";;;#;"887369641282203649";https://twitter.com/LilyisGolden/status/887369641282203649
SenFranken;2017-07-18 13:52;136;431;"Tribal leaders shared how ppl in Indian Country have benefitted from ACA, & said they deserve consultation on nat'l health care legislation.pic.twitter.com/mUOQzy4RcR";;;;"887369375925362688";https://twitter.com/SenFranken/status/887369375925362688
SdFiona;2017-07-18 13:50;0;0;"Can Dems come up with fixes to Obamacare and present them to us citizens?";;;;"887369105572904962";https://twitter.com/SdFiona/status/887369105572904962
yamba2016;2017-07-18 13:50;0;0;"Why dont the dems actually have a plan to fix obamacare. Take charge, your sitting back playing with people's lives";;;;"887368888991727616";https://twitter.com/yamba2016/status/887368888991727616
SenFranken;2017-07-18 13:48;120;474;"I joined @ SenatorTomUdall, @ SenatorCantwell, @ SenCortezMasto, @ SenatorTester, @ SenatorHeitkamp, tribal leaders to discuss health care today.pic.twitter.com/3psxBAPsQ9";;@ @ @ @ @;;"887368422107090944";https://twitter.com/SenFranken/status/887368422107090944
Terafiable;2017-07-18 13:43;0;0;"I do, but you haven't responded to any of my tweets, faxes, or phone calls. Where do you stand on # SinglePayer, Catherine? # Medicare4All";;;# #;"887367342610567168";https://twitter.com/Terafiable/status/887367342610567168
NevadaForward;2017-07-18 13:37;1;0;". @ SenCortezMasto on last 24 hours of # Trumpcare developments.https://twitter.com/SenCortezMasto/status/887364814259068928 …";;@;#;"887365846925926401";https://twitter.com/NevadaForward/status/887365846925926401
SenCortezMasto;2017-07-18 13:36;14;32;"Continue to call, tweet, write, post on social media & tell your representatives they need to protect your healthcare!";;;;"887365529475928068";https://twitter.com/SenCortezMasto/status/887365529475928068
SenCortezMasto;2017-07-18 13:33;30;104;"Thanks to all of the Nevadans that raised their voices, # Trumpcare is dead. But we cannot grow complacent. # ACA repeal would spell disaster.";;;# #;"887364814259068928";https://twitter.com/SenCortezMasto/status/887364814259068928
Terafiable;2017-07-18 12:17;0;0;"Keeping # ACA leaves 28m uninsured. The Democrats have turned their backs on the American people. # Medicare4All # SinglePayerNow";;;# # #;"887345610289840128";https://twitter.com/Terafiable/status/887345610289840128
BAILEYJ74;2017-07-18 06:40;0;1;""Anthem's decision to leave Nevada's exchange comes as Senate Republicans are debating their plan to repeal and replace parts of Obamacare."";;;;"887260848749772801";https://twitter.com/BAILEYJ74/status/887260848749772801
SolomonEnid;2017-07-18 02:59;0;0;"@ SenCortezMasto SAVE afforable healthcare bill .(do not repeal until something fabulous is put in place # raiseyourvoice # cantbequiet # resist";;@;# # #;"887205047913795584";https://twitter.com/SolomonEnid/status/887205047913795584
GeneralGCuster;2017-07-17 21:36;1;1;"Because # Trumpcare is terrible law that screws millions of people over! @ DeanHeller @ SenCortezMasto @ MayorSchieve @ MayorBobCrowellhttps://twitter.com/JerryMoran/status/887107267824406528 …";;@ @ @ @;#;"887123834343530496";https://twitter.com/GeneralGCuster/status/887123834343530496
RadicalGoats;2017-07-17 21:26;3;18;"That's a public option! # MedicareForAll";;;#;"887121328918192128";https://twitter.com/RadicalGoats/status/887121328918192128
Sage_dude;2017-07-17 21:21;3;9;"@ SenCortezMasto Quick fix for ACA: Offer Medicare/Medicaid Buy-In for those with limited insurance options. Premiums cover cost, not taxes.";;@;;"887120137001631744";https://twitter.com/Sage_dude/status/887120137001631744
SenCortezMasto;2017-07-17 16:59;10;17;"I’m hosting a Veteran & Family Career Fair @ unlv this Saturday. Bring your friends and family! RSVP to attend here:https://www.eventbrite.com/e/senator-cortez-masto-veteran-family-career-fair-workshop-at-unlv-tickets-34213485456 …";;@;;"887054155180904448";https://twitter.com/SenCortezMasto/status/887054155180904448
SenCortezMasto;2017-07-17 15:59;11;36;"# Trumpcare would be devastating for Nevadans in rural areas who now have care b/c of # ACA & # Medicaid. My colleagues need to read this.https://twitter.com/goldsteinamy/status/886698704488607744 …";;;# # #;"887038999575093248";https://twitter.com/SenCortezMasto/status/887038999575093248
SenCortezMasto;2017-07-17 14:35;12;20;"NV's seniors will suffer under Senate GOP's revised # Trumpcare bill. Seniors having to pay up to 5x more for care is immoral. Cc: @ AARPpic.twitter.com/OWWwhb0Jvu";;@;#;"887017968802123776";https://twitter.com/SenCortezMasto/status/887017968802123776
Milton_327;2017-07-17 14:20;0;0;"Give us the same healthcare John McCain gets. Give us a week off without the threat of losing our jobs.";;;;"887014180351606784";https://twitter.com/Milton_327/status/887014180351606784
f__of__x;2017-07-17 13:43;0;0;"I'm sure he's glad to have such great healthcare provided by the American Taxpayer.";;;;"887004730152542210";https://twitter.com/f__of__x/status/887004730152542210
SenCortezMasto;2017-07-17 12:14;22;33;"Senate Republicans new # Trumpcare bill is a sham and an affront to the American people.pic.twitter.com/ANl9VD9M8W";;;#;"886982378324996096";https://twitter.com/SenCortezMasto/status/886982378324996096
sheilafaye01_g;2017-07-17 11:40;0;0;"As soon as we save the ACA, It's time for # MedicareForAll. We can do this!";;;#;"886973888382488576";https://twitter.com/sheilafaye01_g/status/886973888382488576
SenCortezMasto;2017-07-17 10:53;16;26;"Senate GOP's # Trumpcare is just as dangerous as the bills that proceeded it.pic.twitter.com/oOXoDVBSxw";;;#;"886962144838901760";https://twitter.com/SenCortezMasto/status/886962144838901760
9ontheturn;2017-07-14 16:12;0;0;". @ SenCortezMasto are you able/willing to take calls from constituents? Why are the Republican senators scared of the people they work for? https://twitter.com/9ontheturn/status/885954576527970304 …";;@;;"885955189957550080";https://twitter.com/9ontheturn/status/885955189957550080
StarveThuhBeast;2017-07-14 16:12;0;3;". @ DeanHeller: I can't successfully run a simple opinion poll but let me fix your healthcare. Me: Psst, It's complicated.";;@;;"885955100933476352";https://twitter.com/StarveThuhBeast/status/885955100933476352
switchbackimage;2017-07-14 15:04;0;0;"@ dinatitus @ SenCortezMasto please reenforce jobloss in Healthcare fields before CBO. NV economy is unstable on tourism right now. https://twitter.com/switchbackimage/status/885930858128973824 …";;@ @;;"885938064367005697";https://twitter.com/switchbackimage/status/885938064367005697
DrJoeBentivegna;2017-07-14 13:07;0;0;"@ SenatorTester @ jontester @ SenatorFischer @ DebFischer2012 @ SenSasse @ Sasse4Senate @ SenCortezMasto # HealthcareBillhttps://www.youtube.com/watch?v=QQTX0DWonbE&t=16s …";;@ @ @ @ @ @ @;#;"885908550320574466";https://twitter.com/DrJoeBentivegna/status/885908550320574466
sterrywatson;2017-07-13 23:35;0;0;"@ SenCortezMasto @ SenatorCollins @ clairecmc @ SenWarren Time for the gals to get health care done? BUILD on success of ACA";;@ @ @ @;;"885704353939468288";https://twitter.com/sterrywatson/status/885704353939468288
midge219;2017-07-13 21:35;0;0;"@ SenCortezMasto https://www.americamagazine.org/politics-society/2017/07/10/senators-did-you-come-washington-take-health-care-sick-and-food-hungry …";;@;;"885674082724757505";https://twitter.com/midge219/status/885674082724757505
dennisroy;2017-07-13 21:01;0;0;"As your constituent I'd love to see @ SenDeanHeller and @ SenCortezMasto work with @ SenatorCollins to fix & strengthen Obamacare/ACAhttps://twitter.com/senatorcollins/status/885550308134408192 …";;@ @ @;;"885665596846751744";https://twitter.com/dennisroy/status/885665596846751744
DanPattersonUSA;2017-07-13 20:34;0;0;"Trumpcare will harm millions. Obamacare is weak. USA needs # SinglePayer # healthcare like all other leading nations. @ SenCortezMasto # Nevada";;@;# # #;"885658669479624704";https://twitter.com/DanPattersonUSA/status/885658669479624704
revmike42;2017-07-13 20:23;0;1;"Keep up the good work Senator, we need good Healthcare options!";;;;"885655932155330561";https://twitter.com/revmike42/status/885655932155330561
USAmovi;2017-07-13 16:30;0;0;". @ SenCortezMasto Trumpcare sería devastador para la comunidad latina gracias por prometer que votará NO a # Trumpcarepic.twitter.com/ZywQlNPWDL";;@;#;"885597200872382465";https://twitter.com/USAmovi/status/885597200872382465
lebelulademar;2017-07-13 15:25;0;0;"@ SenCortezMasto LGraham has new healthcare ideas is that true?HowWhat is in the bill and how does it effect NV? Protect Medicare Medicaid";;@;;"885580974720860160";https://twitter.com/lebelulademar/status/885580974720860160
lebelulademar;2017-07-13 15:11;0;1;"@ SenCortezMasto What about Medicare and Medicaid ? Eldery, poor, Veterans, children, addiction, mental health, prenatal, women's health";;@;;"885577444731699200";https://twitter.com/lebelulademar/status/885577444731699200
lebelulademar;2017-07-13 15:06;0;0;"@ SenCortezMasto Thank you Senator, What is in Cowardly Mitch's new healthcare bill? Tax 3.8% investment, Any other funding streams?";;@;;"885576243336237056";https://twitter.com/lebelulademar/status/885576243336237056
SenCortezMasto;2017-07-13 13:58;10;22;"My GOP colleagues should heed the advice of healthcare experts care and vote NO on # Trumpcare.";;;#;"885559086716211207";https://twitter.com/SenCortezMasto/status/885559086716211207
SenCortezMasto;2017-07-13 13:57;2;6;". @ SNHDinfo & @ HealthyWashoe wrote me recently explaining why they oppose # Trumpcare.https://twitter.com/reviewjournal/status/885337992084168704 …";;@ @;#;"885558722742935554";https://twitter.com/SenCortezMasto/status/885558722742935554
SenCortezMasto;2017-07-13 10:08;10;32;"People like Amy from Reno is why we must fight to ensure women have access to the basic healthcare @ PPFA provides. http://www.rgj.com/get-access/?return=http%3A%2F%2Fwww.rgj.com%2Fstory%2Fopinion%2Fvoices%2F2017%2F07%2F07%2Ftrumpcare-would-disaster-nevada-women-amy-conkey%2F457834001%2F …";;@;;"885501143870320640";https://twitter.com/SenCortezMasto/status/885501143870320640
garymartindc;2017-07-12 21:18;0;0;". @ SenCortezMasto releases letters from Nevada health districts opposing Senate health care bill. @ reviewjournal";;@ @;;"885307523091320834";https://twitter.com/garymartindc/status/885307523091320834
SenCortezMasto;2017-07-12 16:24;6;11;"Must-read from former Las Vegas mayor on why # Trumpcare could be harmful to women's health and economic security. https://lasvegassun.com/news/2017/jul/10/trumpcare-is-toxic/ …";;;#;"885233397551026180";https://twitter.com/SenCortezMasto/status/885233397551026180
operationH2012;2017-07-12 14:05;0;0;"The real @ SenDeanHeller position on Heathcare. @ SenCortezMasto @RepJackyRosen @ RepKihuen @ MMFlint @ maddow @ SenSchumerpic.twitter.com/q1oNcYoGVb";;@ @ @RepJackyRosen @ @ @ @;;"885198478430748672";https://twitter.com/operationH2012/status/885198478430748672
Xaosopher;2017-07-12 12:52;0;0;"And to get the homeless into homes? The unemployed a lifeline? Everyone health care?";;;;"885180044427108352";https://twitter.com/Xaosopher/status/885180044427108352
CAANevada;2017-07-12 12:32;0;0;"Letter to @ SenCortezMasto by NV healthcare advocates urges her to publicly reaffirm her rejection for BCRA & any bill that threats # Medicaidpic.twitter.com/V8QYHTOwF0";;@;#;"885174931079610368";https://twitter.com/CAANevada/status/885174931079610368
latinovictoryus;2017-07-12 09:31;5;4;"Senate # HealthcareBill could leave 122,500 in # NV w/o coverage! Contact your Senator: @ SenCortezMasto @ SenDeanHeller https://www.americanprogress.org/issues/healthcare/news/2017/06/27/435112/coverage-losses-state-senate-health-care-repeal-bill/ …pic.twitter.com/oWSATDpCmW";;@ @;# #;"885129368879509504";https://twitter.com/latinovictoryus/status/885129368879509504
NHeLP_org;2017-07-11 21:26;1;2;"# Medicaid is vital for the health of thousands in Nevada. The numbers don’t lie. Tell @ SenDeanHeller and @ SenCortezMasto to # protectourcare!pic.twitter.com/Z73FdHVznv";;@ @;# #;"884946921563066369";https://twitter.com/NHeLP_org/status/884946921563066369
Prd_American123;2017-07-11 17:29;0;0;"Abortion is not healthcare. # DefundPP";;;#;"884887350689628160";https://twitter.com/Prd_American123/status/884887350689628160
ljyphoto;2017-07-11 17:14;0;1;"Dear @ JeffFlake & @ SenJohnMcCain—Follow lead of @ SenCortezMasto. Release what percentage of letters/calls are opposed to # HealthcareBill.https://twitter.com/Indivisible_SAZ/status/884869757282918400 …";;@ @ @;#;"884883668577034240";https://twitter.com/ljyphoto/status/884883668577034240
ktjune4th;2017-07-11 12:28;0;1;"@ SenCortezMasto thank u for fighting for Nevadans & Americans. @ POTUS doesn't care about either.We need ppl like u who fight 4 what's right.";;@ @;;"884811586027769856";https://twitter.com/ktjune4th/status/884811586027769856
tracywilsonlmt;2017-07-11 12:16;0;0;"@ SenCortezMasto Oppose any provision to allow BLM to kill # wildhorses & burros or remove sale restrictions. # constituentscare";;@;# #;"884808699138539520";https://twitter.com/tracywilsonlmt/status/884808699138539520
Saltypatty;2017-07-11 00:40;0;1;"@ SenCortezMasto came out in support of a Public Option for Healthcare!!!";;@;;"884633460811235329";https://twitter.com/Saltypatty/status/884633460811235329
161TCB;2017-07-10 22:08;0;1;"Sycophant or not @ SenateGOP are willfully trying to kill Nevadans, Americans, People. Yucca is back! Healthcare gone! poor taxed more! wtf!pic.twitter.com/OuM31XxPWW";;@;;"884595108502360064";https://twitter.com/161TCB/status/884595108502360064
NevadaForward;2017-07-10 21:30;0;0;"ICYMI: Why did @ SenCortezMasto call # Trumpcare bill a "tragedy"? And what's next for the GOP # HealthcareBill? http://buff.ly/2u7007W";;@;# #;"884585578343399424";https://twitter.com/NevadaForward/status/884585578343399424
161TCB;2017-07-10 21:06;2;3;"# Democracy works when elected officials listen to the people.The people want # MedicareForAll Clearly. Listen to the people Senator # Humanitypic.twitter.com/4pIFz0VFi8";;;# # #;"884579557340205057";https://twitter.com/161TCB/status/884579557340205057
PanacheUS;2017-07-10 21:05;1;1;"Kudos Ms. IndivisibleHow bout a trip to the Senate this wk- help Dems protect our Hlthcare- push back on McConnell";;;;"884579295523459073";https://twitter.com/PanacheUS/status/884579295523459073
161TCB;2017-07-10 20:59;1;6;"# TrumpCareKills don't let it pass go. We rural Nevadans, Native Americans,Working Class, Poor, Voters; want healthcare IE Earned Benefitspic.twitter.com/posD5aNu4V";;;#;"884577790934175744";https://twitter.com/161TCB/status/884577790934175744
sheilafaye01_g;2017-07-10 20:54;0;0;"https://www.google.com/amp/s/fivethirtyeight.com/features/the-trump-administrations-own-data-says-obamacare-isnt-imploding/amp/ …";;;;"884576546106744832";https://twitter.com/sheilafaye01_g/status/884576546106744832
sheilafaye01_g;2017-07-10 20:49;0;0;"http://www.politifact.com/punditfact/statements/2017/mar/26/hugh-hewitt/obamacare-death-spiral/ …";;;;"884575276289609728";https://twitter.com/sheilafaye01_g/status/884575276289609728
sheilafaye01_g;2017-07-10 20:48;0;0;"https://www.google.com/amp/s/www.vox.com/platform/amp/policy-and-politics/2017/3/14/14921594/obamacare-implosion-ahca …";;;;"884575112627765248";https://twitter.com/sheilafaye01_g/status/884575112627765248
sheilafaye01_g;2017-07-10 20:47;0;0;"https://www.google.com/amp/s/www.washingtonpost.com/amphtml/posteverything/wp/2017/05/30/the-affordable-care-act-is-neither-imploding-nor-collapsing/ …";;;;"884574945161789441";https://twitter.com/sheilafaye01_g/status/884574945161789441
sheilafaye01_g;2017-07-10 20:47;0;2;"http://www.npr.org/2017/03/27/521441490/fact-check-trump-says-obamacare-is-exploding-its-not …";;;;"884574776605278208";https://twitter.com/sheilafaye01_g/status/884574776605278208
sheilafaye01_g;2017-07-10 20:40;1;3;"Save the ACA so we can FIGHT for # MedicareForAll.";;;#;"884573142739333121";https://twitter.com/sheilafaye01_g/status/884573142739333121
galardmills;2017-07-10 20:10;1;2;"When does the AFFORDABLE part of the # ACA start? O'care has collapsed. Ins companies have left NV. Senator, pls repeal and replace!";;;#;"884565458635980800";https://twitter.com/galardmills/status/884565458635980800
carolmiglionic1;2017-07-10 20:01;0;0;"Then they will have no healthcare obummer cAre is imploding . no insurance co will cover it soon";;;;"884563193888198656";https://twitter.com/carolmiglionic1/status/884563193888198656
SenCortezMasto;2017-07-10 19:19;184;466;"Nearly 98% of the letters & 93% of calls my office has received on healthcare have been against # Trumpcare. NV wants their care protected.";;;#;"884552657230336002";https://twitter.com/SenCortezMasto/status/884552657230336002
SenCortezMasto;2017-07-10 18:48;22;43;"The House & Senate versions # Trumpcare are tax cuts for the rich masquerading as healthcare bills that will cut access to care for the poor.https://twitter.com/TheNVIndy/status/883690685743775744 …";;;#;"884544888192335872";https://twitter.com/SenCortezMasto/status/884544888192335872
atdleft;2017-07-10 16:19;2;4;"Why did @ SenCortezMasto & NV # Healthcare advocates describe # Trumpcare bill as "tragedy"? Read @ NevadaForward. http://nevadaforward.com/2017/07/10/catherine-cortez-masto-calls-trumpcare-tragedy/ …";;@ @;# #;"884507428020076544";https://twitter.com/atdleft/status/884507428020076544
BattleBornProg;2017-07-10 16:17;0;3;"Why did @ SenCortezMasto & NV # healthcare advocates call # Trumpcare a "tragedy"? READ @ NevadaForward. http://bit.ly/2uJWhLH";;@ @;# #;"884506921709035522";https://twitter.com/BattleBornProg/status/884506921709035522
NevadaForward;2017-07-10 16:14;1;1;"Why did @ SenCortezMasto call # Trumpcare bill a "tragedy"? See her take on Senate # HealthcareBill http://buff.ly/2t77lQR";;@;# #;"884506182446141440";https://twitter.com/NevadaForward/status/884506182446141440
NLuvWitUOnly;2017-07-10 14:59;0;2;"# nature # NationalPark # goldbutte # Trumpcare leave a comment save our Parks!! Now they want to shut us out at # Parks?? # corporategreed";;;# # # # # #;"884487347605078016";https://twitter.com/NLuvWitUOnly/status/884487347605078016
NPWF;2017-07-10 12:16;7;4;"Medicaid is vital for the health of thousands in Nevada. The numbers don’t lie. Tell @ SenDeanHeller and @ SenCortezMasto to # protectourcare!pic.twitter.com/VrcT4ipsTW";;@ @;#;"884446140141318144";https://twitter.com/NPWF/status/884446140141318144
nv4hcn;2017-07-10 08:01;0;0;"# Medicare has a great deal more efficiency and it has everything to do with such argument. We pay more as individuals than we'd be taxed.pic.twitter.com/UcfNeBbTvP";;;#;"884382093546987521";https://twitter.com/nv4hcn/status/884382093546987521
VegasNativeToo;2017-07-10 03:10;0;0;"That has absolutely nothing to do with Medicare.";;;;"884308724029857792";https://twitter.com/VegasNativeToo/status/884308724029857792
nv4hcn;2017-07-10 02:27;0;0;"Private insurance spends A LOT denying claims, marketing, and paying executives. We pay for that. We can easily afford # MedicareForAll.";;;#;"884298105943859201";https://twitter.com/nv4hcn/status/884298105943859201
nv4hcn;2017-07-10 02:24;0;0;"Different. # PublicOption is government program within private market. # MedicareForAll would be tax funded, eliminating for-profits.";;;# #;"884297134056497152";https://twitter.com/nv4hcn/status/884297134056497152
SarahMahler1;2017-07-08 20:28;0;2;"A majority of physicians and constituents favor medicare 4 all";;;;"883845369137844224";https://twitter.com/SarahMahler1/status/883845369137844224
sparky725C;2017-07-08 20:01;0;0;"@ SenDeanHeller @ SenCortezMasto # NV # Healthcare not # Wealthcarehttps://twitter.com/StopBigMoney/status/883835171778301952 …";;@ @;# # #;"883838537304481792";https://twitter.com/sparky725C/status/883838537304481792
VegasNativeToo;2017-07-08 15:36;0;0;"We can't afford Medicare for all.";;;;"883771804023635969";https://twitter.com/VegasNativeToo/status/883771804023635969
SteveSebelius;2017-07-08 12:36;2;3;"More on @ SenCortezMasto’s UMC visit Friday from my # PoliticsNOW co-host @ PatrickWalker: http://www.lasvegasnow.com/news/study-328000-nevadans-to-be-kicked-off-health-care-cortez-masto-speaks-out-against-gop-plan/760584953 …";;@ @;#;"883726556899586048";https://twitter.com/SteveSebelius/status/883726556899586048
Ontheotherhand;2017-07-08 12:17;3;2;"# MedicareForAll # Trumpcare will bankrupt many or send most to the ER for primary carepic.twitter.com/KME6pqRNLE";;;# #;"883721819722829824";https://twitter.com/Ontheotherhand/status/883721819722829824
stew_boss;2017-07-08 10:52;1;2;". @ 8NewsNow: Study: 328,000 Nevadans to be kicked off health care; @ SenCortezMasto speaks out against GOP plan http://www.lasvegasnow.com/news/study-328000-nevadans-to-be-kicked-off-health-care-cortez-masto-speaks-out-against-gop-plan/760584953 …";;@ @;;"883700401903550466";https://twitter.com/stew_boss/status/883700401903550466
johncha68422699;2017-07-08 08:01;0;0;"Meidcare for all will bankrupt country, result in rationing, "death panels" decide who gets medical care. Current M'care/Soc Sec are broken.";;;;"883657238316843009";https://twitter.com/johncha68422699/status/883657238316843009
DTPJustin;2017-07-07 23:35;0;1;"I wish folks would just open their eyes. But you're totally right, all they care about is pissing off the "snowflake liberals". Nothing else";;;;"883530051941089281";https://twitter.com/DTPJustin/status/883530051941089281
taxonomyofbirds;2017-07-07 22:53;1;0;"BCRA -- the @ SenateGOP healthcare bill. BRCA -- the breast cancer gene. Weird right? Vote NO @ SenDeanHeller and @ SenCortezMasto";;@ @ @;;"883519303793770497";https://twitter.com/taxonomyofbirds/status/883519303793770497
Hi_IQ_Trump;2017-07-07 18:51;0;0;"I see healthcare isn't the only thing you don't understand.";;;;"883458409923833856";https://twitter.com/Hi_IQ_Trump/status/883458409923833856
RangerClaymore;2017-07-07 16:15;0;0;"Yes, please work on a platform for a bipartisan fix of Obamacare.";;;;"883419211917217792";https://twitter.com/RangerClaymore/status/883419211917217792
SenCortezMasto;2017-07-07 14:16;11;38;"NV has seen the successes of # ACA in improving access to care. While the law isn't perfect, we can come together to fix what doesn't work.";;;#;"883389248518463489";https://twitter.com/SenCortezMasto/status/883389248518463489
SenCortezMasto;2017-07-07 14:12;21;50;"There is not a single provision in Senate GOP version of # Trumpcare that will result in 'better care' or lower costs for anyone in Nevada.pic.twitter.com/0ulRZhoxDo";;;#;"883388309036290048";https://twitter.com/SenCortezMasto/status/883388309036290048
SenCortezMasto;2017-07-07 14:10;25;49;"Joined Nevadans Together for Medicaid to discuss their new report on # Trumpcare. An estimated 328k Nevadans are at risk of losing healthcarepic.twitter.com/P4agw4zfQs";;;#;"883387701558489088";https://twitter.com/SenCortezMasto/status/883387701558489088
jgillanNews3LV;2017-07-07 13:56;3;1;". @ SenCortezMasto calling on Republicans to fix Obamacare, not repeal and replace @ UMCSN @ News3LVpic.twitter.com/vsX2nGR2J6";;@ @ @;;"883384143664398337";https://twitter.com/jgillanNews3LV/status/883384143664398337
PatrickWalker;2017-07-07 13:41;0;0;"@ SenCortezMasto says she hasn't spoken with @ SenDeanHeller about healthcare bill. # 8NN # 8NNpoliticspic.twitter.com/2RM2x19LTQ";;@ @;# #;"883380550857179136";https://twitter.com/PatrickWalker/status/883380550857179136
CAANevada;2017-07-07 12:48;0;0;"@ SenCortezMasto mentions that 95% of mail that comes to her office from Nevada, is from constituents asking her to protect their healthcare. pic.twitter.com/2wb7Mn27sV";;@;;"883367230271922176";https://twitter.com/CAANevada/status/883367230271922176
PatrickWalker;2017-07-07 12:47;5;11;"@ SenCortezMasto blasts Senate healthcare bill for being drafted behind closed doors by 13 Republican men; says it won't help anybody. # 8NNpic.twitter.com/uE0z4PxTnV";;@;#;"883366769808744449";https://twitter.com/PatrickWalker/status/883366769808744449
PatrickWalker;2017-07-07 12:42;0;0;"@ SenCortezMasto: "What I am watching is a tragedy," calls healthcare bill a tax cut for the rich at the expense of the poor. # 8NNpic.twitter.com/eA3BZHbQkg";;@;#;"883365686050865153";https://twitter.com/PatrickWalker/status/883365686050865153
OurPublicLands;2017-07-07 12:20;1;2;"Nevada cares about # wildlife--Let the # sagegrouse plans work # NVWildlifeFederation http://on.rgj.com/2sxCu0f @ SenDeanHeller @ SenCortezMasto";;@ @;# # #;"883360159317204992";https://twitter.com/OurPublicLands/status/883360159317204992
NWF_RMRC;2017-07-07 12:20;0;0;"Nevada cares about # wildlife--Let the # sagegrouse plans work # NVWildlifeFederation http://on.rgj.com/2sxCu0f @ SenDeanHeller @ SenCortezMasto";;@ @;# # #;"883360159170527233";https://twitter.com/NWF_RMRC/status/883360159170527233
JudithKohler;2017-07-07 11:59;0;2;"Westerners care about wildlife--Let the # sagegrouse plans work # NVWildlifeFederation http://on.rgj.com/2sxCu0f @ SenDeanHeller @ SenCortezMasto pic.twitter.com/NNdKXoP3Kx";;@ @;# #;"883354788770963456";https://twitter.com/JudithKohler/status/883354788770963456
johncha68422699;2017-07-07 08:54;0;0;"Obamacare's collapsing/Taxes,Mandates,Penalties kill jobs/destroy economy. Medicaid expansion's unaffordable/irresponsible.Will bankrupt US.";;;;"883308266591211522";https://twitter.com/johncha68422699/status/883308266591211522
johncha68422699;2017-07-07 08:37;0;0;"ACA/Obamacare taxes/mandates/penalties kill jobs & harm econ. growth. Medicaid expansion's irresponsible/unaffordable, Will bankrupt US& NV.";;;;"883303851440226304";https://twitter.com/johncha68422699/status/883303851440226304
johncha68422699;2017-07-07 08:28;0;0;"ACA/Obamacare is collapsing. It doubled prems/deductibles & vastly expandeed Medicaid (rife wi/ fraud &waste) to 74 mil-many illegal aliens.";;;;"883301592006406145";https://twitter.com/johncha68422699/status/883301592006406145
immanentfields;2017-07-06 15:56;0;2;". @ SenCortezMasto, @RepJackyRosen hasn't cosponsored # HR676 in the house, which would provide healthcare for all Americans. You support this?";;@ @RepJackyRosen;#;"883052057531371520";https://twitter.com/immanentfields/status/883052057531371520
TestMovimiento;2017-07-05 16:39;0;0;". @ SenCortezMasto Trumpcare sería devastador para la comunidad latina, gracias por prometer que votará NO a # Trumpcarepic.twitter.com/VMp6XmYGVb";;@;#;"882700573992255489";https://twitter.com/TestMovimiento/status/882700573992255489
nevadamrjones;2017-07-04 23:23;12;6;". @ DeanHeller . @ MarkAmodeiNV2 . @ SenCortezMasto Bad enough they want to take away health care. This is the only medicine some people can get https://twitter.com/mdblanchfield/status/882330242911698944 …";;@ @ @;;"882439664795230208";https://twitter.com/nevadamrjones/status/882439664795230208
galardmills;2017-07-03 15:27;0;0;"@ SenCortezMasto Senator, pls educate your constituents. # ACA fail has left 14 counties w/ no ins. Repeal & replace. http://dailycaller.com/2017/07/03/prostitutes-unite-to-protest-trumpcare/?utm_campaign=atdailycaller&utm_source=Twitter&utm_medium=Social …";;@;#;"881957509489057792";https://twitter.com/galardmills/status/881957509489057792
Mittineague;2017-07-03 00:22;1;0;". @ SenatorTomUdall @ SenCortezMasto @ SenDeanHeller Please consign # BCRA to trash heap Get serious + fix # ACA or # singlepayer # MedicareForAll";;@ @ @;# # # #;"881729845083942912";https://twitter.com/Mittineague/status/881729845083942912
voterin89179;2017-07-02 22:15;0;0;"@ SenDeanHeller @ SenCortezMasto please listen to @ RandPaul and get @ SenateMajLdr to stop spending and properly fix obamacare. # stopspending";;@ @ @ @;#;"881697966242779136";https://twitter.com/voterin89179/status/881697966242779136
Saintsfan5348;2017-07-02 12:37;0;0;"@ SenDeanHeller @ SenCortezMasto Please, I am a constituent that is begging you not to take away our health care. # VoteNoBCRA https://twitter.com/TopherSpiro/status/881512014232911872 …";;@ @;#;"881552508291694592";https://twitter.com/Saintsfan5348/status/881552508291694592
galardmills;2017-07-02 11:16;0;0;"14 of our counties have no Obamacare provider. 14! O'care has failed. Pls repeal and replace!";;;;"881531929584992257";https://twitter.com/galardmills/status/881531929584992257
galardmills;2017-07-02 11:13;0;0;"@ SenCortezMasto Schumer: "Democrats are ready to turn the page on health care." Sen, time for you to stop your obstruction, and act for NV!";;@;;"881531202057904128";https://twitter.com/galardmills/status/881531202057904128
hatchnoles;2017-07-02 10:37;0;0;"Morning' @ SenDeanHeller Check this out, it's from @ SenCortezMasto, she points out that 18,000 NEVADA VETERANS will lose care... VETERANS https://twitter.com/SenCortezMasto/status/880489795545423873 …";;@ @;;"881522148870725632";https://twitter.com/hatchnoles/status/881522148870725632
Strickalator;2017-07-01 18:39;1;1;"I have no Justice yet, but there's evidence. I need a lawyer. A high profile one. I'm the LTQQI of # LGBTQIA a disabled woman seeking care!";;;#;"881281091335618561";https://twitter.com/Strickalator/status/881281091335618561
sattler_diane;2017-07-01 13:38;0;0;"not sure I get your post - but if you think the health care bill being proposed is good - you are deranged. Misunderstood?";;;;"881205402414702592";https://twitter.com/sattler_diane/status/881205402414702592
roblesnadjuntas;2017-07-01 13:34;0;1;"Who cares";;;;"881204310176038912";https://twitter.com/roblesnadjuntas/status/881204310176038912
johncha68422699;2017-07-01 09:02;0;0;"Repeal Collapsing Obamacare w/irresponsible/unaffordable Medicaid expansion. Don't bankrupt USA/NV with out-of-control schemes to buy votes.";;;;"881135905297149952";https://twitter.com/johncha68422699/status/881135905297149952
sparky725C;2017-06-30 20:02;0;0;"Thank you @ SenCortezMasto for pro-actively trying to protect Nevadians. # NV # Healthcarehttps://twitter.com/sparky725C/status/880939386107379713 …";;@;# #;"880939724248031232";https://twitter.com/sparky725C/status/880939724248031232