jqanderson1;2017-07-24 19:59;0;0;"The GOP don't want to have a great healthcare system. They want people dying as soon as possible and the more the merrier.";;;;"889636192525963264";https://twitter.com/jqanderson1/status/889636192525963264
kenned39494;2017-07-24 19:54;0;2;"We need to support them 2 make sure vet healthcare & family healthcare is protected. Do not turn your back on them! Trump doesn't care!!!!!";;;;"889634829867913216";https://twitter.com/kenned39494/status/889634829867913216
karlyncallahan;2017-07-24 19:03;0;0;"@ SenatorDurbin @ SenDuckworth There you go. # Obamacare is DEAD! REPEAL IThttps://twitter.com/realDonaldTrump/status/889599425458327552 …";;@ @;#;"889622185228328961";https://twitter.com/karlyncallahan/status/889622185228328961
cs501;2017-07-24 18:44;0;1;"That's why we love you, Senator Duckworth. You care about the people of Illinois!";;;;"889617191020224512";https://twitter.com/cs501/status/889617191020224512
DoodlingDev;2017-07-24 18:00;0;0;"@ SenDuckworth @ SenatorDurbin as a constituent, I hope that you're readying amendments to filibuster whatever "healthcare" bill is coming";;@ @;;"889606124382638082";https://twitter.com/DoodlingDev/status/889606124382638082
claudwal;2017-07-24 17:50;0;0;"@ SenDuckworth Please vote NO on the health care bill tomorrow.";;@;;"889603681758437376";https://twitter.com/claudwal/status/889603681758437376
ItsLorett;2017-07-24 17:17;0;1;"Your constituents are depending on you, @ SenDuckworth. Vote 'no' on # Obamacare repeal.";;@;#;"889595421760344064";https://twitter.com/ItsLorett/status/889595421760344064
BurgerDogBoy;2017-07-24 16:55;0;0;"@ SenDuckworth @ SenatorDurbin Healthcare landscape in America would be helped if pharma advertising to consumers was banned.";;@ @;;"889589986605096963";https://twitter.com/BurgerDogBoy/status/889589986605096963
Roxane_I_am;2017-07-24 16:46;0;2;"Who do you call when your senators @ SenDuckworth & @ SenatorDurbin are cool and don't want to take healthcare away from 22 million Americans?";;@ @;;"889587502931202048";https://twitter.com/Roxane_I_am/status/889587502931202048
erikadee;2017-07-24 16:44;0;0;"@ SenatorDurbin @ SenDuckworth - please stand strong against the healthcare bill coming up for a vote.";;@ @;;"889587068686540801";https://twitter.com/erikadee/status/889587068686540801
indivisible606;2017-07-24 16:37;6;21;"Delivering these postcards this afternoon. Ppl really want to keep their healthcare! Thanks @ SenatorDurbin & @ SenDuckworth for fighting! pic.twitter.com/Z4B3yyOcnx";;@ @;;"889585391405281280";https://twitter.com/indivisible606/status/889585391405281280
nursiegal75;2017-07-24 16:29;0;0;"@ SenatorDurbin @ SenDuckworth # SaveMedicaid # SaveMedicare # SaveTheACA # SaveObamacare # KillTheBill # HealthcareMattersToMe # SaveSocialSecuritypic.twitter.com/9cF8mRFSvh";;@ @;# # # # # # #;"889583371294302208";https://twitter.com/nursiegal75/status/889583371294302208
LHaule;2017-07-24 16:22;0;0;"@ SenDuckworth @ SenatorDurbin Pls fight Sen healthcare poison pill/disaster bill & unworthy efforts to sell it to Repub Senators by any means";;@ @;;"889581523875250177";https://twitter.com/LHaule/status/889581523875250177
ImaTrouble9;2017-07-24 15:39;0;0;". @ SenDuckworth, please # WorkTogether on real # HealthcareSOLUTIONS that meet our needs & # ProtectOurCare. # TWpic.twitter.com/15XQB3Gw4b";;@;# # # #;"889570870020063233";https://twitter.com/ImaTrouble9/status/889570870020063233
kirschbaum930;2017-07-24 14:06;0;0;"He also issued an illegal order when he ordered military members to call their senators and tell them to vote for trumpcare.";;;;"889547270034788353";https://twitter.com/kirschbaum930/status/889547270034788353
TLamountain;2017-07-24 13:03;0;0;"please support single-payer healthcare";;;;"889531377338765312";https://twitter.com/TLamountain/status/889531377338765312
DoctorSadieL;2017-07-24 12:16;4;1;"1.5 million kids in Illinois rely on # Medicaid and CHIP for healthcare, including medically fragile children and those in foster care.";;;#;"889519748110839808";https://twitter.com/DoctorSadieL/status/889519748110839808
jdsykes;2017-07-24 11:33;0;1;"Precisely. Our own president is putting our country at risk, and doesn’t even seem to care.";;;;"889508859169169409";https://twitter.com/jdsykes/status/889508859169169409
francisconguy16;2017-07-24 11:30;0;0;"Duckworth and McCain are always heroes of America. They served this country and care abo the Health of American people. God bless them all";;;;"889508161450680320";https://twitter.com/francisconguy16/status/889508161450680320
WomanResistorNC;2017-07-24 11:24;2;1;". @ SenDuckworth, please # WorkTogether on real # HealthcareSOLUTIONS # ProtectOurCare. # TW Support HB676 Medicare 4 all!pic.twitter.com/gEeoKPr2jC";;@;# # # #;"889506576343736320";https://twitter.com/WomanResistorNC/status/889506576343736320
BillWalker14;2017-07-24 10:09;0;0;"@ SenatorDurbin @ SenDuckworth We are counting on you to ensure # Trumpcare never leaves the Senate. # MedicareForAll # filibusteramendment";;@ @;# # #;"889487617070333952";https://twitter.com/BillWalker14/status/889487617070333952
dabenkerry;2017-07-24 08:18;0;0;". @ SenDuckworth, please # WorkTogether on real # HealthcareSOLUTIONS that meet our needs & # ProtectOurCare. # TWpic.twitter.com/BdEjYfnlSi";;@;# # # #;"889459840778555392";https://twitter.com/dabenkerry/status/889459840778555392
Practicadealist;2017-07-24 06:48;0;0;"Also, in a society, people work together and help each other out. Healthcare is a basic right, so yeah, you should be willing to help out.";;;;"889437197828583424";https://twitter.com/Practicadealist/status/889437197828583424
StephenButler55;2017-07-24 03:36;0;0;"So you want the rest of us to pay for your care? Why would that be fair?";;;;"889388847041191936";https://twitter.com/StephenButler55/status/889388847041191936
WendyBrandes;2017-07-23 23:53;1;1;". @ SenDuckworth, please # WorkTogether on real # HealthcareSOLUTIONS that meet our needs & # ProtectOurCare. # TWpic.twitter.com/NcgDQLMA4q";;@;# # # #;"889332790596120577";https://twitter.com/WendyBrandes/status/889332790596120577
silversdave;2017-07-23 14:16;0;0;"@ SenatorDurbin @ SenDuckworth @ PutinRF_Eng couldn't have a better spokesman than our @ POTUS Walls, Travel Bans & no creative # Healthcare # RTpic.twitter.com/JfsFFH1Eq4";;@ @ @ @;# #;"889187577990873088";https://twitter.com/silversdave/status/889187577990873088
EmmanuelUrhie;2017-07-23 12:29;0;0;"@ SenDuckworth Unite with all Dems, & get GOP on ur side, 2 fight against Obamacare repeal. Create effective tax reform 4 low-income families";;@;;"889160586331914241";https://twitter.com/EmmanuelUrhie/status/889160586331914241
imagineworksllc;2017-07-23 00:52;0;1;"@ SenSchumer @ SenatorDurbin @ SenDuckworth @ RepAdamSchiff Can u do something abt this?Ppl won't b able 2 get ins & trumpcare will get passed.";;@ @ @ @;;"888985237098831872";https://twitter.com/imagineworksllc/status/888985237098831872
LisaGatzke1;2017-07-23 00:34;0;0;"@ SenDuckworth I want to know who all our tax $$ are benefitting since they are so hell bent on denying us the benefit of decent healthcare https://twitter.com/senduckworth/status/888907312970203138 …";;@;;"888980561917870081";https://twitter.com/LisaGatzke1/status/888980561917870081
realMacMadame;2017-07-23 00:13;1;1;". @ SenatorFischer, @ SenDuckworth # WorkTogether on real # HealthcareSOLUTIONS that meet our needs # ProtectOurCare. # TWpic.twitter.com/K28lMh1flw";;@ @;# # # #;"888975379280543749";https://twitter.com/realMacMadame/status/888975379280543749
RightousMind2;2017-07-22 22:39;0;0;"Trump voters don't care about Russia or fair elections - They just want that high $ job & cheap healthcare they were promised- Self-interest";;;;"888951692288458752";https://twitter.com/RightousMind2/status/888951692288458752
freedom_ns;2017-07-22 16:29;1;0;". @ SenDuckworth, please # WorkTogether on real # HealthcareSOLUTIONS that meet our needs & # ProtectOurCare. # TWpic.twitter.com/qN2hXpLpON";;@;# # # #;"888858603356028928";https://twitter.com/freedom_ns/status/888858603356028928
ChezAprilKern;2017-07-22 16:14;0;0;"A lot of people had coverage prior to Obamacare and now don't. Cruz's proposal actually has MORE people with coverage than Obamacare.";;;;"888854897105534976";https://twitter.com/ChezAprilKern/status/888854897105534976
snowakowski4574;2017-07-22 13:09;14;30;"@ SenDuckworth advocated for Veterans, trying to get guaranteed healthcare for vets but GOP shut her down. Thankyou SenDuckworth for advocacy";;@;;"888808307443458052";https://twitter.com/snowakowski4574/status/888808307443458052
WalzForCongress;2017-07-22 08:16;1;6;"And retain citizenship = the right to vote, access to small biz loans, affordable education, healthcare, livable wage. We move fwd together.";;;;"888734595981725697";https://twitter.com/WalzForCongress/status/888734595981725697
AngryMongo;2017-07-21 19:37;0;0;"@ SenateDems @ SenBobCasey @SenBookerOffice @ SenDuckworth @ alfranken @ KamalaHarris We trust you. We need you. # Healthcarehttps://twitter.com/NPR/status/888540424922693632 …";;@ @ @SenBookerOffice @ @ @;#;"888543459270811648";https://twitter.com/AngryMongo/status/888543459270811648
bigfatandrew;2017-07-21 19:11;0;0;"@ SenDuckworth vote no on Obamacare repeal please.";;@;;"888536922729189376";https://twitter.com/bigfatandrew/status/888536922729189376
d_l2lp;2017-07-21 16:37;0;0;"@ SenDuckworth I am a constituent concerned about the future of my health care. Put http://patientsbeforepolitics.org  and vote NO.";;@;;"888498072241754112";https://twitter.com/d_l2lp/status/888498072241754112
KatMarley55;2017-07-21 10:06;2;2;"Trump acts on his threat to dismantle Obama care so it fails!he "wins"; Americans lose & die.SOS! @ RepKinzinger @ SenDuckworth @ SenDuckworth https://twitter.com/crainschicago/status/888118528292773902 …";;@ @ @;;"888399838332801024";https://twitter.com/KatMarley55/status/888399838332801024
LynnInTheHouse1;2017-07-20 23:49;0;0;"@ SenatorDurbin @ SenDuckworth Notice everything Raja is doing to protect democracy & fight Trump's corruption? What are you doing? I'm scared https://twitter.com/LynnInTheHouse1/status/888242462220857344 …";;@ @;;"888244442687262721";https://twitter.com/LynnInTheHouse1/status/888244442687262721
galemaxey;2017-07-20 22:46;0;0;"Medicare No Medicaid, well maybe. Medicaid has turned into nothing more than medical welfare, and needs to be reigned in.";;;;"888228759588843520";https://twitter.com/galemaxey/status/888228759588843520
ColtsFan254;2017-07-20 21:55;0;0;"Healthcare and education are not enumerated rights of the federal government and are under state authourity. Butt out.";;;;"888215917473222657";https://twitter.com/ColtsFan254/status/888215917473222657
MYHDSpringer;2017-07-20 18:12;1;2;"Make healthcare universal in America";;;;"888159665581940741";https://twitter.com/MYHDSpringer/status/888159665581940741
SenatorDurbin;2017-07-20 17:00;23;97;"Talked health care and other issues important to Illinoisans at today’s Constituent Coffee with @ SenDuckworth. pic.twitter.com/2CNL2j3r2G";;@;;"888141658986094592";https://twitter.com/SenatorDurbin/status/888141658986094592
EdIra4;2017-07-20 12:56;0;0;"You want public option, go get VA care";;;;"888080232237985793";https://twitter.com/EdIra4/status/888080232237985793
CitizenActionIL;2017-07-20 12:53;7;7;"Who is @ GovRauner expressing his "concerns" about health care to? Not @ SenatorDurbin or @ SenDuckworth. STMT here:http://www.citizenaction-il.org/node/497";;@ @ @;;"888079381083676672";https://twitter.com/CitizenActionIL/status/888079381083676672
edutinker;2017-07-20 12:26;0;0;"We would like both healthcare and education and at minimum a strong public option for both, please and thank you.";;;;"888072618028519425";https://twitter.com/edutinker/status/888072618028519425
SenDuckworth;2017-07-20 12:08;32;151;"Joined @ SenatorDurbin at this morning’s Constituent Coffee to hear from Illinoisans on healthcare, education & other key issuespic.twitter.com/UtsRWRkoGz";;@;;"888068022170267648";https://twitter.com/SenDuckworth/status/888068022170267648
ILSinglePayer;2017-07-20 10:43;1;3;"Now that awful # Trumpcare has been stopped (for now), will you publicly support # singlepayer @ DickDurbin @ SenDuckworth? # MedicareForAll";;@ @;# # #;"888046608209915904";https://twitter.com/ILSinglePayer/status/888046608209915904
ronnig61;2017-07-20 10:27;0;0;"Here’s Why Yellen’s Fed Cares About America’s Opioid Epidemic @ RepSchneider @ SenatorDurbin @ SenDuckworth https://www.bloomberg.com/news/articles/2017-07-20/here-s-why-yellen-s-fed-cares-about-america-s-opioid-epidemic …";;@ @ @;;"888042677102665729";https://twitter.com/ronnig61/status/888042677102665729
rigeorge27y;2017-07-20 10:13;0;0;"Now let's work to see that every vet has access to the same quality of care.";;;;"888039083817279488";https://twitter.com/rigeorge27y/status/888039083817279488
juliejramsay;2017-07-20 09:50;2;1;"Palliative and hospice care can improve the quality of life 4 those with # ALZ & their caregivers @ SenDuckworth PLZ cosponsor # PCHETA # S693";;@;# # #;"888033312425562112";https://twitter.com/juliejramsay/status/888033312425562112
emptynest36;2017-07-20 07:53;0;0;"@ SenDuckworth thoughts to JM, all Americans need access to the same healthcare he enjoys";;@;;"888004017007230978";https://twitter.com/emptynest36/status/888004017007230978
Karen3737;2017-07-20 06:39;0;0;"He was going to vote to take health care from millions of people.";;;;"887985392728907777";https://twitter.com/Karen3737/status/887985392728907777
Donna83529215;2017-07-20 01:22;0;0;"@ AP mauve get out and talk to people. Obamacare is killing us!!! Do you understand???????";;@;;"887905644933775361";https://twitter.com/Donna83529215/status/887905644933775361
NapThoughts;2017-07-19 22:27;1;5;"Maybe in his honor the senate could come up with a health plan that wouldn't bankrupt him if he was on it # trumpcare";;;#;"887861483647971328";https://twitter.com/NapThoughts/status/887861483647971328
JoeBReporter;2017-07-19 20:58;0;0;". @ SenDuckworth statement on @ USCBO score of GOP healthcare bill # Obamacarepic.twitter.com/f5zhqo5ooY";;@ @;#;"887839111930839040";https://twitter.com/JoeBReporter/status/887839111930839040
cmmgirl50;2017-07-19 20:38;0;0;"The government should not be in the healthcare business we are not communist socialist stop trying to make us that";;;;"887833974382448641";https://twitter.com/cmmgirl50/status/887833974382448641
SimpleTOE;2017-07-19 20:19;1;0;"Or reducing @ MedicareGov age to 0 & pay for it by ending FICA $110000 limit? @ USCBO # CBOSCORE that!";;@ @;#;"887829177377980416";https://twitter.com/SimpleTOE/status/887829177377980416
SimpleTOE;2017-07-19 20:16;1;1;"Or Allowing @ MedicareGov to bargain with drug companies for more reasonable prices?";;@;;"887828519815966720";https://twitter.com/SimpleTOE/status/887828519815966720
SimpleTOE;2017-07-19 20:14;1;1;"Is one that @ MedicareGov could offer prorated policies for those under 65 that would save it money through prevention of serious disease?";;@;;"887828115094999041";https://twitter.com/SimpleTOE/status/887828115094999041
Brian_the_kidd;2017-07-19 19:57;0;0;"yeah, like stay out! Your party messed up healthcare, can't trust # Government to fix anything. Just cost more and worse results.";;;#;"887823639013466114";https://twitter.com/Brian_the_kidd/status/887823639013466114
MomSkelton;2017-07-19 19:35;0;0;"Nor the 1.75 Million Veterans on Medicaid McCain got lifesaving @ MayoClinic healthcare why doesn't one @ SenateGOP CARE About Veterans";;@ @;;"887818287798669312";https://twitter.com/MomSkelton/status/887818287798669312
curlielocks68;2017-07-19 19:32;0;0;"Healthcare is not the job of the federal government. It's that simple.";;;;"887817448858279936";https://twitter.com/curlielocks68/status/887817448858279936
jbirchlove;2017-07-19 19:06;1;5;"Like Medicare for all?";;;;"887810813435707392";https://twitter.com/jbirchlove/status/887810813435707392
Chicago_Todd;2017-07-19 19:05;0;0;"If you aren't mentioning at minimum a public option,in your tweets about healthcare, you shouldn't be tweeting.";;;;"887810699417845762";https://twitter.com/Chicago_Todd/status/887810699417845762
SenDuckworth;2017-07-19 19:03;136;387;"There are honest-to-goodness fixes to the ACA that both @ SenateDems& @ SenateGOP alike can support to improve our nation’s healthcare system…";;@ @;;"887810130179276801";https://twitter.com/SenDuckworth/status/887810130179276801
curlielocks68;2017-07-19 17:31;0;0;"Don't care about that. Rules to get in, need to follow them. How else do you budget resources. Oh yah, the magic money tree.";;;;"887786936605212673";https://twitter.com/curlielocks68/status/887786936605212673
MYHDSpringer;2017-07-19 16:55;0;0;"Make healthcare universal single payer. Take insurance companies out of the loop.";;;;"887777946420826112";https://twitter.com/MYHDSpringer/status/887777946420826112
RevPastorJack;2017-07-19 16:53;0;0;"@ SenDuckworth Senator, repeal 100% of Obamacare, now! https://www.votervoice.net/AFA/campaigns/53675/respond …";;@;;"887777336573218816";https://twitter.com/RevPastorJack/status/887777336573218816
JulieLBlume;2017-07-19 16:00;0;0;"@ SenDuckworth Senator, repeal 100% of Obamacare, now! https://www.votervoice.net/AFA/campaigns/53675/respond …";;@;;"887764033385975810";https://twitter.com/JulieLBlume/status/887764033385975810
PamNuccio;2017-07-19 13:52;0;1;"Which Americans do you care about? Not the Americans harmed by the ACA. Fake Drama";;;;"887731982666543107";https://twitter.com/PamNuccio/status/887731982666543107
beeinchicago;2017-07-19 13:48;0;0;"@ SenDuckworth http://nymag.com/daily/intelligencer/2017/07/democrats-must-respond-to-the-collapse-of-trumpcare.html?utm_campaign=di&utm_source=tw&utm_medium=s1 … Democrats must respond to Trumpcare's collapse. Absolutely! Use the media!";;@;;"887730763487215616";https://twitter.com/beeinchicago/status/887730763487215616
jlschmedding;2017-07-19 13:41;0;0;"BS the Democrats screwed us all with Obamacare! REPEAL! You represent more than Cook County!";;;;"887729243811184640";https://twitter.com/jlschmedding/status/887729243811184640
KanableBock;2017-07-19 13:09;3;4;"palliative & hospice care can improve the quality of life 4 those w # ALZ & their caregivers @ SenDuckworth PLZ cosponsor # PCHETA # S693";;@;# # #;"887721178760179712";https://twitter.com/KanableBock/status/887721178760179712
BCsNext1Up;2017-07-19 11:33;0;0;"@ SenDuckworth thank you for fighting attacks on healthcare cuts on those that struggle.";;@;;"887697020483489793";https://twitter.com/BCsNext1Up/status/887697020483489793
GreggHoush;2017-07-19 11:23;0;0;"@ SenDuckworth $765 billion per year lost in US healthcare system. Want to fix healthcare? Maybe start with this https://www.propublica.org/article/the-myth-of-drug-expiration-dates …";;@;;"887694435940786176";https://twitter.com/GreggHoush/status/887694435940786176
donchep;2017-07-19 09:30;0;0;"@ SenDuckworth I hear dems are to blame for failure to repeal o'care. If that's so. Thank You! :)";;@;;"887665858109222912";https://twitter.com/donchep/status/887665858109222912
isjohnsgi;2017-07-19 07:03;0;0;"@ SenDuckworth # SenatorDurbin the Dems have proposal 4 the future of healthcare? the Repubs been presented with alternatives 2 their crazy?";;@;#;"887629031256010753";https://twitter.com/isjohnsgi/status/887629031256010753
Dunewalker1;2017-07-19 00:10;0;0;". @ SenDuckworth @ SenatorDurbin # Trumpcare is disastrous & cruel. Vote No! pic.twitter.com/06Sf9JCgYu # IStandWithPP";;@ @;# #;"887525103709421569";https://twitter.com/Dunewalker1/status/887525103709421569
pcaclubracer;2017-07-18 21:31;0;0;"Wow that's naive. This is Obamacare, it will fail + it is Nancy pelosis bill that was shoved down Americas throat. 8 bills passed all vetoed";;;;"887485086588862464";https://twitter.com/pcaclubracer/status/887485086588862464
ReimanAg;2017-07-18 21:12;0;0;"Where your party passed O-care and screwed us all up? You have no chance at reelection if the repubs run a human. You're a joke.";;;;"887480273771909120";https://twitter.com/ReimanAg/status/887480273771909120
susanendalz;2017-07-18 20:59;8;5;"palliative & hospice care can improve the quality of life 4 those w # ALZ & their caregivers @ SenDuckworth PLZ cosponsor # PCHETA # S693";;@;# # #;"887476926272729088";https://twitter.com/susanendalz/status/887476926272729088
IndivisibleOP;2017-07-18 20:38;6;8;". @ SenatorDurbin @ SenDuckworth @ RepDannyDavis Thx for yr leadership on Healthcare # KillTheBill @ IndivisibleTeam # TrumpCareHurtspic.twitter.com/8zRAVHerR7";;@ @ @ @;# #;"887471724509507585";https://twitter.com/IndivisibleOP/status/887471724509507585
cmmgirl50;2017-07-18 20:07;0;0;"Trump care failed I don't see you concerned about that Trump care fail failed not affordable";;;;"887463965533630464";https://twitter.com/cmmgirl50/status/887463965533630464
EventeurChi;2017-07-18 19:36;0;1;"Kudos @ SenDuckworth & @ SenatorDurbin for representing Illinois. Healthcare protects our people & prevents hidden costs later.";;@ @;;"887456100517367808";https://twitter.com/EventeurChi/status/887456100517367808
Tatezi1;2017-07-18 18:38;0;0;"@ SenDuckworth Thank you for standing up to protect our healthcare.";;@;;"887441427592032259";https://twitter.com/Tatezi1/status/887441427592032259
HeidiJH1;2017-07-18 18:25;0;0;"@ SenatorDurbin @ SenDuckworth I support # MedicareForAll legislation - thanks!https://twitter.com/Public_Citizen/status/887427512829181952 …";;@ @;#;"887438111428546560";https://twitter.com/HeidiJH1/status/887438111428546560
becca_lieber;2017-07-18 18:02;0;0;". @ SenDuckworth @ SenatorDurbin # Trumpcare is disastrous & cruel. Vote No! pic.twitter.com/GGwSTMbE0H # IStandWithPP";;@ @;# #;"887432486690729985";https://twitter.com/becca_lieber/status/887432486690729985
regsixer;2017-07-18 18:02;3;5;"Healthcare 4All. Call it AMERICARE!";;;;"887432399117836288";https://twitter.com/regsixer/status/887432399117836288
TimJoeC;2017-07-18 17:49;0;0;"Thank you @ SenDuckworth for standing up for healthcare for all Americans pic.twitter.com/TFEaPCqoSJ";;@;;"887429158703423493";https://twitter.com/TimJoeC/status/887429158703423493
SenDuckworth;2017-07-18 17:23;58;244;"# Trumpcare 3.0's failure is no surprise & is a victory for everyone who shared their story, showed up at town halls & made their voice heard";;;#;"887422693431279617";https://twitter.com/SenDuckworth/status/887422693431279617
SenDuckworth;2017-07-18 17:21;69;182;"My full statement on @ SenateGOP’s failed # Trumpcare bill → http://bit.ly/2uGgiGa pic.twitter.com/NetEwuYhtM";;@;#;"887422204656443394";https://twitter.com/SenDuckworth/status/887422204656443394
JoeBReporter;2017-07-18 16:54;0;0;". @ SenDuckworth statement on GOP healthcare plan # Obamacare # trumpcare # bcrapic.twitter.com/rW1dMe5bYz";;@;# # #;"887415270322688003";https://twitter.com/JoeBReporter/status/887415270322688003
mrbearister;2017-07-18 16:11;3;5;"palliative & hospice care can improve the quality of life 4 those w # ALZ & their caregivers @ SenDuckworth PLZ cosponsor # PCHETA # S693";;@;# # #;"887404517024829440";https://twitter.com/mrbearister/status/887404517024829440
turbonutzzz;2017-07-18 15:40;0;0;"Isn't talking to anyone in the healthcare industry suspect? They support gov meddling in healthcare, it raises the cost of what they sell";;;;"887396759068184576";https://twitter.com/turbonutzzz/status/887396759068184576
mcf0717;2017-07-18 14:52;0;0;"@ SenatorDurbin @ SenDuckworth @ janschakowsky Thank you for leading the way to provide health care for all. Stay strong.";;@ @ @;;"887384606298841088";https://twitter.com/mcf0717/status/887384606298841088
ms_sharims;2017-07-18 14:40;0;0;"Hello, @ GovRauner? Are you there? @ SenatorDurbin @ SenDuckworth http://chicago.cbslocal.com/2017/07/18/dick-durbin-bruce-rauner-obamacare-repeal-replace/ …";;@ @ @;;"887381613310554113";https://twitter.com/ms_sharims/status/887381613310554113
wjdowney;2017-07-18 12:54;0;0;"@ realDonaldTrump # FixACA # FixObamacare # EnhanceObamacare # EnhanceACA # RepairObamaCare @ SenatorDurbin @ SenDuckworth @ Thom_Hartmann @ SMShowhttps://twitter.com/wjdowney/status/887353670580547586 …";;@ @ @ @ @;# # # # #;"887354954679287808";https://twitter.com/wjdowney/status/887354954679287808
ElliebabeLe;2017-07-18 10:56;0;0;"@ SenDuckworth please don't let them repeal the ACA without replacement. You have my full support. Please save our healthcare reforms!";;@;;"887325328326184961";https://twitter.com/ElliebabeLe/status/887325328326184961
bdog_mom;2017-07-18 10:55;0;1;"Grateful that my Senators @ SenDuckworth & @ SenatorDurbin have remained strong against the Senate's disastrous health care bill # NeverRepeal";;@ @;#;"887324916089057280";https://twitter.com/bdog_mom/status/887324916089057280
RightGoLeft1;2017-07-18 10:29;0;0;"Yes! I know you'll vote no @ SenatorDurbin @ SenDuckworth - also please put up EVERY possible obstruction to # Trumpcare & repeal of # Obamacarehttps://twitter.com/celestenovak1/status/886989703437721600 …";;@ @;# #;"887318349205655553";https://twitter.com/RightGoLeft1/status/887318349205655553
IndivisSoSubChi;2017-07-18 09:38;2;3;"If we can't get single payer at least add a public option to move closer to healthcare for all @ SenatorDurbin @ SenDuckworth https://twitter.com/thetweetwit/status/887284769880285184 …";;@ @;;"887305656805535745";https://twitter.com/IndivisSoSubChi/status/887305656805535745
bbecker317;2017-07-18 07:41;1;5;"@ SenatorDurbin @ SenDuckworth @ ActionDekalbCo @ IndivisibleIL17 @ ProtectILCare Now is the time to push for # MedicareForAll .People will listen";;@ @ @ @ @;#;"887276185251704832";https://twitter.com/bbecker317/status/887276185251704832
isjohnsgi;2017-07-18 07:22;0;0;"@ SenDuckworth Fight Hard against the ACA repeal! It would cause suffering, loss of jobs in healthcare, failing Hospital, anger at Congress!";;@;;"887271354264948737";https://twitter.com/isjohnsgi/status/887271354264948737
CindyInChicago;2017-07-18 04:02;0;0;"SO proud IL senators are @ SenatorDurbin and @ SenDuckworth -- always voting for health care for ALL! https://twitter.com/Kris_Sacrebleu/status/887153116331692033 …";;@ @;;"887220948222521344";https://twitter.com/CindyInChicago/status/887220948222521344
ChezAprilKern;2017-07-18 02:11;2;1;"This IL resident is in favor of a clean repeal of Obamacare. Vote YES to repeal. @ SenatorDurbin @ SenDuckworth @ RepLaHood # RepealObamacare";;@ @ @;#;"887193034122768384";https://twitter.com/ChezAprilKern/status/887193034122768384
another_guy74;2017-07-18 00:05;0;0;"@ SenateMajLdr @ SenatorDurbin @ SpeakerRyan @ Foster4Congress @ SenDuckworth keep # ObamaCare Vote # NO on # repealobamacare";;@ @ @ @ @;# # #;"887161284885708800";https://twitter.com/another_guy74/status/887161284885708800
ssscott23;2017-07-17 21:40;0;0;"@ ChrisMurphyCT @ SenDuckworth @ SenSchumer @ SenatorDurbin Will Dems be ready with help w/healthcare? It would be a huge relief to many.";;@ @ @ @;;"887124953363042305";https://twitter.com/ssscott23/status/887124953363042305
bzsigns;2017-07-17 21:18;0;0;"Thank you for being my Senator!!! Thank you for fighting to defeat the @ GOP horrible Healthcare bill. I need my Medicaid, I'm a Diabetic.";;@;;"887119404823195650";https://twitter.com/bzsigns/status/887119404823195650
bzsigns;2017-07-17 21:17;0;2;"Thank you for being my Senator!!! Thank you for working to defeat the @ GOP horrible Healthcare bill. I need my Medicaid, I'm a Diabetic.";;@;;"887119054955270144";https://twitter.com/bzsigns/status/887119054955270144
89jarhead2;2017-07-17 21:06;0;0;"Unless they live in Illinois then you dont care. # illinoisisburning";;;#;"887116380880990208";https://twitter.com/89jarhead2/status/887116380880990208
TRYoungblood;2017-07-17 18:20;0;0;"@ SenDuckworth been building the website http://TRUECOST.Healthcare  to offer cost transparency in all healthcare no matter what insurance 1 has";;@;;"887074440818905089";https://twitter.com/TRYoungblood/status/887074440818905089
TLamountain;2017-07-17 17:03;0;0;"Please support single-payer healthcare";;;;"887055055920275456";https://twitter.com/TLamountain/status/887055055920275456
TLamountain;2017-07-17 17:01;0;0;"Please provide those young ppl of color with health care by supporting single-payer";;;;"887054728508698624";https://twitter.com/TLamountain/status/887054728508698624
gg122862;2017-07-17 16:33;0;0;"@ SenatorDurbin @ SenDuckworth From 2 voters n 60516 (IL), please follow our wishes & vote to # repealobamacare completely now. TY";;@ @;#;"887047589744574466";https://twitter.com/gg122862/status/887047589744574466
mikeboudreau;2017-07-17 15:45;0;0;"Plz fight for our healthcare and protect us from our Russia colluding Trumpster";;;;"887035545259569153";https://twitter.com/mikeboudreau/status/887035545259569153
CAPAction;2017-07-17 14:54;3;8;"Thank you @ SenDuckworth & @ SenatorDurbin for working to # ProtectOurCare for people like Erin in Chicago:https://www.momsrising.org/blog/protectourcare-meet-erin-from-chicago-il …";;@ @;#;"887022709330280453";https://twitter.com/CAPAction/status/887022709330280453
RWVNY;2017-07-17 14:45;0;0;"We are thankful for @ SenDuckworth & @ SenatorDurbin for working to # ProtectOurCare for people like Erin in Chicago: https://www.momsrising.org/blog/protectourcare-meet-erin-from-chicago-il …";;@ @;#;"887020405671833603";https://twitter.com/RWVNY/status/887020405671833603
RWV4HealthCare;2017-07-17 14:45;0;0;"We are thankful for @ SenDuckworth & @ SenatorDurbin for working to # ProtectOurCare for people like Erin in Chicago: https://www.momsrising.org/blog/protectourcare-meet-erin-from-chicago-il …";;@ @;#;"887020401884352513";https://twitter.com/RWV4HealthCare/status/887020401884352513
02Cents0;2017-07-17 14:35;0;0;"MoveOn: Thank you SenDuckworth & SenatorDurbin for working to # ProtectOurCare for people like Erin in Chicago: https://www.momsrising.org/blog/protectourcare-meet-erin-from-chicago-il …";;;#;"887017933817487360";https://twitter.com/02Cents0/status/887017933817487360
MoveOn;2017-07-17 14:33;47;47;"Thank you @ SenDuckworth & @ SenatorDurbin for working to # ProtectOurCare for people like Erin in Chicago: https://www.momsrising.org/blog/protectourcare-meet-erin-from-chicago-il …";;@ @;#;"887017313224011776";https://twitter.com/MoveOn/status/887017313224011776
IAmForKids;2017-07-17 14:30;0;0;"Thank you @ SenDuckworth & @ SenatorDurbin for working to # ProtectOurCare for Erin in Chicago: # IAmForKids https://www.momsrising.org/blog/protectourcare-meet-erin-from-chicago-il …";;@ @;# #;"887016560031928320";https://twitter.com/IAmForKids/status/887016560031928320
Kids_Rising;2017-07-17 14:26;2;3;"Thank you @ SenDuckworth & @ SenatorDurbin for working to # ProtectOurCare for people like Erin in Chicago: https://www.momsrising.org/blog/protectourcare-meet-erin-from-chicago-il …";;@ @;#;"887015630582550531";https://twitter.com/Kids_Rising/status/887015630582550531
XochitlOseguera;2017-07-17 14:04;1;1;"Thank you @ SenDuckworth & @ SenatorDurbin for working to # ProtectOurCare for people like Erin in Chicago: https://www.momsrising.org/blog/protectourcare-meet-erin-from-chicago-il …";;@ @;#;"887010214351917062";https://twitter.com/XochitlOseguera/status/887010214351917062
MamasConPoder;2017-07-17 14:04;0;2;"Thank you @ SenDuckworth & @ SenatorDurbin for working to # ProtectOurCare for people like Erin in Chicago: https://www.momsrising.org/blog/protectourcare-meet-erin-from-chicago-il …";;@ @;#;"887010059443724289";https://twitter.com/MamasConPoder/status/887010059443724289
MomsRising;2017-07-17 14:03;34;98;"Thank you @ SenDuckworth & @ SenatorDurbin for working to # ProtectOurCare for people like Erin in Chicago: https://www.momsrising.org/blog/protectourcare-meet-erin-from-chicago-il …";;@ @;#;"887009804237103104";https://twitter.com/MomsRising/status/887009804237103104
shin_inouye;2017-07-17 14:02;0;0;"Thank you @ SenDuckworth & @ SenatorDurbin for working to # ProtectOurCare for people like Erin in Chicago: https://www.momsrising.org/blog/protectourcare-meet-erin-from-chicago-il …";;@ @;#;"887009507385122816";https://twitter.com/shin_inouye/status/887009507385122816
Vivalanadia;2017-07-17 11:00;0;0;"Thank you @ SenDuckworth & @ SenatorDurbin for working to # ProtectOurCare for people like Erin in Chicago: https://www.momsrising.org/blog/protectourcare-meet-erin-from-chicago-il …";;@ @;#;"886963707875557376";https://twitter.com/Vivalanadia/status/886963707875557376
juliejramsay;2017-07-17 10:30;1;2;"# Alzheimer's disease kills more people than breast and prostate cancer combined @ SenDuckworth # healthcare # twill # endalz";;@;# # # #;"886956315918159874";https://twitter.com/juliejramsay/status/886956315918159874
DoniaQueResist;2017-07-17 00:55;0;1;"again for physical and sexual assault; the homeless who can't afford their rent bc of cuts 2 Medicare/Medicaid; our Vets. # RepresentIllinois";;;#;"886811660874395648";https://twitter.com/DoniaQueResist/status/886811660874395648
MomSkelton;2017-07-16 16:03;0;2;"A health care I SUPPORT MY health & sleep would be better @ SenDuckworth @ KamalaHarris @ tedlieu @ votevetshttps://twitter.com/impeach_d_trump/status/886327011521814528 …";;@ @ @ @;;"886677672931098624";https://twitter.com/MomSkelton/status/886677672931098624
feminist505;2017-07-16 15:16;0;0;"@ SenDuckworth @ SenatorDurbin # IStandWithPP Vote NO to defunding planned parenthood & save millions of womens healthcare";;@ @;#;"886665911129845762";https://twitter.com/feminist505/status/886665911129845762
zapher134;2017-07-16 14:56;0;0;"Alternatively, or additionally, @ MedicareGov could be allowed to offer prorated policies that save it money in the long run.";;@;;"886660911250853888";https://twitter.com/zapher134/status/886660911250853888
emma_rose77;2017-07-16 09:24;0;0;"Senators/Congressman are citizens, too, & shld not be exempt from # Trumpcare, or any univ. Care placed on US people. # ACA # Healthcare @ GOP";;@;# # #;"886577164237377537";https://twitter.com/emma_rose77/status/886577164237377537
jpgayes;2017-07-15 16:17;1;0;"# Illinois can't afford cuts. @ GovRauner speak up for us & against bill. # SaveMedicaid @ SenatorDurbin @ SenDuckworth http://www.politico.com/story/2017/07/15/medicaid-funding-drop-obamacare-repeal-240588 …";;@ @ @;# #;"886318739091804162";https://twitter.com/jpgayes/status/886318739091804162
katone99;2017-07-15 14:52;0;4;"@ SenatorDurbin @ SenDuckworth will proudly represent Illinois and slap a big NO on that vote # wealthcare";;@ @;#;"886297341694705665";https://twitter.com/katone99/status/886297341694705665
SLPMedicare4All;2017-07-15 13:35;0;0;". @ HouseGOP @ HouseDemocrats @ SenateDems @ SenateGOP @ SpeakerRyan @ SenDuckworth @ RodneyDavis @ RepShimkus @ SenatorDurbin @ POTUSpic.twitter.com/rErcArO8cA";;@ @ @ @ @ @ @ @ @ @;;"886278157761990656";https://twitter.com/SLPMedicare4All/status/886278157761990656
RitaChmielCEO;2017-07-15 12:52;0;0;"Trump care is really all about ALEC http://www.alecexposed.org/wiki/ALEC_Exposed …";;;;"886267344338550785";https://twitter.com/RitaChmielCEO/status/886267344338550785
diana_deeoc64;2017-07-15 12:12;0;3;"Please continue to stand for children and families and continue to expose the devastating impact # Trumpcare will have.";;;#;"886257249181683712";https://twitter.com/diana_deeoc64/status/886257249181683712
saintchuck;2017-07-15 12:12;0;2;"Even if that is all she cared about, 80% of Americans would agree with her, on that point.";;;;"886257108844498945";https://twitter.com/saintchuck/status/886257108844498945
_Star_Fire_1;2017-07-15 11:56;0;0;"TY, Sen. Duckworth! IL appreciates your fight for the children, sick, & elderly! Together we can win fair healthcare!";;;;"886253121709670400";https://twitter.com/_Star_Fire_1/status/886253121709670400
MamasConPoder;2017-07-15 11:49;0;0;"Thank you @ SenDuckworth & @ SenatorDurbin for working to # ProtectOurCare for people like Erin in Chicago: https://www.momsrising.org/blog/protectourcare-meet-erin-from-chicago-il …";;@ @;#;"886251464800296961";https://twitter.com/MamasConPoder/status/886251464800296961
NamVet14;2017-07-15 11:47;0;1;"That's BS and you know it. Try and tell the truth for a change and quit lying. You just don't want PPH defunded. That's all you care about";;;;"886250975576694784";https://twitter.com/NamVet14/status/886250975576694784
indivisible9IL;2017-07-15 05:26;0;1;"@ SenDuckworth @ DickDurbin we demand that you shut Trumpcare downhttps://twitter.com/joyannreid/status/886023696724492288 …";;@ @;;"886155109381570560";https://twitter.com/indivisible9IL/status/886155109381570560
bigteezol;2017-07-15 00:54;0;0;"He's done nothing new to help veterans and has taken limited access to mental health reform as well as health care for vets. Fake news??";;;;"886086440978857984";https://twitter.com/bigteezol/status/886086440978857984
h_deluna_DO;2017-07-14 22:51;0;0;"@ SenatorDurbin & @ SenDuckworth this constituent has a message about healthcare as a medical student & future pediatrician in your state. https://twitter.com/AmerAcadPeds/status/885574923011403777 …";;@ @;;"886055573921386496";https://twitter.com/h_deluna_DO/status/886055573921386496
Kaptain82;2017-07-14 22:47;0;0;"@ DickDurbin @ SenDuckworth Thank you for fighting to keep my health care";;@ @;;"886054515899871232";https://twitter.com/Kaptain82/status/886054515899871232
bluejeankim;2017-07-14 22:19;0;0;"# trumpcare # wealthcare # BCRA # bcrap @ SenSchumer @ SenateMajLdr @ tedcruz @ SenateGOP @ SenatorDurbin @ SenDuckworth https://twitter.com/topherspiro/status/886015376173268992 …";;@ @ @ @ @ @;# # # #;"886047547042795520";https://twitter.com/bluejeankim/status/886047547042795520
reality0982;2017-07-14 21:32;0;0;"Gave up his carefree life? U really just said that? His silver spoon that was bequeathed by his father who bailed him out over n over?";;;;"886035649157091329";https://twitter.com/reality0982/status/886035649157091329
FundacionEfrain;2017-07-14 19:59;0;0;"Gr8r Choice Lower Premiums # HealthcareBill @ SenDuckworth @ SenDonnelly @ SenJoniErnst @ ChuckGrassley @ JerryMoran @ SenPatRoberts @ SenAngusKing";;@ @ @ @ @ @ @;#;"886012387492605952";https://twitter.com/FundacionEfrain/status/886012387492605952
occupyhr_;2017-07-14 19:22;0;0;". @ SenDuckworth Stand w/ # women at risk of &amp; living w/ # breastcancer. # VoteNO on the # GOP # HealthcareBill http://actnow.io/7Vxc1xE @ BCAction";;@ @;# # # # #;"886003049931702272";https://twitter.com/occupyhr_/status/886003049931702272
RAWggs;2017-07-14 18:18;0;0;"Do not call it Trumpcare. There is no care involved.";;;;"885986788069838849";https://twitter.com/RAWggs/status/885986788069838849
RealSrDollar_;2017-07-14 18:15;0;0;"Join us # MakeAmericaGreatAgain # PassTheBill # BetterCare # AmericanHealthCareAct Stop denying the American people of real health care # ILGovpic.twitter.com/pg6EukSWly";;;# # # # #;"885986078758404097";https://twitter.com/RealSrDollar_/status/885986078758404097
MC_Snitchy;2017-07-14 16:26;0;0;"@ POTUS Do we agree # HealthcareIsAHumanRight ?pic.twitter.com/KZAY5wiudZ";;@;#;"885958624668987392";https://twitter.com/MC_Snitchy/status/885958624668987392
brainouty;2017-07-14 14:31;0;1;"Yeah, but less so. She thinks smothering is mothering. She means well. But smothering is what got us into this mess, esp with # Healthcare";;;#;"885929678049083393";https://twitter.com/brainouty/status/885929678049083393
GayleFarny;2017-07-14 13:55;0;0;"@ SenDuckworth can't affect affordability until removal of profit. Every other developed country provides single payer universal healthcare";;@;;"885920657799876609";https://twitter.com/GayleFarny/status/885920657799876609
DrJoeBentivegna;2017-07-14 12:59;0;0;"@ SenDuckworth @TammyforI @LTammyForIllinois @ SenatorDurbin @ DickDurbin # HealthcareBillhttps://www.youtube.com/watch?v=QQTX0DWonbE&t=16s …";;@ @TammyforI @LTammyForIllinois @ @;#;"885906544512180224";https://twitter.com/DrJoeBentivegna/status/885906544512180224
FrankGrinnes;2017-07-14 11:30;0;0;"How about you get with GOP and work on healthcare and taxes?! Democrats lead to undrinkable water just like in Flint!";;;;"885884105627500544";https://twitter.com/FrankGrinnes/status/885884105627500544
SenDuckworth;2017-07-14 11:28;41;157;"W/Dems yesterday who care abt water infrastructure to learn frm experts on how we can ensure access, affordability&quality of drinking waterpic.twitter.com/pdFhadEIE5";;;;"885883783504965633";https://twitter.com/SenDuckworth/status/885883783504965633
_TheMayor;2017-07-14 09:32;1;1;"Introduce a single-payer bill too # MedicareForAll";;;#;"885854407958695937";https://twitter.com/_TheMayor/status/885854407958695937
CarolynAPointer;2017-07-14 09:26;1;2;". @ SenDuckworth and . @ SenatorDurbin thank you for opposing the Senate GOP proposal to cut access to healthcare.";;@ @;;"885853032646414337";https://twitter.com/CarolynAPointer/status/885853032646414337
cait225;2017-07-14 08:57;0;0;"Thank you @ SenatorDurbin and @ SenDuckworth for standing against the # ACA. Your constituents appreciate your action agains # trumpcare";;@ @;# #;"885845784842952705";https://twitter.com/cait225/status/885845784842952705
WJBC;2017-07-14 08:35;0;0;". @ SenatorDurbin and @ SenDuckworth slam the latest version of Trumpcare: http://ow.ly/SNLL30dD5Nu";;@ @;;"885840093562449920";https://twitter.com/WJBC/status/885840093562449920
NamVet14;2017-07-14 08:30;0;0;"Did the Dems work across the aisle with the republicans on obama care";;;;"885838938493112320";https://twitter.com/NamVet14/status/885838938493112320
murrayjohnsonjr;2017-07-14 07:34;0;0;"Like not standing up for their health care when they come from?";;;;"885824763196821505";https://twitter.com/murrayjohnsonjr/status/885824763196821505
sftydc;2017-07-14 06:00;0;1;". @ SenRonJohnson -listen across the aisle. New BCRA is even worse for kids because they lose protection of their well care # KeepKidsCovered";;@;#;"885801041463316480";https://twitter.com/sftydc/status/885801041463316480
jesusfish5;2017-07-14 01:42;0;0;"Why not tweak Obamacare? Why GOP so stubborn, and were they born mean? This could hurt or kill so many! Tammy, put some sense in GOP. Helpus";;;;"885736215185547264";https://twitter.com/jesusfish5/status/885736215185547264
bigteezol;2017-07-14 01:27;0;4;"Trump is taking away Medicaid and Medicare which provides monetary and mental health for vets. He isn't supporting them, he is hurting them";;;;"885732450688684032";https://twitter.com/bigteezol/status/885732450688684032
So_Lo_Guy;2017-07-14 01:04;1;0;"Call your rep to Reject # Trumpcare & Cruz Amendment. http://5calls.org/issue/rec2cBig … @ make5calls";;@;#;"885726698578128896";https://twitter.com/So_Lo_Guy/status/885726698578128896
TrumpsBrain;2017-07-14 00:59;1;30;"You mean the carefree life of defrauding people with Trump University and Trump Baja?";;;;"885725411753172992";https://twitter.com/TrumpsBrain/status/885725411753172992
GamerTrashDva;2017-07-14 00:15;1;1;"I'm not carefree but I don't go to my Florida resort in the winter months on the weekends either...";;;;"885714276391960580";https://twitter.com/GamerTrashDva/status/885714276391960580
KillianShibaInu;2017-07-13 23:00;1;2;"@ RepCheri @ SenDuckworth @ SenatorDurbin @ RepKinzinger I really enjoy his videos & hope constituents see this # Trumpcare one, too. # ILGOPhttps://twitter.com/ChrisMurphyCT/status/885629109027713029 …";;@ @ @ @;# #;"885695538863198213";https://twitter.com/KillianShibaInu/status/885695538863198213
DeepCreekRebel;2017-07-13 22:40;0;0;"Yes Senator, working to improve healthcare, just like the outstanding service provided to IL Veterans under your watch... # PoliticalHack";;;#;"885690391256858624";https://twitter.com/DeepCreekRebel/status/885690391256858624
cubsb4bears;2017-07-13 22:26;0;0;"To the country yes. Idiot. But he probably knows it and don't care.";;;;"885686900585005056";https://twitter.com/cubsb4bears/status/885686900585005056
katbkm_b;2017-07-13 22:25;10;66;"His carefree life as a billionaire is what he gave up he supports and has done more for our vets than any # POTUS IN MODERN HISTORY # MAGA";;;# #;"885686777230622720";https://twitter.com/katbkm_b/status/885686777230622720
FrankGrinnes;2017-07-13 21:56;0;0;"Like I said an hour ago. You ladies are describing Europe about 5-10 years ago. Good luck up there ehh.. wasted too much time so take care!";;;;"885679304461484032";https://twitter.com/FrankGrinnes/status/885679304461484032
jojorobo58_jojo;2017-07-13 21:52;0;0;"It is called the Social Safety Net. We take care of each other, so that we have a better society.";;;;"885678301934739460";https://twitter.com/jojorobo58_jojo/status/885678301934739460
jojorobo58_jojo;2017-07-13 21:50;0;0;"Frank, Frank we have both Capitalism and Universal healthcare in Canada. Also we don't shoot each other all the time.";;;;"885677803869483009";https://twitter.com/jojorobo58_jojo/status/885677803869483009
FrankGrinnes;2017-07-13 21:47;0;0;"Universal healthcare is closer to communism than capitalism... America became what it is today because of capitalism";;;;"885677169904463872";https://twitter.com/FrankGrinnes/status/885677169904463872
curlielocks68;2017-07-13 21:47;0;0;"let's deal with the real cost of medical care-fraud, lawsuits, big pharm pushing pills. cut costs before you worry about who pays!";;;;"885677101424271360";https://twitter.com/curlielocks68/status/885677101424271360
FrankGrinnes;2017-07-13 21:41;0;0;"Actually many doctors want to try and help... shouldn't the parents & communist healthcare at least give him that chance?";;;;"885675628191731712";https://twitter.com/FrankGrinnes/status/885675628191731712
FrankGrinnes;2017-07-13 21:28;0;0;"Good for him... are you crediting universal healthcare to his long life? If so, then why did you say to let God do his work on a baby?";;;;"885672368445808642";https://twitter.com/FrankGrinnes/status/885672368445808642
FrankGrinnes;2017-07-13 21:27;0;0;"I'm still waiting for you to answer any question I ask... do you or don't you support Obamacare?";;;;"885672146151907329";https://twitter.com/FrankGrinnes/status/885672146151907329
FrankGrinnes;2017-07-13 21:25;0;0;"I just want a full repeal... each state should form their own healthcare plan (universal state level or not) but no federal money involved";;;;"885671680730910720";https://twitter.com/FrankGrinnes/status/885671680730910720
jojorobo58_jojo;2017-07-13 21:24;0;0;"I work in healthcare in Canada & its a myth that Canadians run to the states for healthcare.";;;;"885671232707973120";https://twitter.com/jojorobo58_jojo/status/885671232707973120
FrankGrinnes;2017-07-13 21:22;0;0;"va is universal healthcare for vets...";;;;"885670696462024709";https://twitter.com/FrankGrinnes/status/885670696462024709
FrankGrinnes;2017-07-13 21:20;0;0;"So you agree that Obamacare is awful and hurting America?";;;;"885670275551035396";https://twitter.com/FrankGrinnes/status/885670275551035396
longislandtonv;2017-07-13 21:19;3;7;"Republican will never admit that Obamacare, with some tweaks and improvements minus sabotage WORKS.";;;;"885670134731362304";https://twitter.com/longislandtonv/status/885670134731362304
FrankGrinnes;2017-07-13 21:19;0;0;"I agree it's awful.. Obamacare is dead & just this week 2 million more losing coverage cuz no insurer will touch it anymore.. FULL REPEAL!!";;;;"885670094680010754";https://twitter.com/FrankGrinnes/status/885670094680010754
FrankGrinnes;2017-07-13 21:16;0;0;"Have you used Obamacare? Also, have you not heard horror stories of your vets and the hospitals and service they (didn't) receive?";;;;"885669389667885057";https://twitter.com/FrankGrinnes/status/885669389667885057
FrankGrinnes;2017-07-13 21:14;0;0;"She was against Trump reforming the VA! Duckworth is a vet and didn't care her other vets were dying while waiting for a doctor.. doubt it!";;;;"885668851609985025";https://twitter.com/FrankGrinnes/status/885668851609985025
FrankGrinnes;2017-07-13 21:12;0;0;"You stated that you support universal healthcare so I would call that a fact based on what universal healthcare is doing to Charlie Gard now";;;;"885668377322287105";https://twitter.com/FrankGrinnes/status/885668377322287105
FrankGrinnes;2017-07-13 21:11;0;0;"That's good.. I hear universal healthcare loves treating the sick & elderly.. just like our VA system under obama which I assume you liked??";;;;"885668010001915905";https://twitter.com/FrankGrinnes/status/885668010001915905
FrankGrinnes;2017-07-13 21:08;0;0;"Aren't you Pro Universal Healthcare? That's literally the situation for Charlie... you either support universal or you don't.. which one?";;;;"885667329979318272";https://twitter.com/FrankGrinnes/status/885667329979318272
FrankGrinnes;2017-07-13 21:02;0;0;"You seem pretty upbeat about universal healthcare.. obviously you side with the government wanting to kill baby Charlie Gard? That's cruel!";;;;"885665830641512451";https://twitter.com/FrankGrinnes/status/885665830641512451
FrankGrinnes;2017-07-13 20:53;0;0;"What does your service have to do with you not answering my questions? Luckily, USA is a republic cuz we care about all! Democracy doesnt!!!";;;;"885663385853014016";https://twitter.com/FrankGrinnes/status/885663385853014016
WMC_Caucus;2017-07-13 20:51;0;2;"Everything you've been treated for on your plan over the last decade is a pre-existing condition. Obamacare mandated coverage for everything";;;;"885663044877111297";https://twitter.com/WMC_Caucus/status/885663044877111297
ProgPoison;2017-07-13 20:39;0;0;"@ SenDuckworth Here is the perfect solution to Obamacare: https://paualready.wordpress.com/2017/07/13/this-is-the-cure-for-obamacare-call-your-senators/ …. Please support Cruz's Consumer Freedom Amendment.";;@;;"885660108293783552";https://twitter.com/ProgPoison/status/885660108293783552
Louise012561;2017-07-13 20:39;0;0;"really then why didn't you do something about Obamacare. It suchs. I'm sure you're not on it lol";;;;"885659922813390848";https://twitter.com/Louise012561/status/885659922813390848
FrankGrinnes;2017-07-13 20:26;0;0;"Your profile says "liberal to the core" but you support big government healthcare? You understand "liberals" want freedom from gov, right?";;;;"885656735184297984";https://twitter.com/FrankGrinnes/status/885656735184297984
pinaalmost56;2017-07-13 20:25;0;0;"@ SenDuckworth # TrumpcareMustGo # ProtectOurCare # RetainAndImproveTheACAhttps://twitter.com/senduckworth/status/885646742213054464 …";;@;# # #;"885656565398646784";https://twitter.com/pinaalmost56/status/885656565398646784
vegasdude83;2017-07-13 20:21;0;3;"They want to repeal Obamacare because it has his name on it";;;;"885655387097120768";https://twitter.com/vegasdude83/status/885655387097120768
KirbAnne;2017-07-13 20:18;0;2;"@ SpeakerRyan and @ SenateMajLdr don't care. Their pockets are stuffed w Koch, Adelson, and Friess cash.";;@ @;;"885654753945858048";https://twitter.com/KirbAnne/status/885654753945858048
FrankGrinnes;2017-07-13 20:15;0;0;"Last time 1 side of the aisle passed a healthcare bill w/ no input from the other side left us w/ this mess! Full repeal then let them work!";;;;"885653991648104450";https://twitter.com/FrankGrinnes/status/885653991648104450
FrankGrinnes;2017-07-13 20:14;0;0;"Personally, I agree it's not a good plan but it's much better than Obamacare. I'm with Rand Paul and think they should vote on a full repeal";;;;"885653670272086016";https://twitter.com/FrankGrinnes/status/885653670272086016
FrankGrinnes;2017-07-13 20:11;0;0;"Wish we could tell both sides of the aisle. Im sure you hate Trump but he's more of a dem than most think.. Obamacare is dead & wants to fix";;;;"885653012726919169";https://twitter.com/FrankGrinnes/status/885653012726919169
thepokerbob;2017-07-13 20:08;0;0;"MalcolmNance https://twitter.com/MalcolmNance/status/885649069883916288RT … SenDuckworth: I’ve always been willing to work across the aisle to improve healthcare, but # TrumpCare…";;;#;"885652182581882880";https://twitter.com/thepokerbob/status/885652182581882880
FortyCedars;2017-07-13 19:49;0;0;"Too bad GOP didn't spend the last several years planning healthcare improvements instead of just hating on Obama, isn't it?";;;;"885647335216353280";https://twitter.com/FortyCedars/status/885647335216353280
WMC_Caucus;2017-07-13 19:48;0;0;"Again, EVERYTHING is a pre-existing condition thanks to the Obamacare scam that you voted for. Why are you crying about them now?";;;;"885647133591961600";https://twitter.com/WMC_Caucus/status/885647133591961600
SenDuckworth;2017-07-13 19:47;367;968;"I’ve always been willing to work across the aisle to improve healthcare, but # TrumpCare is preventing us from having those conversations";;;#;"885646882277646336";https://twitter.com/SenDuckworth/status/885646882277646336
FrankGrinnes;2017-07-13 19:47;0;1;"What about the millions losing coverage cuz their area no longer has any insurers willing to lose billions? Why don't you care about them?";;;;"885646868922994688";https://twitter.com/FrankGrinnes/status/885646868922994688
WMC_Caucus;2017-07-13 19:47;0;1;"EVERYTHING is a pre-existing condition thanks to the Obamacare scam you voted for. Good job!";;;;"885646858751791106";https://twitter.com/WMC_Caucus/status/885646858751791106
stardales;2017-07-13 19:45;0;0;"@ SenDuckworth This new # wealthcare bill is just as awful as all the other attempts. It needs to be defeated.";;@;#;"885646473047814144";https://twitter.com/stardales/status/885646473047814144
JoeBReporter;2017-07-13 17:43;0;0;". @ SenDuckworth statement on latest GOP senate healthcare proposal # Obamacare # trumpcare # BCRApic.twitter.com/cEJ6kdRlVf";;@;# # #;"885615699103711233";https://twitter.com/JoeBReporter/status/885615699103711233
VanCityMorrison;2017-07-13 17:26;0;0;"Prayers for safety and care.";;;;"885611491545595904";https://twitter.com/VanCityMorrison/status/885611491545595904
redschulte;2017-07-13 17:22;0;3;"Called @ OmarAquinoIL2 recently, had 20+ min conversation w/him about # MedicareForAll, state level safety nets against the worst/GOP attacks";;@;#;"885610456068521984";https://twitter.com/redschulte/status/885610456068521984
BillWalker14;2017-07-13 16:55;0;0;"@ SenatorDurbin and @ SenDuckworth thanks for fighting against the GOP Healthcare disaster. Keep up the fight! Healthcare is a human right.";;@ @;;"885603600155766785";https://twitter.com/BillWalker14/status/885603600155766785
kiddchrisina;2017-07-13 16:22;0;0;"@ SenDuckworth @ SenatorDurbin NO to trumpcare!";;@ @;;"885595287280128005";https://twitter.com/kiddchrisina/status/885595287280128005
SLPMedicare4All;2017-07-13 15:54;0;0;". @ HouseGOP @ HouseDemocrats @ SenateGOP @ SenateDems @ SenDuckworth @ SenatorDurbin @ RodneyDavis @ RepShimkuspic.twitter.com/rGGyBrsg2q";;@ @ @ @ @ @ @ @;;"885588265931288576";https://twitter.com/SLPMedicare4All/status/885588265931288576
readjack;2017-07-13 15:45;0;0;"Both @ SenDuckworth & @ SenatorDurbin are publicly announced as opposing the new senate healthcare bill. Thank you! https://www.nytimes.com/interactive/2017/06/22/us/politics/senate-health-care-whip-count.html …";;@ @;;"885586074239684608";https://twitter.com/readjack/status/885586074239684608
readjack;2017-07-13 15:45;0;1;"Health care is not a political issue. It's a human rights issue. I called @ SenatorDurbin & @ SenDuckworth to remind them of that.";;@ @;;"885585906417139712";https://twitter.com/readjack/status/885585906417139712
feminist505;2017-07-13 15:27;0;1;"@ SenDuckworth. Planned Parenthood MUST be protected. Let women get the care they need. # IStandWithPP";;@;#;"885581537093308417";https://twitter.com/feminist505/status/885581537093308417
taralynnesq;2017-07-13 15:14;0;0;"@ SenDuckworth as a constituent, thank you for speaking out against the BCRA, which does not improve or expand healthcare for the Am. people.";;@;;"885578194228826112";https://twitter.com/taralynnesq/status/885578194228826112
MomSkelton;2017-07-13 14:38;0;0;"ACT ADD SANCTIONS DO NOT RELEASE property Keep healthcare for Humans @ SenJohnMcCain @ SenDuckworth http://time.com/4854210/john-mccain-donald-trump-jr-russia-meeting/ …";;@ @;;"885569106996416513";https://twitter.com/MomSkelton/status/885569106996416513
celticdread;2017-07-13 13:55;0;0;"@ SenSanders @ SenatorDurbin @ SenDuckworth add amendment if Cruz gets freedom plans also allow option to buy medicare!";;@ @ @;;"885558397168472065";https://twitter.com/celticdread/status/885558397168472065
FundacionEfrain;2017-07-13 13:05;0;0;"# ACA sold bill of goods # NEW # HealthcareBill @ MikeCrapo @ SenatorRisch @ SenDuckworth @ SenDonnelly @ SenJoniErnst @ ChuckGrassley @ JerryMoran";;@ @ @ @ @ @ @;# # #;"885545810947174400";https://twitter.com/FundacionEfrain/status/885545810947174400
BPosh1;2017-07-13 12:56;0;0;"@ SenDuckworth Please stay strong in opposing the awful GOP health care bill ! We need instead to IMPROVE the ACA or have medicare for all!";;@;;"885543484924592128";https://twitter.com/BPosh1/status/885543484924592128
quingoings;2017-07-13 12:46;0;0;"When they have a monopoly, they care less..";;;;"885540935379161090";https://twitter.com/quingoings/status/885540935379161090
ronnig61;2017-07-13 11:11;0;0;"Revised Health Bill Has $70 Billion More for Exchanges, Summary Says # Trumpcare stinks @ SenatorDurbin @ SenDuckworth https://bloom.bg/2tgVf82";;@ @;#;"885516933965197312";https://twitter.com/ronnig61/status/885516933965197312
Gastripod;2017-07-13 10:12;0;0;"@ SenDuckworth @ SenatorDurbin I just want to take a moment thank you for your work in battling the GOP wealthcare bill. Please keep fighting.";;@ @;;"885502255839027201";https://twitter.com/Gastripod/status/885502255839027201
FrankGrinnes;2017-07-13 09:59;0;0;"Had I known Russia wanted to fix our healthcare system and cut taxes then I woulda voted Romney over Obama in 2012! TAMMY JUST OBSTRUCTS!";;;;"885498841243451392";https://twitter.com/FrankGrinnes/status/885498841243451392
KathyPollock20;2017-07-13 09:16;0;0;"@ senduckworth Vote "No" on # HealthcareBill! 30+ million kids may lose access to care if # BCRA becomes law.";;@;# #;"885488004239958017";https://twitter.com/KathyPollock20/status/885488004239958017
bluebirdofunhap;2017-07-12 19:19;1;0;"I'm going to say it again (last time about GOP gutting rural health care)...yet rural voters generally vote for the GOP. Go figure.";;;;"885277436291817474";https://twitter.com/bluebirdofunhap/status/885277436291817474
MyP_Chicago;2017-07-12 19:11;0;1;"Wow! @ CoryGardner cares more about protectingPutin thanHe cares about protecting # veteran families @ nowthisnews ACA helps all @ SenDuckworth";;@ @ @;#;"885275434262425600";https://twitter.com/MyP_Chicago/status/885275434262425600
nursiegal75;2017-07-12 19:04;0;0;"@ SenDuckworth @ SenatorDurbin @ RepBillFoster I'm counting on you to vote AGAINST Trumpcare! # IAmAPreexistingCondition # TheResistance";;@ @ @;# #;"885273675058085888";https://twitter.com/nursiegal75/status/885273675058085888
FrankGrinnes;2017-07-12 18:39;0;0;"Pretty sure I wouldnt be paying more if Gov took away incentives for lazy 30+ year olds smoke dope in mommys basement & get free healthcare";;;;"885267277851086848";https://twitter.com/FrankGrinnes/status/885267277851086848
nursiegal75;2017-07-12 18:27;5;7;"@ SenatorDurbin @ SenDuckworth @ RepBillFoster As your constituent I am asking you to vote AGAINST Trumpcare! # IAmAPreexistingCondition # Resist";;@ @ @;# #;"885264467394801664";https://twitter.com/nursiegal75/status/885264467394801664
iLoganC;2017-07-12 18:16;0;1;"Because they get more money. That's all companies care about.";;;;"885261534770987009";https://twitter.com/iLoganC/status/885261534770987009
krysslylitu;2017-07-12 18:06;0;0;"companies like Comcast get paid either way why do they care what websites we go to or not?";;;;"885259170240499712";https://twitter.com/krysslylitu/status/885259170240499712
dmk1127;2017-07-12 15:32;0;0;"@ senduckworth Vote "No" on # HealthcareBill! 30+ million kids may lose access to care if # BCRA becomes law.";;@;# #;"885220232897245185";https://twitter.com/dmk1127/status/885220232897245185
AddieGia;2017-07-12 15:30;0;1;"Think your internet is slow now? Just wait. Defend # NetNeutrality Here's why you should care. @ janschakowsky @ SenDuckworth @ DickDurbinhttps://twitter.com/WIRED/status/885187561940951044 …";;@ @ @;#;"885219875819585537";https://twitter.com/AddieGia/status/885219875819585537
FundacionEfrain;2017-07-12 15:15;0;0;"# Bipartisan # HealthcareBill @ MazieHirono @ SenBrianSchatz @ MikeCrapo @ SenatorRisch @ SenDuckworth @ SenDonnelly @ SenJoniErnst @ ChuckGrassleyhttps://twitter.com/vickievignon/status/879470746577362944 …";;@ @ @ @ @ @ @ @;# #;"885215965650333697";https://twitter.com/FundacionEfrain/status/885215965650333697
juliejramsay;2017-07-12 15:10;2;4;"Palliative and hospice care improve care for people w # Alzheimers. Please cosponsor # PCHETA # S693! # endalz @ SenDuckworth";;@;# # # #;"885214763705401344";https://twitter.com/juliejramsay/status/885214763705401344
Sumisha07;2017-07-12 15:01;0;0;"@ senduckworth Vote "No" on # HealthcareBill! 30+ million kids may lose access to care if # BCRA becomes law.";;@;# #;"885212524068704256";https://twitter.com/Sumisha07/status/885212524068704256
todcuy;2017-07-12 14:54;0;0;"@ senduckworth Vote "No" on # HealthcareBill! 30+ million kids may lose access to care if # BCRA becomes law.";;@;# #;"885210681405878272";https://twitter.com/todcuy/status/885210681405878272
kiddchrisina;2017-07-12 14:01;0;0;"@ SenateGOP @ SenateFloor @ SenatorBurr @ SenBlumenthal @ SenDuckworth @ SenatorDurbin @ SenStabenow No to trumpcare!!";;@ @ @ @ @ @ @;;"885197349886275584";https://twitter.com/kiddchrisina/status/885197349886275584
nomohomo;2017-07-12 13:43;0;0;"We're prob getting junk rating from wall st as a result of a lousy governor who doesn't care for IL, these are things we have to address.";;;;"885193032915701760";https://twitter.com/nomohomo/status/885193032915701760
almillxy;2017-07-12 13:39;0;0;"@ senduckworth Vote "No" on # HealthcareBill! 30+ million kids may lose access to care if # BCRA becomes law.";;@;# #;"885191791825141761";https://twitter.com/almillxy/status/885191791825141761
bernicelorenz;2017-07-12 13:09;0;0;"@ senduckworth Vote "No" on # HealthcareBill! 30+ million kids may lose access to care if # BCRA becomes law.";;@;# #;"885184435783585796";https://twitter.com/bernicelorenz/status/885184435783585796
drmarcohidalgo;2017-07-12 12:53;0;0;"@ senatordurbin @ senduckworth Vote "No" on # HealthcareBill! 30+ million kids may lose access to care if # BCRA becomes law.";;@ @;# #;"885180419137822720";https://twitter.com/drmarcohidalgo/status/885180419137822720
TranspoScout;2017-07-12 11:56;0;0;"@ SenDuckworth reminds EPW Committee that @ POTUS & Congress are focusing on cutting healthcare over job creation thru infrastructure spending";;@ @;;"885165942338183168";https://twitter.com/TranspoScout/status/885165942338183168
jpgayes;2017-07-12 10:14;0;0;". @ SenatorDurbin @ SenDuckworth Keep fighting for our healthcare. # NoBCRA # SaveMedicaid";;@ @;# #;"885140233192452097";https://twitter.com/jpgayes/status/885140233192452097
CU_Indivisible;2017-07-12 09:36;7;17;"Thank you @ SenatorDurbin & @ SenDuckworth for standing against the GOP "healthcare" bill. It's wrong for American & wrong for Illinois.";;@ @;;"885130667658530816";https://twitter.com/CU_Indivisible/status/885130667658530816
MomMD4SC;2017-07-12 01:08;0;1;"The GOP does not care about our government-- only their own personal agendas, vendettas at any cost. No foresight or perspective.";;;;"885002973495078913";https://twitter.com/MomMD4SC/status/885002973495078913
Nora66BC;2017-07-11 23:54;0;0;"Medicare & scientific research are 2 different issues. What if we invest in cures/treatments & then make sure people can afford them?";;;;"884984374223097858";https://twitter.com/Nora66BC/status/884984374223097858
kvandawalker;2017-07-11 23:23;0;0;"Agreed. I assume you and @ SenateDems have a plan to defeat it once and for all? @ SenatorDurbin @ SenDuckworth @ SenSchumer? Stop # wealthcare";;@ @ @ @;#;"884976373957263360";https://twitter.com/kvandawalker/status/884976373957263360
FrankGrinnes;2017-07-11 22:00;0;0;"Duckworth is fighting to put me in poverty while I pay $500/month so she can let my stoner friends w/ college degrees to get free healthcare";;;;"884955674974801921";https://twitter.com/FrankGrinnes/status/884955674974801921
Girl_Writes;2017-07-11 20:42;0;0;"@ SenatorDurbin @ SenDuckworth Please don't let this mockery of a healthcare bill pass. # HealthcareBillhttps://twitter.com/reuters/status/884850447948947458 …";;@ @;#;"884936000136458241";https://twitter.com/Girl_Writes/status/884936000136458241
regsixer;2017-07-11 20:41;0;0;"Medicare for all and call it Americare! Agree?";;;;"884935752567721985";https://twitter.com/regsixer/status/884935752567721985
kiddchrisina;2017-07-11 20:11;0;0;"@ SenatorDurbin @ SenDuckworth @ RodneyDavis No trumpcare! Keep fighting! RD, start fighting!";;@ @ @;;"884928194440286208";https://twitter.com/kiddchrisina/status/884928194440286208
FrankGrinnes;2017-07-11 20:06;0;0;"So you don't care about the 2 million losing coverage BECAUSE OF OBAMACARE? Wait 3 years and half our country won't have insurance.. SAD!";;;;"884926782050361345";https://twitter.com/FrankGrinnes/status/884926782050361345
DHayesstoker;2017-07-11 18:49;0;0;"And assuring them that you are willing to fight for the death of the deadly Trumpcare bill along with the treason facing our country";;;;"884907638156390400";https://twitter.com/DHayesstoker/status/884907638156390400
MissMisstee101;2017-07-11 18:09;0;0;"Everyone deserves access to high quality # family planning care, @ SenDuckworth! Protect # TitleX! # WeTweet @ NPWF";;@ @;# # #;"884897530659708928";https://twitter.com/MissMisstee101/status/884897530659708928
myurbanlife1;2017-07-11 18:03;0;0;". @ SenDuckworth @ SenatorDurbin -No to # trumpcare Keep fighting!";;@ @;#;"884896073751416832";https://twitter.com/myurbanlife1/status/884896073751416832
law638;2017-07-11 17:40;0;4;"Maybe you should remind Sen. Cruz of your & your fellow military family's sacrifice. He says that his constituents don't care about this!";;;;"884890067151486976";https://twitter.com/law638/status/884890067151486976
soundbites258;2017-07-11 15:29;0;3;"YES!!!! Too many people are falling prey and say they're not going to vote any more. They can not scare people away!!!";;;;"884857288082718722";https://twitter.com/soundbites258/status/884857288082718722
_Ben_Franklin1;2017-07-11 15:06;2;3;"What has happened to @ SenateGOP to make them despise the lives of those they should be honored to represent & wish to curtail medical care?";;@;;"884851296720879616";https://twitter.com/_Ben_Franklin1/status/884851296720879616
SLPMedicare4All;2017-07-11 14:48;0;0;"GOP holding our healthcare hostage for their tax cut @ GovRauner tried the same thing. Guess how that worked out? @ SenDuckworth @ SpeakerRyan";;@ @ @;;"884846913681596417";https://twitter.com/SLPMedicare4All/status/884846913681596417
IndivChi_South;2017-07-11 13:15;0;1;". @ SenDuckworth, please keep health care front & center. Do what it takes in the Senate to # KillTheBill and # ProtectOurCare!";;@;# #;"884823557561298946";https://twitter.com/IndivChi_South/status/884823557561298946
fusery;2017-07-11 11:25;0;0;"@ SenateDems @ SenateGOP @ SenDuckworth @ SenatorDurbin @ tedcruz @ SenateMajLdr n all of u other Senators who supposedly care about the peoplepic.twitter.com/xvPrOu7A2y";;@ @ @ @ @ @;;"884795706535542784";https://twitter.com/fusery/status/884795706535542784
bananna1915;2017-07-11 10:39;0;0;"@ SenDuckworth Time for Americans to stop paying for Illegals Health care Americans Seniors Disabled Veterans have good cheaper Health care";;@;;"884784117690372096";https://twitter.com/bananna1915/status/884784117690372096
ILBusinessJourn;2017-07-11 08:50;0;0;"Duckworth says healthcare measure slashes funding for opioid treatment https://www.ibjonline.com/local-business-headlines/5936-duckworth-says-healthcare-measure-slashes-funding-for-opioid-treatment … via @ ILBusinessJourn @ SenDuckworth";;@ @;;"884756701286739969";https://twitter.com/ILBusinessJourn/status/884756701286739969
ScienceMelz;2017-07-11 08:31;1;2;"Dear @ SenDuckworth and @ SenatorDurbin, pls continue to stand firm on no to # Trumpcare. Glad you have IL's back! # TrumpcareKills # SaveACA";;@ @;# # #;"884751888255725569";https://twitter.com/ScienceMelz/status/884751888255725569
juliejramsay;2017-07-10 23:21;6;6;"# S693 # PCHETA helps create a natl ed & awareness campaign 2 inform about benefits of palliative care. @ SenDuckworth PLZ cosponsor! # endalz";;@;# # #;"884613715705901056";https://twitter.com/juliejramsay/status/884613715705901056
Girl_Writes;2017-07-10 20:39;0;0;"Please, please fight this joke of a health care bill as hard as you can. It will devastate families in this country. @ SenDuckworth";;@;;"884572870671831040";https://twitter.com/Girl_Writes/status/884572870671831040
jessicadroeger;2017-07-10 18:03;5;7;"@ SenatorDurbin @ SenDuckworth You need to fight for us against the Koch financed Trumpcare bill! @ IndivisibleChihttps://twitter.com/celeste_pewter/status/884531492654690304 …";;@ @ @;;"884533541731794944";https://twitter.com/jessicadroeger/status/884533541731794944
JoeBReporter;2017-07-10 17:15;1;0;". @ SenDuckworth talks health care, opioid epidemic, political primaries, Russia during Granite City visit. http://www.bnd.com/news/local/article160524844.html …";;@;;"884521525143117825";https://twitter.com/JoeBReporter/status/884521525143117825
TheLadyGes;2017-07-10 17:03;0;0;"Say No to Trumpcare!";;;;"884518344111644673";https://twitter.com/TheLadyGes/status/884518344111644673
AnnelyseAhmad;2017-07-10 15:36;0;1;"...to continue to be the Land of Opportunity. # Healthcare @ SenateGOP @ SenateDems & my IL senators @ SenDuckworth & @ SenatorDurbin";;@ @ @ @;#;"884496510448173056";https://twitter.com/AnnelyseAhmad/status/884496510448173056
monmorndj;2017-07-10 14:59;0;0;"Let's see if we can engage the governor in denouncing this devastating healthcare bill. Would destroy programs needed. @ GovRauner # FixACA";;@;#;"884487212045393920";https://twitter.com/monmorndj/status/884487212045393920
MikeTolley4;2017-07-10 14:57;0;0;"If healthcare was free, who would pay for it? Who would pay the Doctors, clinics, hospitals, how would Doctors pay for their offices?";;;;"884486828916658177";https://twitter.com/MikeTolley4/status/884486828916658177
RougeSnowflake;2017-07-10 14:53;0;0;"Healthcare is a right in the Constitotion and should be free to everyone!";;;;"884485838901583872";https://twitter.com/RougeSnowflake/status/884485838901583872
medwoman1;2017-07-10 14:30;0;1;"Kudos to Sen.Duckworth for her work on health care in general & specifically on the opioid crisis.";;;;"884480059494367232";https://twitter.com/medwoman1/status/884480059494367232
regsixer;2017-07-10 14:25;1;1;"Medicare for ALL! Call it AMERICARE!";;;;"884478682970157056";https://twitter.com/regsixer/status/884478682970157056
bellevillenewsd;2017-07-10 14:09;0;2;". @ SenDuckworth criticizes # GOP # healthcare plan. @ POTUS # Trumpcare # Illinois # politics # government http://www.bnd.com/news/local/article160524844.html …pic.twitter.com/eF6eimqnHA";;@ @;# # # # # #;"884474645071704064";https://twitter.com/bellevillenewsd/status/884474645071704064
EverydayActivis;2017-07-10 12:21;0;0;"# Day172 my # everydayactivism was to call @ SenDuckworth & @ SenatorDurbin to ask that they continue their fight & keep healthcare in the newshttps://twitter.com/thehill/status/884428768647028736 …";;@ @;# #;"884447378471878659";https://twitter.com/EverydayActivis/status/884447378471878659
JoeBReporter;2017-07-10 11:15;0;0;"Duckworth says she has voted to fix ACA. Not repeal it. Wants Medicare to negotiate for lower drug prices.";;;;"884430856634413056";https://twitter.com/JoeBReporter/status/884430856634413056
JoeBReporter;2017-07-10 11:11;1;1;"Duckworth says # trumpcare makes access to healthcare harder";;;#;"884429981606191104";https://twitter.com/JoeBReporter/status/884429981606191104
Brpkelly;2017-07-10 11:09;0;0;"@ SenDuckworth in Granite City talking about # opioids re: # GOPHealthcare plan. I@kmoxnewspic.twitter.com/lnJr0jlKyz";;@ @kmoxnewspic;# #;"884429269836988416";https://twitter.com/Brpkelly/status/884429269836988416
56Starbuck;2017-07-10 10:37;1;0;"Healthcare must be our focus. Russia investigation is in good hands. @ SenatorDurbin @ SenDuckworth thanks for ur support https://twitter.com/aslavitt/status/884256907900456964 …";;@ @;;"884421410839515137";https://twitter.com/56Starbuck/status/884421410839515137
IndivisibleChi;2017-07-10 09:55;4;2;"DAILY ACTION: Subscribe to @InChicagoPod and call @ SenatorDurbin & @ SenDuckworth to keep the pressure on healthcare https://www.indivisiblechicago.com/take-action-1/2017/7/10/monday-july-10th-listen-and-subscribe-to-indivisible-chicago-podcast …pic.twitter.com/1xjmhasEdV";;@InChicagoPod @ @;;"884410879055466496";https://twitter.com/IndivisibleChi/status/884410879055466496
Karenamarron83;2017-07-10 06:20;0;0;". @ SenatorDurbin @ SenDuckworth Stand up for constituents like me during the health care debate. pic.twitter.com/vFwqE59pTH";;@ @;;"884356771653054465";https://twitter.com/Karenamarron83/status/884356771653054465
CnpProtect318;2017-07-09 22:28;0;2;"# standup # speakout # takeaction Tweet @ SenatorDurbin @ SenDuckworth. Let them know # healthcare is one of our # humanrights. # peopleoverprofithttps://twitter.com/Brandon2075/status/884135053172801537 …";;@ @;# # # # # #;"884237747623538688";https://twitter.com/CnpProtect318/status/884237747623538688
MisNorm98;2017-07-09 18:05;8;3;". @ SenDuckworth . @ SenatorDurbin thank you for supporting Illinoisans and our healthcare # ILSaveACAhttps://twitter.com/misnorm98/status/883779442136539136 …";;@ @;#;"884171705110978560";https://twitter.com/MisNorm98/status/884171705110978560
MyP_Chicago;2017-07-09 10:30;0;0;"She cares more about u than u care about # veterans & no one wants toUR eBay purchases # Pfft @ scormako @ SenDuckworth @ wholeexpanse";;@ @ @;# #;"884057074069536768";https://twitter.com/MyP_Chicago/status/884057074069536768
tennis12007;2017-07-09 07:55;0;0;"@ SenJohnMcCain @ SenDuckworth @ SenAngusKing anyonevin Senate care aboutvthis?";;@ @ @;;"884018251101069313";https://twitter.com/tennis12007/status/884018251101069313
RLJEight;2017-07-08 23:51;1;1;"We’re losing our democracy as we fight over healthcare. Do something about it!! @ RepLaHood , @ SenDuckworth , @ SenatorDurbinhttps://twitter.com/mollymckew/status/883656239879684098 …";;@ @ @;;"883896317361217536";https://twitter.com/RLJEight/status/883896317361217536
leas_table;2017-07-08 20:26;0;0;"@ SenatorDurbin @ SenDuckworth How would Illinois fair with job loss regarding Trumpcare? https://twitter.com/topherspiro/status/883116314323234816 …";;@ @;;"883844671063154688";https://twitter.com/leas_table/status/883844671063154688
DianneNora;2017-07-08 12:25;0;0;". @ SenDuckworth @ SenatorDurbin # Trumpcare is disastrous & cruel. Vote No! pic.twitter.com/lc03w2Yfh4 # IStandWithPP";;@ @;# #;"883723707327369216";https://twitter.com/DianneNora/status/883723707327369216
Autigers57;2017-07-08 07:13;0;0;"What a BS statement by you and so many lying Liberals. Obamacare was set up to fail to have a single payer system put in place.";;;;"883645232407080960";https://twitter.com/Autigers57/status/883645232407080960
OhYeahLasers;2017-07-08 03:51;0;0;"Any senator who votes to kill Americans by depriving them of healthcare is voting away all their political capital, chances of reelection.";;;;"883594353083645953";https://twitter.com/OhYeahLasers/status/883594353083645953
stevelockwood86;2017-07-08 00:23;0;0;"@ SenatorDurbin @ SenDuckworth thank you for your continued fight for healthcare.Your leadership is greatly appreciated.";;@ @;;"883542154492207105";https://twitter.com/stevelockwood86/status/883542154492207105
jtsbk;2017-07-07 23:55;0;0;"Sorry Medicare will not be touched. Sen Duckworth screwed the Veterans in IL and is still being sued by the whistle-blowers";;;;"883534882965737474";https://twitter.com/jtsbk/status/883534882965737474
WindyCityFunk;2017-07-07 23:36;0;1;"Senator Trumpcare will target this family anyone with preexisting conditions are out!";;;;"883530311350579200";https://twitter.com/WindyCityFunk/status/883530311350579200
JuanaA2016;2017-07-07 23:06;0;0;"@ SenDuckworth @ SenatorDurbin @ SenateDems Beware! McConnell wants a # Blitz b4 the August recess # VoteNO # NoBRCA @ ProtectILCare # ILSaveACAhttps://twitter.com/protectilcare/status/883400968783536128 …";;@ @ @ @;# # # #;"883522594774896640";https://twitter.com/JuanaA2016/status/883522594774896640
SenDuckworth;2017-07-07 20:16;62;291;"For Elena’s sake & for countless others who would have a harder time affording medical care, we must stop this bill!";;;;"883479864824795136";https://twitter.com/SenDuckworth/status/883479864824795136
SenDuckworth;2017-07-07 20:16;70;216;"9 yr old Elena Perez & her family stopped by my office to talk about how # Trumpcare would jeopardize the healthcare Elena needs to survivepic.twitter.com/ZvfpZ4teWc";;;#;"883479834961293313";https://twitter.com/SenDuckworth/status/883479834961293313
BowenSissy;2017-07-07 16:59;1;0;"How can Alzheimer's "break Medicare," when Medicare pays hardly anything for the Care of persons with # dementia or # Alzheimer's?";;;# #;"883430264336252928";https://twitter.com/BowenSissy/status/883430264336252928
KFS_Freedom;2017-07-07 13:52;1;5;"@ RepKinzinger @ DickDurbin @ SenDuckworth THANKS 4 protecting Existing Conditions Rare Disease patients depend on healthcare! @ RareAdvocates";;@ @ @ @;;"883383357824000000";https://twitter.com/KFS_Freedom/status/883383357824000000
juliejramsay;2017-07-07 09:50;4;6;"According to @ Forbes # Alzheimer's could break # medicare. We can't afford not 2 # endalz # AlzIllinois @ SenDuckworth https://www.forbes.com/sites/brucejapsen/2017/03/07/u-s-cost-of-alzheimers-eclipses-250-billion/#71e56cef71e5 …";;@ @;# # # # #71e56cef71e5;"883322251881455616";https://twitter.com/juliejramsay/status/883322251881455616
MikeRay34;2017-07-06 19:44;0;0;"@ tedcruz You should talk to your colleague in the senate @ SenDuckworth before talking about veterans and healthcare.";;@ @;;"883109478262034433";https://twitter.com/MikeRay34/status/883109478262034433
janeworld1;2017-07-06 18:58;0;2;"We are going to need good health care plans more than ever!";;;;"883097923642327040";https://twitter.com/janeworld1/status/883097923642327040
MomSkelton;2017-07-06 18:14;0;0;"I take care of VETS-T @ DonaldJTrumpJr Veterans Oath-Protect & Defend constitution by enemies Foreign & DOMESTIC; &Congress @ SenDuckworth https://twitter.com/votevets/status/882975876404609024 …";;@ @;;"883086706445918209";https://twitter.com/MomSkelton/status/883086706445918209
albamuth;2017-07-06 16:08;0;0;"# MedicareForAll would be a great step towards economic justice, as health care affects the financially vulnerable (ppl like me) unfairly.";;;#;"883055046396710912";https://twitter.com/albamuth/status/883055046396710912
MaxB69835631;2017-07-06 12:49;1;0;"# Durbin always "I" except when attacking # potus. State Bankrupt and this Dick doesn't care.";;;# #;"883004879995908096";https://twitter.com/MaxB69835631/status/883004879995908096
NamVet14;2017-07-06 12:12;0;0;"Glad to see you think this is so important. If they didn't flaunt it so much. People wouldn't care";;;;"882995716771250176";https://twitter.com/NamVet14/status/882995716771250176
GisburneMaryAnn;2017-07-05 18:50;0;0;"@ realDonaldTrump @ POTUS @ SenateMajLdr @ SpeakerRyan @ mike_pence @ SenDuckworth @ SenatorDurbin This-pro-life healthcare https://www.vox.com/health-care/2017/7/3/15886892/black-white-moms-die-childbirth-north-carolina-less …";;@ @ @ @ @ @ @;;"882733434845757440";https://twitter.com/GisburneMaryAnn/status/882733434845757440
IndivisibleofAZ;2017-07-05 17:15;1;0;"@ ChrisMurphyCT @ KamalaHarris @ SenKamalaHarris @ SenDuckworth # NoBCRA # AZforACA # SaveOurHealthcarehttps://twitter.com/IndivisibleofAZ/status/882681934140321792 …";;@ @ @ @;# # #;"882709623274323968";https://twitter.com/IndivisibleofAZ/status/882709623274323968
FundacionEfrain;2017-07-05 13:44;0;0;"@ SenatorRisch @ SenDuckworth @ SenDonnelly @ SenJoniErnst @ ChuckGrassley @ JerryMoran @ SenPatRoberts End # 7yearsBadLuck # Repeal # Obamacare";;@ @ @ @ @ @ @;# # #;"882656348290392064";https://twitter.com/FundacionEfrain/status/882656348290392064
ILAction14th;2017-07-05 13:37;9;6;"Keep up your calls to @ SenatorDurbin & @ SenDuckworth to stand up for our healthcare! # ProtectOurCare # SaveMedicaidhttps://twitter.com/indivisibleteam/status/882588103084576769 …";;@ @;# #;"882654707679940608";https://twitter.com/ILAction14th/status/882654707679940608
missfishers_m;2017-07-05 12:28;0;0;"# SaveACA # SaveMedicaid # Trumpcare # Wealthcare # protectourcare @ IndivisibleIL @ DickDurbin @ SenDuckworth https://twitter.com/LittleLobbyists/status/882636695832858626 …";;@ @ @;# # # # #;"882637215108665344";https://twitter.com/missfishers_m/status/882637215108665344
juliejramsay;2017-07-05 11:45;5;5;"# DidYouKnow 15M Americans provide unpaid care for some1 w # Alzheimers @ SenDuckworth learn more visit http://alz.org/facts # endalz";;@;# # #;"882626438163308544";https://twitter.com/juliejramsay/status/882626438163308544
galemaxey;2017-07-05 02:30;0;0;"Now here's the truth. If you want a GOOD healthcare bill. Take away Congresses free coverage and make them enroll. Then you'll see a plan";;;;"882486735162163200";https://twitter.com/galemaxey/status/882486735162163200
Mochis_Daddy;2017-07-05 00:50;0;0;"What about those who already lost their health care to Obamacare cost going throught the roof. Why isn't that addressed.";;;;"882461697553743879";https://twitter.com/Mochis_Daddy/status/882461697553743879
FundacionEfrain;2017-07-04 22:03;0;0;"# Patriots 4 # Healthcarebill R U 1 @ SenDavidPerdue @ MazieHirono @ SenBrianSchatz @ MikeCrapo @ SenatorRisch @ SenDuckworth @ SenDonnelly";;@ @ @ @ @ @ @;# #;"882419635320180736";https://twitter.com/FundacionEfrain/status/882419635320180736
GoSpreengo;2017-07-04 21:00;1;1;"Also sending @ SenDuckworth and @ SenatorDurbin thank you notes for making statements against the GOP healthcare bill. # positivereinforcement";;@ @;#;"882403704460247040";https://twitter.com/GoSpreengo/status/882403704460247040
vgliatti;2017-07-04 15:58;0;0;"Very hard to do, Many # vets are living in fear of living without medical care and have preexisting conditions # PTSD Inhumane after serving!";;;# #;"882327667919421440";https://twitter.com/vgliatti/status/882327667919421440
rosariavo;2017-07-04 09:17;0;0;"@ SenDuckworth @ SenatorDurbin I hope you're keeping up with what's going on the R healthcare bill and not the nonsense tweets from 45https://twitter.com/aslavitt/status/881941502875881473 …";;@ @;;"882226763321028608";https://twitter.com/rosariavo/status/882226763321028608
FundacionEfrain;2017-07-04 08:56;0;0;"@ SenatorRisch @ SenDuckworth @ SenDonnelly @ SenJoniErnst @ JerryMoran @ SenBrianSchatz @ SenDavidPerdue # HealthcareBill # American as # applepie";;@ @ @ @ @ @ @;# # #;"882221680931856384";https://twitter.com/FundacionEfrain/status/882221680931856384
SLPMedicare4All;2017-07-03 23:18;0;0;". @ HouseDemocrats @ HouseGOP @ SenateGOP @ SenateDems @ SenDuckworth @ SenatorDurbin @ GovRauner @ RepShimkus @ RodneyDavishttps://twitter.com/RoseAnnDeMoro/status/881913333003067393 …";;@ @ @ @ @ @ @ @ @;;"882076008203071489";https://twitter.com/SLPMedicare4All/status/882076008203071489
SLPMedicare4All;2017-07-03 23:14;0;0;"C'mon IL!!! @ GovRauner @ SenDuckworth @ RepShimkus @ SenatorDurbin @ RodneyDavis";;@ @ @ @ @;;"882075071694737409";https://twitter.com/SLPMedicare4All/status/882075071694737409
KellOnEarth7;2017-07-03 19:57;0;0;"Thread on a personal effect of Obamacare on me. @ SenatorDurbin , @ SenDuckworth, @ SenSchumer , @ IronStache . Fight hard for us. # SinglePayerhttps://twitter.com/KellOnEarth7/status/882023787226681345 …";;@ @ @ @;#;"882025433843331072";https://twitter.com/KellOnEarth7/status/882025433843331072
conniemcgi;2017-07-03 19:50;0;0;"@ SenDuckworth, Please read this. It has me scared to death. https://twitter.com/Independent/status/881774509857972225 …";;@;;"882023845393203200";https://twitter.com/conniemcgi/status/882023845393203200
cbtweets_27;2017-07-03 09:38;0;0;"@ SenDuckworth @ SenatorDurbin Commit to being co-sponsors of @ SenSanders bill. The ppl of IL need # healthcareforallhttps://twitter.com/SenSanders/status/881867814906232832 …";;@ @ @;#;"881869642528063488";https://twitter.com/cbtweets_27/status/881869642528063488
_resistorish;2017-07-02 14:53;0;0;"@ SenatorDurbin @ SenDuckworth Where is the Democratic bill to fix Obamacare? Even if it goes nowhere, the alternative should be available.";;@ @;;"881586534373367808";https://twitter.com/_resistorish/status/881586534373367808
thenicolescape;2017-07-02 13:24;0;0;"How is his not grounds for invoking the 25th? @ SenatorDurbin @ SenDuckworth I mean I'd ask @ RodneyDavis, but that chump doesn't care.https://twitter.com/realdonaldtrump/status/881503147168071680 …";;@ @ @;;"881564191735377920";https://twitter.com/thenicolescape/status/881564191735377920
IndivisibleOP;2017-07-02 10:35;2;2;"Stay engaged this week, continue to fight # Trumpcare. Write or call @ SenatorDurbin & @ SenDuckworth # SaveOurCarepic.twitter.com/KKLIrtFFMc";;@ @;# #;"881521678492332033";https://twitter.com/IndivisibleOP/status/881521678492332033
goaliemomjams;2017-07-02 10:15;0;0;"@ SenDuckworth @ SenatorDurbin What is it going 2take2get him hospitalized for proper mental health care. He is a threat to USA's welfare!https://twitter.com/realdonaldtrump/status/881503147168071680 …";;@ @;;"881516764496089089";https://twitter.com/goaliemomjams/status/881516764496089089
Mike_halpin;2017-07-01 17:18;0;0;"Great pod on healthcare debate! We know @ SenatorDurbin @ SenDuckworth are fighting for IL. Vote NO on # Wealthcarehttps://twitter.com/jonfavs/status/881245962659799040 …";;@ @;#;"881260765201784834";https://twitter.com/Mike_halpin/status/881260765201784834
Mittineague;2017-07-01 15:05;0;0;". @ MikeCrapo @ SenatorRisch @ SenDuckworth Please consign # BCRA to the trash heap Get serious and fix # ACA or # singlepayer # MedicareForAll";;@ @ @;# # # #;"881227247822045185";https://twitter.com/Mittineague/status/881227247822045185
Margaret_Hahn;2017-07-01 10:34;0;1;"Called @ SenDuckworth & @ SenatorDurbin to tell my healthcare stories. I ugly cried on phone & staff was so kind. TY & # saveourhealthcare";;@ @;#;"881158993347039232";https://twitter.com/Margaret_Hahn/status/881158993347039232
burberryant;2017-07-01 09:55;0;1;"Sadly they don't care; these ppl might @ SenSanders @ RepBarbaraLee @ SenSherrodBrown @ jeremycorbyn @ RepJohnConyers @ SenDuckworth";;@ @ @ @ @ @;;"881149377070456832";https://twitter.com/burberryant/status/881149377070456832
trcfwtt;2017-07-01 08:42;0;0;"as if white nationalists like yourself care abt black ppl killing each other.";;;;"881130940587814912";https://twitter.com/trcfwtt/status/881130940587814912
jleo1953;2017-07-01 02:53;0;0;"President Obama cared about the troops....staff had 2 hold him back from meeting their bodies at airport every time. # Class # TrumpBeGolfing";;;# #;"881043007516033025";https://twitter.com/jleo1953/status/881043007516033025
MikeyBong1;2017-06-30 20:40;0;1;"Who cares if it's exaggerated? How about the overwhelming majority of Chicagoans who have never shot anyone or been shot?";;;;"880949149566414848";https://twitter.com/MikeyBong1/status/880949149566414848
robertmclaws;2017-06-30 20:17;1;1;"Well, people have been minimizing it for years and it just gets worse. If exaggerating it puts a focus on it and gets it solved, who cares?";;;;"880943467781816320";https://twitter.com/robertmclaws/status/880943467781816320
