mwyattfriss;2017-07-24 19:34;0;0;"Thank you Senator Peters.....please vote no on motion to proceed. # NoRepeal # save our healthcare";;;# #;"889629835403948035";https://twitter.com/mwyattfriss/status/889629835403948035
northvilledems;2017-07-24 19:13;1;2;"We need you @ SenStabenow @ SenGaryPeters save health care. Out of state followers please call your senators. # SaveOurCare";;@ @;#;"889624521904455681";https://twitter.com/northvilledems/status/889624521904455681
retselyrag;2017-07-24 19:07;0;0;"Why isn't health care priority? Are you one of republicans out to destroy our President Trump and USA?";;;;"889623085435031557";https://twitter.com/retselyrag/status/889623085435031557
michresister;2017-07-24 19:01;1;0;"@ SenGaryPeters Keep fighting! No Trumpcare! I support you and appreciate you standing up for Michigan citizens. # NoTrumpCare # Impeach";;@;# #;"889621533387350016";https://twitter.com/michresister/status/889621533387350016
Brandenbee;2017-07-24 18:34;0;1;"When are either of you holding town halls? Do you sponsor or co-sponsor a # SinglePayer healthcare bill? How much $ is # BigPharma giving you?";;;# #;"889614908106715141";https://twitter.com/Brandenbee/status/889614908106715141
lindaz333;2017-07-24 18:20;0;0;"@ SenGaryPeters This GOP "healthcare" bill is a joke. Voting yes on a POS bill that got slapped together and impacts every citizen is wrong.";;@;;"889611264397279234";https://twitter.com/lindaz333/status/889611264397279234
charlielangton;2017-07-24 17:48;1;3;"In Washington talking healthcare and the upcoming vote, with @ SenGaryPeters @ FOX2News @ WWJ950pic.twitter.com/6IfMvmmVza";;@ @ @;;"889603278606147584";https://twitter.com/charlielangton/status/889603278606147584
ddamusis;2017-07-24 17:41;0;0;"Enhance the Affordable Care Act to meet the needs of the people not Trump, @ SenGaryPeters, @ SenStabenow. Vote 'no' on # Obamacare repeal.";;@ @;#;"889601526032990209";https://twitter.com/ddamusis/status/889601526032990209
ddamusis;2017-07-24 17:24;0;0;"I and Your constituents are depending on you, @ SenGaryPeters. Vote 'no' on # Obamacare repeal.";;@;#;"889597278444564481";https://twitter.com/ddamusis/status/889597278444564481
ddamusis;2017-07-24 17:24;0;0;"I and Your constituents are depending on you, @ SenGaryPeters, @ SenStabenow. Vote 'no' on # Obamacare repeal.";;@ @;#;"889597110529785856";https://twitter.com/ddamusis/status/889597110529785856
lnelsonspielman;2017-07-24 17:06;1;2;"Your constituents are depending on you, @ SenGaryPeters @ SenStabenow. Vote 'no' on # Obamacare repeal.";;@ @;#;"889592751746109444";https://twitter.com/lnelsonspielman/status/889592751746109444
Lisa_Babcock517;2017-07-24 17:04;0;0;"@ SenGaryPeters & @ SenStabenow THANK YOU for protecting constits & Obamacare. The nightmare = @ POTUS 's corruption, # Trumpcare # TrumpRussia.https://twitter.com/WhiteHouse/status/889579712124788736 …";;@ @ @;# #;"889592065318932481";https://twitter.com/Lisa_Babcock517/status/889592065318932481
babs2122;2017-07-24 16:54;0;0;"That's fantastic! My dad used the GI Bill after WWII. Just wanted to remind you to vote no on the healthcare bill that McConnell plans.";;;;"889589593779163136";https://twitter.com/babs2122/status/889589593779163136
_sheisfierce;2017-07-24 10:52;0;1;"Thank you @ SenStabenow and @ SenGaryPeters for your continued fight to save our healthcare. Stay strong.";;@ @;;"889498477251657729";https://twitter.com/_sheisfierce/status/889498477251657729
LindaAchatz;2017-07-24 00:48;0;0;"@ SenGaryPeters @ SenStabenow - I am begging you to please vote 'No on the Healthcare Bill vote on Tuesday!";;@ @;;"889346536408317952";https://twitter.com/LindaAchatz/status/889346536408317952
allbeautifulife;2017-07-23 22:15;1;2;"@ SenStabenow @ SenGaryPeters Senators please say no to ACA repeal. Time for bipartisan review and effort for affordable health care. Ty.";;@ @;;"889308079505985536";https://twitter.com/allbeautifulife/status/889308079505985536
thepaperframes;2017-07-23 14:42;0;0;"@ SenGaryPeters thank you for promising to vote no on the wealthcare vote. Glad to have you as my senator.";;@;;"889193931522625536";https://twitter.com/thepaperframes/status/889193931522625536
GSchroedie;2017-07-22 03:54;1;1;"Keep up the great work Senators. We need you in there fighting for us. Stop # wealthcare";;;#;"888668651053879296";https://twitter.com/GSchroedie/status/888668651053879296
Lisak1981;2017-07-21 22:43;0;0;"go sign up for Obamacare I did. If you don't make to much money. I put In 3000 resumes and still looking I know what life hands you thanks";;;;"888590195800592384";https://twitter.com/Lisak1981/status/888590195800592384
jody_sterk;2017-07-21 21:20;0;0;"MR Thune, He could care less about all South Dakota as he enjoyed super with the 45 oops Thanks BTW, hope your fam is healthy and o Pence";;;;"888569519148597248";https://twitter.com/jody_sterk/status/888569519148597248
BiscuitomMarlne;2017-07-21 16:54;0;0;"Obamacare isn't excepted by specialists. You will quickly realize doctors don't take it.";;;;"888502462117695488";https://twitter.com/BiscuitomMarlne/status/888502462117695488
FealyJessica;2017-07-21 16:29;0;0;"@ SenGaryPeters THANK YOU for protecting the healthcare of Michiganders! # Docs4Coverage";;@;#;"888496066626285569";https://twitter.com/FealyJessica/status/888496066626285569
DanSmith112263;2017-07-21 16:25;0;0;"http://nymag.com/daily/intelligencer/2017/07/trump-administration-used-public-funds-to-sabotage-obamacare.html …";;;;"888495277774168065";https://twitter.com/DanSmith112263/status/888495277774168065
rarap29;2017-07-21 15:04;0;0;"@ SenGaryPeters Obamacare is a disaster! VOTE for Healthcare Reform - REPEAL and REPLACE. We want Lower premiums, more choices, true care!";;@;;"888474867728658432";https://twitter.com/rarap29/status/888474867728658432
susiekayj;2017-07-21 11:37;1;1;"Seems Thune will talk about everything but what we want to hear.U support repeal?Closing hospitals &nursing homes&taking healthcare from us?";;;;"888422643392815105";https://twitter.com/susiekayj/status/888422643392815105
hknitz;2017-07-21 09:24;0;0;"Please protect my care!!!! Soooo many people are depending on affordable health care/PP to maintain their mental and physical health";;;;"888389131944030213";https://twitter.com/hknitz/status/888389131944030213
RevSinister769;2017-07-21 07:27;0;0;"Choose your own healthcare and leave mine alone! # EhlersDanlosSyndrome # FixACA";;;# #;"888359887704608768";https://twitter.com/RevSinister769/status/888359887704608768
RevSinister769;2017-07-21 07:25;0;1;"Leave Obamacare or fix it. Repealing it is a death sentence to MILLIONS like me who have genetic defects that require extra insurance.";;;;"888359343850217473";https://twitter.com/RevSinister769/status/888359343850217473
qzytzs;2017-07-20 22:59;0;2;". @ SenGaryPeters: I join @ TrumpAlliance in calling for a FULL # Obamacare repeal. @ realDonaldTrump # maga";;@ @ @;# #;"888231930445144064";https://twitter.com/qzytzs/status/888231930445144064
nevrchek;2017-07-20 18:54;0;0;"And premiums are spiking like crazy with Obamacare! Damned if we do, damned if we don't. # SkyIsFalling # WereDoomed # ChickenLittle # CryWolf";;;# # # #;"888170167171260416";https://twitter.com/nevrchek/status/888170167171260416
FundacionEfrain;2017-07-20 17:42;0;0;"Hey! # ACA gives costly # Skimpy # No coverage # HealthcareBill @ stabenow @ SenStabenow @ SenGaryPeters @ marcorubio @ tedcruz @ SenTedCruz";;@ @ @ @ @ @;# # # #;"888152248827695106";https://twitter.com/FundacionEfrain/status/888152248827695106
rbjettateach;2017-07-20 16:54;0;0;"@ SenStabenow @ SenGaryPeters - PLEASE continue to fight any change to healthcare. # keepACA # saynototrumpcare # saynotoGOP";;@ @;# # #;"888140022507032576";https://twitter.com/rbjettateach/status/888140022507032576
Unsportingiam;2017-07-20 16:27;0;0;"@ SenGaryPeters Out of 32million ppl who will loose healthcare if repealed, how many will be illegal immigrants?";;@;;"888133211351642114";https://twitter.com/Unsportingiam/status/888133211351642114
kgalica1;2017-07-20 14:48;0;0;"@ SenGaryPeters Senator, repeal 100% of Obamacare, now! https://www.votervoice.net/AFA/campaigns/53675/respond …";;@;;"888108261009833984";https://twitter.com/kgalica1/status/888108261009833984
Lisak1981;2017-07-20 14:18;0;0;"If they repeal Obamacare people will have nothing and that's exactly what the Republican Party of the United States of America wants";;;;"888100695915859968";https://twitter.com/Lisak1981/status/888100695915859968
FundacionEfrain;2017-07-20 13:45;0;0;"NEED # HealthcareBill not 440 Fed_agencies @ stabenow @ SenStabenow @ SenGaryPeters @ SenSanders @ marcorubio @ tedcruz @ SenTedCruz @ MikePenceVP";;@ @ @ @ @ @ @ @;#;"888092525822652416";https://twitter.com/FundacionEfrain/status/888092525822652416
FundacionEfrain;2017-07-20 12:16;0;0;"# HealthcareBill NOT depriving poor_REVIVING system @ stabenow @ SenStabenow @ SenGaryPeters @ SenSanders @ marcorubio @ tedcruz @enTedCruz";;@ @ @ @ @ @ @enTedCruz;#;"888070144601313282";https://twitter.com/FundacionEfrain/status/888070144601313282
MockingJayMom;2017-07-20 11:36;0;0;"Im sure its a threat but can we put off worrying us about it until we are done battling healthcare and watching treason unfold unchecked.";;;;"888060009585790976";https://twitter.com/MockingJayMom/status/888060009585790976
FundacionEfrain;2017-07-20 09:56;0;0;"Strong leaders 4 # HealthcareBill @ stabenow @ SenStabenow @ SenGaryPeters @ SenSanders @ marcorubio @ tedcruz @ SenTedCruz @ MikePenceVP";;@ @ @ @ @ @ @ @;#;"888034918751719424";https://twitter.com/FundacionEfrain/status/888034918751719424
davidbblakely;2017-07-20 09:31;0;1;"So you're saying one disaster (Obamacare) is enough???";;;;"888028472240635904";https://twitter.com/davidbblakely/status/888028472240635904
FundacionEfrain;2017-07-20 08:22;0;0;"Can’t buy Mercedes # ACA on GM budget # HealthcareBill @ stabenow @ SenStabenow @ SenGaryPeters @ SenSanders @ marcorubio @ tedcruz @ SenTedCruz";;@ @ @ @ @ @ @;# #;"888011295492104192";https://twitter.com/FundacionEfrain/status/888011295492104192
enelrayak;2017-07-19 23:16;0;0;"@ SenGaryPeters @ POTUS - Mr. Hurd expresses my feelings deeply; GOP, repeal the ACA, don't be like the Dems. http://www.washingtontimes.com/news/2017/jul/18/blame-democrats-who-created-obamacare-and-are-dish/ …";;@ @;;"887873900763242497";https://twitter.com/enelrayak/status/887873900763242497
AlisonWolfMason;2017-07-19 19:43;0;0;"Obamacare is exactly what you say will happen without it. Its HORRID. Fix the PROBLEM not the BLAME";;;;"887820324649226240";https://twitter.com/AlisonWolfMason/status/887820324649226240
SenGaryPeters;2017-07-19 19:03;36;89;"Repealing the ACA w/o a replacement would be an outright disaster: 32 million will lose care in next 10 yrs & premiums spike 25% in first yrhttps://twitter.com/ap/status/887786428855353345 …";;;;"887810270369902592";https://twitter.com/SenGaryPeters/status/887810270369902592
FundacionEfrain;2017-07-19 18:17;0;0;"# HealthcareBill better than # ACA @ stabenow @ SenStabenow @ SenGaryPeters @ SenSanders @ marcorubio @ tedcruz @ SenTedCruz @ MikePenceVP";;@ @ @ @ @ @ @ @;# #;"887798559139127300";https://twitter.com/FundacionEfrain/status/887798559139127300
MidnightHourNow;2017-07-19 17:56;0;0;"@ SenGaryPeters Senator, repeal 100% of Obamacare, now! https://www.votervoice.net/AFA/campaigns/53675/respond …";;@;;"887793181227704322";https://twitter.com/MidnightHourNow/status/887793181227704322
owennbw75;2017-07-19 17:51;0;0;"Then push for non profit hospitals/doctors/drug companies/healthcare equipment providers/ service providers etc.";;;;"887791914002591746";https://twitter.com/owennbw75/status/887791914002591746
dcgorham;2017-07-19 15:04;0;0;"I am a RN and NP in MI. I have seen the ACA personally help many and believe it is one of the best improvements in healthcare in decades.";;;;"887750117218021376";https://twitter.com/dcgorham/status/887750117218021376
SBGC2C;2017-07-19 14:49;0;0;". @ SenGaryPeters on health care: “It’s time for us to come together in a bipartisan way, look at how we can make the law better” @ nbc25fox66pic.twitter.com/554FF0CjZc";;@ @;;"887746213470232576";https://twitter.com/SBGC2C/status/887746213470232576
FundacionEfrain;2017-07-19 14:17;0;0;"Discuss how GOOD # HealthcareBill is @ stabenow @ SenStabenow @ SenGaryPeters @ SenSanders @ marcorubio @ tedcruz @ SenTedCruz @ MikePenceVP";;@ @ @ @ @ @ @ @;#;"887738286525100033";https://twitter.com/FundacionEfrain/status/887738286525100033
owennbw75;2017-07-19 14:04;0;0;"It used to be healthcare was affordable without insurance until LBJ and Medicare. Govt always causes price increases in services.";;;;"887734952577708037";https://twitter.com/owennbw75/status/887734952577708037
kjcolvin611;2017-07-19 12:31;0;0;". @ SenGaryPeters: I join @ TrumpAlliance in calling for a FULL # Obamacare repeal. @ realDonaldTrump # maga";;@ @ @;# #;"887711423052361729";https://twitter.com/kjcolvin611/status/887711423052361729
GreggHoush;2017-07-19 11:20;0;0;"@ SenGaryPeters $765 billion per year lost in US healthcare system. Want to fix healthcare? Maybe start with this https://www.propublica.org/article/the-myth-of-drug-expiration-dates …";;@;;"887693581502353409";https://twitter.com/GreggHoush/status/887693581502353409
FundacionEfrain;2017-07-19 10:55;0;0;"United we stand Divided U fall # HealthcareBill @ stabenow @ SenStabenow @ SenGaryPeters @ SenSanders @ marcorubio @ tedcruz @ SenTedCruz";;@ @ @ @ @ @ @;#;"887687411580502016";https://twitter.com/FundacionEfrain/status/887687411580502016
ForceMajeure200;2017-07-19 08:22;0;0;"Democrats forced ACH/Obamacare upon Americans without a single Republican vote. Socialized healthcare/insurance is for serfs and slaves.";;;;"887648732547866626";https://twitter.com/ForceMajeure200/status/887648732547866626
ForceMajeure200;2017-07-19 08:20;0;1;"Bipartisan solution? Democrats forced ACH/Obamacare upon Americans without a single Republican vote. Socialized healthcare/insurance sucks";;;;"887648235761913859";https://twitter.com/ForceMajeure200/status/887648235761913859
FundacionEfrain;2017-07-19 08:01;0;0;"Takes GUTS # HealthcareBill @ stabenow @ SenStabenow @ SenGaryPeters @ SenSanders @ marcorubio @ tedcruz @ SenTedCruz @ MikePenceVP @ SenJohnMcCain";;@ @ @ @ @ @ @ @ @;#;"887643480054484993";https://twitter.com/FundacionEfrain/status/887643480054484993
IndivisibleMich;2017-07-19 07:33;5;19;"So proud of # Mi11's @SmthgsAfootMI11. She raised enough in a few hours 2 make the trip to DC 2 # represent. @ SenGaryPeters - a guy who cares! pic.twitter.com/Izv6qhXhQz";;@SmthgsAfootMI11 @;# #;"887636627836809221";https://twitter.com/IndivisibleMich/status/887636627836809221
mrp1957;2017-07-18 21:04;0;0;"we are already risking coverage; we already have skyrocketing premiums/deductibles; thanks to Obamacare.";;;;"887478202314227712";https://twitter.com/mrp1957/status/887478202314227712
Ottersweb;2017-07-18 19:39;0;1;"I mean really! Is it because a black man gave us the best and closest thing to universal healthcare he could get passed??";;;;"887456873368223744";https://twitter.com/Ottersweb/status/887456873368223744
creinis;2017-07-18 18:33;0;0;"I am embarrassed and ashamed of you @ SenStabenow @ SenGaryPeters fix this healthcare mess now!!";;@ @;;"887440212036661249";https://twitter.com/creinis/status/887440212036661249
CStarkRaving;2017-07-18 18:28;1;3;"Medicare for all, please.";;;;"887439016186007552";https://twitter.com/CStarkRaving/status/887439016186007552
FundacionEfrain;2017-07-18 17:35;0;0;"Get it done, Congress # HealthcareBill @ stabenow @ SenStabenow @ SenGaryPeters @ SenSanders @ marcorubio @ tedcruz @ SenTedCruz @ MikePenceVP";;@ @ @ @ @ @ @ @;#;"887425744292524032";https://twitter.com/FundacionEfrain/status/887425744292524032
TahitiNut;2017-07-18 16:50;0;2;"It's time to include the "Public Option" which the GOPhers removed from O-care at the outset. It solves much of it.";;;;"887414311072694274";https://twitter.com/TahitiNut/status/887414311072694274
SenGaryPeters;2017-07-18 16:30;37;142;"We should focus on bipartisan solutions to stabilize market, lower costs & provide Americans w/ affordable care";;;;"887409307087761409";https://twitter.com/SenGaryPeters/status/887409307087761409
FundacionEfrain;2017-07-18 15:25;0;0;"A promise is a promise # HealthcareBill @ stabenow @ SenStabenow @ SenGaryPeters @ SenSanders @ marcorubio @ tedcruz @ SenTedCruz @ MikePenceVP";;@ @ @ @ @ @ @ @;#;"887392870071717888";https://twitter.com/FundacionEfrain/status/887392870071717888
sinmane;2017-07-18 14:51;0;0;"@ SenGaryPeters our employer based healthcare insurance company is cancelling ins due to uncertainties in the health care system (midland mi)";;@;;"887384355470966784";https://twitter.com/sinmane/status/887384355470966784
Ohoura;2017-07-18 13:35;0;0;"@ SenGaryPeters Thank you for all your efforts on behalf of working class...NO ACA repeal. NO wealthcare! Keep up the good fight. We've got u";;@;;"887365344351924224";https://twitter.com/Ohoura/status/887365344351924224
TahitiNut;2017-07-18 13:29;0;0;"@ SenStabenow @ SenGaryPeters FIX Obamacare by adding the "Public Option"! Let people BUY Medicare coverage at 4 x senior rate.";;@ @;;"887363638553706496";https://twitter.com/TahitiNut/status/887363638553706496
metooe;2017-07-18 13:09;0;0;"@ SenGaryPeters @ stabenow please repeal ACA! My premium $312 to $709. Make health care cost less!! Do your job!";;@ @;;"887358565782097920";https://twitter.com/metooe/status/887358565782097920
owennbw75;2017-07-18 12:54;0;0;"You are mistaking healthcare for the healthcare welfare you want. I totally agree that the HC welfare is destroying the healthcare industry.";;;;"887354808042127362";https://twitter.com/owennbw75/status/887354808042127362
DixiDoodle;2017-07-18 12:26;0;0;"bzzzt! Wrong. http://health.usnews.com/wellness/health-buzz/articles/2017-07-17/report-us-has-the-worst-health-care-system-compared-to-these-countries …";;;;"887347834277834752";https://twitter.com/DixiDoodle/status/887347834277834752
bgeorge_c;2017-07-18 12:20;0;0;"Stop saying "Ocare needs fix", start saying "it's working out the bugs and smoothing out" @ SenSchumer @ SenStabenow @ SenGaryPeters @ Lawrence";;@ @ @ @;;"887346389784678400";https://twitter.com/bgeorge_c/status/887346389784678400
FundacionEfrain;2017-07-18 09:03;0;0;"Repeal n Replace # HealthcareBill @ stabenow @ SenStabenow @ SenGaryPeters @ SenSanders @ tedcruz @ SenTedCruz @ MikePenceVP @ SenJohnMcCainhttps://twitter.com/guypbenson/status/886977976453054464 …";;@ @ @ @ @ @ @ @;#;"887296789082238976";https://twitter.com/FundacionEfrain/status/887296789082238976
mrshhjones;2017-07-18 08:56;0;0;"The democrats solely responsible for writing/passing legislation that passed.http://www.heritage.org/health-care-reform/report/year-six-the-affordable-care-act-obamacares-mounting-problems …";;;;"887294945413017600";https://twitter.com/mrshhjones/status/887294945413017600
owennbw75;2017-07-18 08:44;0;0;"Have you ever been outside the USA? The US leads the world in healthcare by far. I agree it's too costly, but Uncle Sam's involved.";;;;"887291908271341569";https://twitter.com/owennbw75/status/887291908271341569
mrshhjones;2017-07-18 08:08;0;0;"Stop watching # fakenews... there was ABSOLUTELY no GOP input allowed when the Democrats only passed this failed healthcare plan.1/2";;;#;"887282853045841920";https://twitter.com/mrshhjones/status/887282853045841920
VikingInFL;2017-07-18 07:09;0;1;"We want Single Payer # MedicareForAll";;;#;"887268175653613569";https://twitter.com/VikingInFL/status/887268175653613569
mrshhjones;2017-07-17 22:58;0;0;"I remember how Democrats worked with the Republicans when crafting Obamacare... NOT! MI majority voted REPEAL/REPLACE FAILING Obamacare!!!";;;;"887144608404320256";https://twitter.com/mrshhjones/status/887144608404320256
DixiDoodle;2017-07-17 22:46;0;1;"Actually, time 4 Dems 2 say, "Time 4 single payer like the grown-up countries." Otherwise, our health care will always be up 4 grabs.";;;;"887141511141494785";https://twitter.com/DixiDoodle/status/887141511141494785
BrandonDillon75;2017-07-17 22:35;11;48;"I'm glad @ SenStabenow and @ SenGaryPeters are my Michigan Senators. Never had to wonder where they stood on a sick bill like # Trumpcarehttps://twitter.com/michpoligal/status/887132499578695683 …";;@ @;#;"887138756016340993";https://twitter.com/BrandonDillon75/status/887138756016340993
WolffieWolf;2017-07-17 22:25;0;1;"Medicare for all Senator. That's what we need.";;;;"887136093811994625";https://twitter.com/WolffieWolf/status/887136093811994625
SenGaryPeters;2017-07-17 22:15;45;206;"Time for GOP to work w/ Democrats to find substantive policies that improve health care & reduce costs for all Americanshttps://twitter.com/nytimes/status/887116924114677761 …";;;;"887133776677146624";https://twitter.com/SenGaryPeters/status/887133776677146624
martysix250;2017-07-17 21:07;0;0;"Yeah, the rational "crusty voice" of reason we ALL need. @ SenStabenow @ SenGaryPeters @ RepJackBergmanhttp://www.cnn.com/videos/politics/2017/07/17/mobile-trump-mccain-crusty-voice-in-washington-obamacare-sot.cnn …";;@ @ @;;"887116553157836800";https://twitter.com/martysix250/status/887116553157836800
owennbw75;2017-07-17 20:02;0;1;"Get the government out of the healthcare welfare business senator. It doesn't belong there.";;;;"887100232680517632";https://twitter.com/owennbw75/status/887100232680517632
FundacionEfrain;2017-07-17 19:43;0;0;"Overwhelming # Pro Senate # HealthcareBill @ stabenow @ SenStabenow @ SenGaryPeters @ SenSanders @ marcorubio @ tedcruz @ SenTedCruz @ MikePenceVP";;@ @ @ @ @ @ @ @;# #;"887095494975119361";https://twitter.com/FundacionEfrain/status/887095494975119361
jauntingbuffalo;2017-07-17 19:23;0;1;"Medicare for All. How is this hard. Show them what a real plan is.";;;;"887090295325806592";https://twitter.com/jauntingbuffalo/status/887090295325806592
blueoval99;2017-07-17 19:21;0;0;"Maybe they should do nothing and let it collapse under its own weight! Since when is health care governments job?";;;;"887089893557641221";https://twitter.com/blueoval99/status/887089893557641221
SenGaryPeters;2017-07-17 18:45;15;31;"Looser insurance requirements & less financial assistance for patients in # Trumpcare will put health plans out of reach for manyhttps://twitter.com/latimes/status/886908388067741697 …";;;#;"887080769943986176";https://twitter.com/SenGaryPeters/status/887080769943986176
SolomonEnid;2017-07-17 18:18;0;0;"@ SenGaryPeters Say YES to universal healthcare. if other countries can provide / protect all of their people so can we # raiseyourvoice";;@;#;"887074113033875456";https://twitter.com/SolomonEnid/status/887074113033875456
DebraResists;2017-07-17 17:16;0;0;"yeahbut they won't cuz they don't REALLY care how the plp feel They just want to get out in 2018 cuz they can't take anymore";;;;"887058339523375105";https://twitter.com/DebraResists/status/887058339523375105
SenGaryPeters;2017-07-17 16:19;39;130;"W/ # Trumpcare vote delayed, GOP should take this time to hold public hearings and get real input from experts & Americanspic.twitter.com/9gQKZx9VZu";;;#;"887044106849005568";https://twitter.com/SenGaryPeters/status/887044106849005568
Ohoura;2017-07-17 16:15;0;0;"@ SenGaryPeters Thank you for continuing to fight against a wealthcare plan that hurts millions. Please continue to push back against it.";;@;;"887043186140606464";https://twitter.com/Ohoura/status/887043186140606464
FundacionEfrain;2017-07-17 12:10;0;0;"# HealthcareBill about US not UR career @ stabenow @ SenStabenow @ SenGaryPeters @ SenSanders @ marcorubio @ tedcruz @ SenTedCruz @ MikePenceVP";;@ @ @ @ @ @ @ @;#;"886981540579770368";https://twitter.com/FundacionEfrain/status/886981540579770368
FundacionEfrain;2017-07-17 10:58;0;0;"@ stabenow @ SenStabenow @ SenGaryPeters @ SenSanders @ tedcruz @ SenTedCruz @ BillCassidy <3 # HealthcareBill STOP telling US what we want";;@ @ @ @ @ @ @;#;"886963430414012420";https://twitter.com/FundacionEfrain/status/886963430414012420
davidorlo;2017-07-17 00:07;0;1;"I want my Mich. senators @ SenStabenow & @ SenGaryPeters to see this & be reminded to keep standing against the cruelty & lies of # Trumpcare.https://twitter.com/DennisG_Shea/status/886297278666952704 …";;@ @;#;"886799391440478209";https://twitter.com/davidorlo/status/886799391440478209
JacksApolBuddi;2017-07-16 21:05;0;0;"@ SenGaryPeters thanks for staying strong on health care. Hopefully we all can be universally covered";;@;;"886753729642455040";https://twitter.com/JacksApolBuddi/status/886753729642455040
k_dub68;2017-07-15 22:10;0;0;"Keep fighting Trumpcare!!!";;;;"886407673658433540";https://twitter.com/k_dub68/status/886407673658433540
ForceMajeure200;2017-07-15 10:42;0;0;"Michigan voted Trump. REPEAL Obamacare. Let free market capitalism work. Government should be Laissez Faire with health care/insurance.";;;;"886234553270116353";https://twitter.com/ForceMajeure200/status/886234553270116353
ForceMajeure200;2017-07-15 10:42;0;0;"Michigan voted Trump. REPEAL Obamacare. Let free market capitalism work. Government should be Laissez Faire with health care/insurance.";;;;"886234465026101248";https://twitter.com/ForceMajeure200/status/886234465026101248
ForceMajeure200;2017-07-15 10:41;0;0;"Michigan voted Trump. REPEAL Obamacare. Let free market capitalism work. Government should be Laissez Faire with health care/insurance.";;;;"886234394767364096";https://twitter.com/ForceMajeure200/status/886234394767364096
MartiBombyk;2017-07-15 10:23;0;2;"We need Medicare for all.";;;;"886229636249784320";https://twitter.com/MartiBombyk/status/886229636249784320
FundacionEfrain;2017-07-15 09:13;0;0;"Valiant David vs Goliath @ HealthcareBill @ stabenow @ SenStabenow @ SenGaryPeters @ SenSanders @ marcorubio @ tedcruz @ SenTedCruz @ MikePenceVP";;@ @ @ @ @ @ @ @ @;;"886212145381343233";https://twitter.com/FundacionEfrain/status/886212145381343233
twinsterII;2017-07-15 06:10;0;0;"Thank you, Senator, for standing firm against tax cuts for the rich, and working to improve the healthcare and lives of Michiganders.";;;;"886166122948702209";https://twitter.com/twinsterII/status/886166122948702209
a2jean;2017-07-14 20:06;0;2;"With Trumpcare polling at 12% you are on the right side of the issue, Senator! Obamacare has its faults, but for many folks it's a lifeline.pic.twitter.com/9YpWASMXyv";;;;"886014017902452737";https://twitter.com/a2jean/status/886014017902452737
FundacionEfrain;2017-07-14 19:09;0;0;"Gr8er Choice Lower Premiums # HealthcareBill @ stabenow @ SenStabenow @ SenGaryPeters @ SenSanders @ marcorubio @ tedcruz @ SenTedCruz @ MikePenceVP";;@ @ @ @ @ @ @ @;#;"885999603593740290";https://twitter.com/FundacionEfrain/status/885999603593740290
BonHagar;2017-07-14 18:53;0;0;"Power-mad like Peters pass laws punishing law-abiding. Druggies don't care what the law is. Ppl w/legit pain issues will get screwed.";;;;"885995595793666050";https://twitter.com/BonHagar/status/885995595793666050
BonHagar;2017-07-14 18:46;0;2;"More proof that Obamacare, a failure you voted for continues to wreck American lives.";;;;"885993883276103680";https://twitter.com/BonHagar/status/885993883276103680
sadforjournos;2017-07-14 18:44;1;0;"A cap isn't a cut. I don't qualify for Medicaid & Obamacare has left me without the resources to go to a dr because of deductible & premiums";;;;"885993544732770308";https://twitter.com/sadforjournos/status/885993544732770308
Wayne6052;2017-07-14 18:44;1;2;"How is addiction treatment going under Obamacare, Gary? If deaths are up 18% in Michigan, it must not be working very well, no? It's all BS!";;;;"885993339270692865";https://twitter.com/Wayne6052/status/885993339270692865
SenGaryPeters;2017-07-14 18:30;20;42;"# Trumpcare cuts to Medicaid will limit access to affordable addiction treatment & set back efforts to fight the opioid epidemichttps://twitter.com/sengarypeters/status/885989702985273345 …";;;#;"885989822044803072";https://twitter.com/SenGaryPeters/status/885989822044803072
highrise6;2017-07-14 17:22;0;0;"@ SenGaryPeters Dear Sir, I would like to ask you to please vote against the healthcare bill. Thank you from a MI resident.";;@;;"885972710689570816";https://twitter.com/highrise6/status/885972710689570816
mrshhjones;2017-07-14 13:26;0;0;"We should listen to someone who is responsible for/promoted the train wreck Obsmacare???? U have no credibility!!!! Repeal/replace!!!!!!!";;;;"885913470155321344";https://twitter.com/mrshhjones/status/885913470155321344
DrJoeBentivegna;2017-07-14 13:04;0;0;"@ SenatorCardin @ BenCardinforMD @ senmarkey @ EdMarkey @ SenWarren @ SenGaryPeters # HealthcareBillhttps://www.youtube.com/watch?v=QQTX0DWonbE&t=16s …";;@ @ @ @ @ @;#;"885907888623038465";https://twitter.com/DrJoeBentivegna/status/885907888623038465
irish15202;2017-07-14 12:57;0;0;"Gov. should stay out of healthcare, I noticed you have written yourselves out. Not good enough for you? Just the peasants.";;;;"885906134812512256";https://twitter.com/irish15202/status/885906134812512256
FundacionEfrain;2017-07-14 11:27;0;0;"Can’t AFFORD legislators # ACA agenda # HealthcareBill @ SenStabenow @ SenGaryPeters @ SenSanders @ marcorubio @ tedcruz @ SenTedCruz @ MikePenceVP";;@ @ @ @ @ @ @;# #;"885883538465337345";https://twitter.com/FundacionEfrain/status/885883538465337345
ForceMajeure200;2017-07-14 09:47;0;0;"It's called free market capitalism. Repeal the Affordable Healthcare Act AKA Obamacare. Federal Government health care/insurance sucks!";;;;"885858231175847936";https://twitter.com/ForceMajeure200/status/885858231175847936
FundacionEfrain;2017-07-14 08:09;0;0;"Work together on # HealthcareBill 4 US @ stabenow @ SenStabenow @ SenGaryPeters @ SenSanders @ marcorubio @ tedcruz @ SenTedCruz @ MikePenceVP";;@ @ @ @ @ @ @ @;#;"885833624175751169";https://twitter.com/FundacionEfrain/status/885833624175751169
Ohoura;2017-07-14 07:11;0;0;"@ SenGaryPeters Keep the pressure up - NO trumpcare plan! Enough shenanigans by the GOP.";;@;;"885819135942434816";https://twitter.com/Ohoura/status/885819135942434816
Mittineague;2017-07-14 01:04;0;0;". @ SenAngusKing @ SenGaryPeters Examine your conscience Serve constituents and Americans Fix # ACA or pass # SinglePayer # MedicareForAll";;@ @;# # #;"885726800046772228";https://twitter.com/Mittineague/status/885726800046772228
jojosasshole;2017-07-14 00:16;0;0;"It's called universal heathcare.";;;;"885714701379813376";https://twitter.com/jojosasshole/status/885714701379813376
stev24680;2017-07-13 20:32;0;0;"Stabenow is done next year, get used to saying senator Kid Rock, we get a chance to elect someone who cares about Michigan. Stabenow sucks";;;;"885658207208841217";https://twitter.com/stev24680/status/885658207208841217
owennbw75;2017-07-13 19:52;0;0;"Taxes are higher for all individuals so that everyone has paid healthcare, with higher earners subsidizing lower income.";;;;"885648185817018368";https://twitter.com/owennbw75/status/885648185817018368
owennbw75;2017-07-13 19:44;0;1;"The health care costs are not less. Canada has taxes pay for it, biased against higher income earners. Plus HC "charities" to supplement";;;;"885646232215007233";https://twitter.com/owennbw75/status/885646232215007233
FundacionEfrain;2017-07-13 19:17;0;0;"# ACA created insurance # monopoly # HealthcareBill @ stabenow @ SenStabenow @ SenGaryPeters @ SenSanders @ tedcruz @ SenTedCruz @ MikePenceVP";;@ @ @ @ @ @ @;# # #;"885639356077289477";https://twitter.com/FundacionEfrain/status/885639356077289477
BarbaraGalecki;2017-07-13 18:39;0;0;"How do you explain lower costs for health care in countries that now have single payer? Serious question. It should be explored.";;;;"885629855110397954";https://twitter.com/BarbaraGalecki/status/885629855110397954
owennbw75;2017-07-13 18:11;0;0;"Medical costs started rising disproportionately to inflation when Medicare became law. Similar to higher education costs and govt grants";;;;"885622831710687233";https://twitter.com/owennbw75/status/885622831710687233
AlisonWolfMason;2017-07-13 17:44;0;1;"Medicaid is not Obamacare. Its Welfare. Stop telling these lies. Medicaid will still be there. Its the unaffordable plans that are Obamacare";;;;"885616063152398336";https://twitter.com/AlisonWolfMason/status/885616063152398336
a2jean;2017-07-13 16:02;0;0;"This Michigander is grateful for our senators, who stand up for those who need good health care most! THANK YOU!!!";;;;"885590357995663360";https://twitter.com/a2jean/status/885590357995663360
MIShouldTalk;2017-07-13 15:54;0;2;"I'm healthcare rally ready!pic.twitter.com/6ZUvjITfqI";;;;"885588203712983041";https://twitter.com/MIShouldTalk/status/885588203712983041
jauntingbuffalo;2017-07-13 15:50;0;0;"I'm sure you're aware of how to best lower costs, Medicare for All!";;;;"885587166251945984";https://twitter.com/jauntingbuffalo/status/885587166251945984
BobStillwell3;2017-07-13 15:45;0;1;"Until you get the self interest lobbies out of the equation, health care cost will never go down. Step 2 get government out of health care.";;;;"885585941724901376";https://twitter.com/BobStillwell3/status/885585941724901376
Tracy143DC;2017-07-13 15:44;0;2;"You don't want to help you want to prop up Obamacare is legacy is more important then Michiganders";;;;"885585682416193536";https://twitter.com/Tracy143DC/status/885585682416193536
MRCCUnion;2017-07-13 15:32;0;2;"Thank you @ SenGaryPeters for promoting career training for good jobs like we do in the unionized skilled trades! https://goo.gl/EGZBn7";;@;;"885582770768150529";https://twitter.com/MRCCUnion/status/885582770768150529
psychwriter1515;2017-07-13 15:21;0;0;"@ SenGaryPeters TY for fighting # Trumpcare but "insurance coverage" is problem. Please support # Medicareforall to improve health for less $$https://twitter.com/SenGaryPeters/status/885576435032838144 …";;@;# #;"885579875511185409";https://twitter.com/psychwriter1515/status/885579875511185409
SenGaryPeters;2017-07-13 15:07;50;165;"We should be working on legislation that will truly improve our health care system by increasing insurance coverage and bringing down costspic.twitter.com/UeYBYT5OGj";;;;"885576435032838144";https://twitter.com/SenGaryPeters/status/885576435032838144
FundacionEfrain;2017-07-13 14:55;0;0;"I got # SKIMPY 2015 # ACA scam # HealthcareBill @ stabenow @ SenStabenow @ SenGaryPeters @ SenSanders @ marcorubio @ tedcruz @ SenTedCruz";;@ @ @ @ @ @ @;# # #;"885573295894081537";https://twitter.com/FundacionEfrain/status/885573295894081537
FundacionEfrain;2017-07-13 12:03;0;0;"# ACA sold US bill of goods # NEW # HealthcareBill @ stabenow @ SenStabenow @ SenGaryPeters @ SenSanders @ marcorubio @ MikePenceVP @ SenJohnMcCain";;@ @ @ @ @ @ @;# # #;"885530145095811072";https://twitter.com/FundacionEfrain/status/885530145095811072
FundacionEfrain;2017-07-13 10:39;0;0;"# ACA affordable 4 WHO? # Bipartisan # HealthcareBill @ stabenow @ SenStabenow @ SenGaryPeters @ SenSanders @ MikePenceVP @ SenJohnMcCain";;@ @ @ @ @ @;# # #;"885509078860136448";https://twitter.com/FundacionEfrain/status/885509078860136448
RevSinister769;2017-07-12 23:39;0;0;"Require surgery to fix & a paraesophageal hernia. I only have Medicare & $750 PER MONTH Medicaid spend down. A vote for # BCRA will be fatal";;;#;"885342788056907777";https://twitter.com/RevSinister769/status/885342788056907777
Joekingisbetter;2017-07-12 22:59;0;0;"Democrats don't want anyone taking care of themselves. They want to BUY your vote on OUR pork";;;;"885332826769563649";https://twitter.com/Joekingisbetter/status/885332826769563649
Joekingisbetter;2017-07-12 22:56;0;0;"Democrats that lied to get it are lying to keep it. When will you get it THEY'RE LYING & don't care. They have their gold healthcare plans";;;;"885332123611262976";https://twitter.com/Joekingisbetter/status/885332123611262976
Joekingisbetter;2017-07-12 22:54;0;0;"Obama care has failed & democrats did nothing to fix it, lied to America about it & still are crying to keep it. Ridiculous";;;;"885331635645935617";https://twitter.com/Joekingisbetter/status/885331635645935617
raerikson;2017-07-12 22:39;0;0;"It is the ins. Co and govt Regs that drive up the cost of healthcare in US. Costs that do nothing to improve healthcare for our patients.";;;;"885327919651934209";https://twitter.com/raerikson/status/885327919651934209
GonnaGingersnap;2017-07-12 19:29;0;0;"Glad to find that both senators in MI oppose # Trumpcare @ SenStabenow @ SenGaryPeters thankyou for standing up for your constituents!";;@ @;#;"885279938210910208";https://twitter.com/GonnaGingersnap/status/885279938210910208
owennbw75;2017-07-12 18:57;0;0;"What does a police chief know about the healthcare mess? Shouldn't someone of some expertise explain this instead?";;;;"885271947906613250";https://twitter.com/owennbw75/status/885271947906613250
Loisdutch1;2017-07-12 18:24;1;2;"Simple...repeal ACA, allow insurance to sell across state lines and forever keep the UNQUALIFIED corrupt government out of our healthcare!";;;;"885263544228433920";https://twitter.com/Loisdutch1/status/885263544228433920
passivprogresiv;2017-07-12 17:53;0;0;"@ SenGaryPeters @ SenStabenow @ SenSanders How about some support? # MarchForHealthcarehttps://twitter.com/passivprogresiv/status/885178675074932736 …";;@ @ @;#;"885255899484479490";https://twitter.com/passivprogresiv/status/885255899484479490
JayBirdOne;2017-07-12 17:48;0;2;"About politics, not healthcare.";;;;"885254507042439168";https://twitter.com/JayBirdOne/status/885254507042439168
theMenchievich;2017-07-12 17:14;0;0;"Not only is that expensive, some people will have to quit work to take care of parents.";;;;"885246014105505792";https://twitter.com/theMenchievich/status/885246014105505792
teeone34;2017-07-12 16:37;0;0;"@ SenStabenow & @ SenGaryPeters I agree, messaging on fall marketplace increases should be considered, described here: https://egbertowillies.com/2017/06/27/trumpcare-democrats-blowing-senate/ …";;@ @;;"885236672211845120";https://twitter.com/teeone34/status/885236672211845120
SenGaryPeters;2017-07-12 16:18;88;98;"Police Chief Synan warns me # Trumpcare Medicaid cuts will limit tools to fight opioid addiction. Watch more: http://bit.ly/2tO7vOU pic.twitter.com/ntYmV660zo";;;#;"885231906928939008";https://twitter.com/SenGaryPeters/status/885231906928939008
FundacionEfrain;2017-07-12 15:05;0;0;"# Bipartisan # HealthcareBill @ stabenow @ SenStabenow @ PattyMurray @ SenGaryPeters @ SenSanders @ marcorubio @ tedcruz @ SenTedCruz @ SenatorEnzihttps://twitter.com/vickievignon/status/879470746577362944 …";;@ @ @ @ @ @ @ @ @;# #;"885213448426180608";https://twitter.com/FundacionEfrain/status/885213448426180608
FundacionEfrain;2017-07-12 09:49;0;0;"Want # HealthcareBill not chess match nor politics as usual @ stabenow @ SenStabenow @ SenGaryPeters @ SenSanders @ MikePenceVP @ SenJohnMcCain";;@ @ @ @ @ @;#;"885133977597747200";https://twitter.com/FundacionEfrain/status/885133977597747200
ejfarmsmi;2017-07-12 06:25;0;0;"We need to rename it to "Treasoncare" until the Republicans move to just improve ACA with the entire Senate and House including all parties.";;;;"885082583482159106";https://twitter.com/ejfarmsmi/status/885082583482159106
Bern_Wallstreet;2017-07-12 03:17;0;0;"@ SenStabenow @ SenGaryPeters Time to start pointing these out to collegues ahead of health care votes @ RepDanKildeehttps://twitter.com/TheDLCC/status/884948833989480448 …";;@ @ @;;"885035345347325954";https://twitter.com/Bern_Wallstreet/status/885035345347325954
gjvanman;2017-07-11 20:26;0;0;"Can't be any worse than what your cohort Stabenaw let go with Obamacare.";;;;"884931998485291008";https://twitter.com/gjvanman/status/884931998485291008
Katephipps5;2017-07-11 18:44;0;0;"@ SenStabenow @ SenGaryPeters @ SenateDems Keep fighting for us! # HealthCare is not # WealthCare Health care is a human right.https://twitter.com/SenStabenow/status/884857560330903552 …";;@ @ @;# #;"884906190932766721";https://twitter.com/Katephipps5/status/884906190932766721
Lauriemac916;2017-07-11 15:49;0;1;"@ SenStabenow @ SenGaryPeters continue to fight with passion. People see, people care, people remember. Warriors 4 Healthcare & Great Lakes!";;@ @;;"884862170852360192";https://twitter.com/Lauriemac916/status/884862170852360192
tyschalter;2017-07-11 15:43;0;6;"Just called @RepMikeBishop on Russia, @ SenStabenow & @ SenGaryPeters on health care. Takes less time than arguing # onhere and actually helps!";;@RepMikeBishop @ @;#;"884860764326170625";https://twitter.com/tyschalter/status/884860764326170625
PAIDtriot;2017-07-11 15:42;0;0;"@ SenStabenow @ SenGaryPeters It is a national imperative that we save the ACA, improve it, and defeat Trumpcare.";;@ @;;"884860362394411008";https://twitter.com/PAIDtriot/status/884860362394411008
roberts03040593;2017-07-11 15:37;0;0;"@ SenGaryPeters do your job and get it right and not obozo care";;@;;"884859168628330498";https://twitter.com/roberts03040593/status/884859168628330498
mrp1957;2017-07-11 15:33;0;0;"As long as government controls healthcare; whatever decision is made there are people who will not be able to afford it and will be left out";;;;"884858291611893760";https://twitter.com/mrp1957/status/884858291611893760
SenGaryPeters;2017-07-11 15:21;25;36;"Hospital & Health Provider CEOs: # Trumpcare will cause premiums to "increase for those that need coverage the most”http://bit.ly/2tKnxtm";;;#;"884855206462144512";https://twitter.com/SenGaryPeters/status/884855206462144512
FundacionEfrain;2017-07-11 13:34;0;0;"# HealthcareBill # CBO projection misquote_forget 2 mention largely due to Choice NOT 2 buy @ stabenow @ SenStabenow @ SenGaryPeters @ SenSanders";;@ @ @ @;# #;"884828156418510848";https://twitter.com/FundacionEfrain/status/884828156418510848
FundacionEfrain;2017-07-11 12:27;0;0;"!!?? # HealthcareBill gives Choice NOT 2 buy @ stabenow @ SenStabenow @ SenGaryPeters @ SenSanders @ marcorubio @ tedcruz @ SenTedCruz @ PattyMurrayhttps://twitter.com/SenatorCollins/status/879472221202391040 …";;@ @ @ @ @ @ @ @;#;"884811473444384769";https://twitter.com/FundacionEfrain/status/884811473444384769
FundacionEfrain;2017-07-11 11:26;0;0;"Listen 2 US! AYE # HealthcareBill @ stabenow @ SenStabenow @ SenGaryPeters @ SenSanders @ PattyMurray @ SenatorEnzi @ SenFrankenhttps://twitter.com/kmegargle/status/882750318961860608 …";;@ @ @ @ @ @ @;#;"884796043023482881";https://twitter.com/FundacionEfrain/status/884796043023482881
owennbw75;2017-07-11 10:56;0;0;"Because we don't want government choosing who will and won't be given healthcare. USA is the greatest country in the history of the world!!!";;;;"884788538948059136";https://twitter.com/owennbw75/status/884788538948059136
theMenchievich;2017-07-11 10:02;0;0;"I guess all other industrialized countries are better than American. Why can they have universal healthcare but we can't?";;;;"884774972681572352";https://twitter.com/theMenchievich/status/884774972681572352
BudFam;2017-07-11 09:25;0;0;"Solution? Universal healthcare. Our family switched to bronze plan with new carrier for 2017. Underlying issue skyrocketng healthcare cost.";;;;"884765530846003200";https://twitter.com/BudFam/status/884765530846003200
FundacionEfrain;2017-07-11 08:39;0;0;"Lower # deficit 4 R kids w/ # HealthcareBill @ stabenow @ SenStabenow @ SenGaryPeters @ SenSanders @ marcorubio @ tedcruz @ SenTedCruz @ MikePenceVP";;@ @ @ @ @ @ @ @;# #;"884753942546087936";https://twitter.com/FundacionEfrain/status/884753942546087936
gjvanman;2017-07-11 08:31;0;0;"Under Obamacare 49 counties have no options. Replace immediately so these people have health options!!";;;;"884751888738123778";https://twitter.com/gjvanman/status/884751888738123778
owennbw75;2017-07-11 04:21;0;1;"The same excuse for ACA failures and total bologna. Medicare is spread way out and is price fixing, creating false pricing for services.";;;;"884688989881610244";https://twitter.com/owennbw75/status/884688989881610244
DolinskiCarol;2017-07-10 21:29;0;0;"@ SenGaryPeters we need to have the ACA # Obamacare repealed and replaced ASAP. It's hurting business and citizens.";;@;#;"884585329579130881";https://twitter.com/DolinskiCarol/status/884585329579130881
owennbw75;2017-07-10 20:31;0;0;"Medicare is what started medical costs rising disproportionately to inflation. There is now no need for pricing competitiveness.";;;;"884570872694153216";https://twitter.com/owennbw75/status/884570872694153216
theMenchievich;2017-07-10 19:48;0;1;"Premiums will continue to rise under any system that has a profit motive. Medicare for all will help stem the cost.";;;;"884560109736787972";https://twitter.com/theMenchievich/status/884560109736787972
Brandenbee;2017-07-10 18:20;0;0;"# HealthcareForAll # SinglePayer";;;# #;"884537847180558337";https://twitter.com/Brandenbee/status/884537847180558337
AlisonWolfMason;2017-07-10 18:13;0;2;"Why dont you people do something. Obamacare is horrible, come up with something better. WORK TOGETHER or get voted out";;;;"884535976634314752";https://twitter.com/AlisonWolfMason/status/884535976634314752
AlisonWolfMason;2017-07-10 18:12;0;2;"Where are you getting this? There isnt even a Trumpcare. Obama care has done nothing but increase deductibles. We pay for nothing.";;;;"884535706508513285";https://twitter.com/AlisonWolfMason/status/884535706508513285
SenGaryPeters;2017-07-10 18:09;30;40;"Under # Trumpcare health care premiums will rise for most families & some older Americans could see their costs rise by more than $13,000pic.twitter.com/qMKNZCZPIQ";;;#;"884535050611679237";https://twitter.com/SenGaryPeters/status/884535050611679237
Brandenbee;2017-07-10 17:49;0;0;"Do you support # SinglePayer # MedicareForAll or are you on the take like the rest of @ TheDemocrats as well? If not get it right or step aside";;@;# #;"884530006168305664";https://twitter.com/Brandenbee/status/884530006168305664
SenGaryPeters;2017-07-10 16:34;39;50;"This story is a chilling reminder of how # Trumpcare Medicaid cuts will have a major impact on seniors & their familieshttps://twitter.com/sangerkatz/status/883329724327579649 …";;;#;"884511281553846273";https://twitter.com/SenGaryPeters/status/884511281553846273
Katephipps5;2017-07-10 14:38;0;0;"@ SenateDems Keep working to keep our # Healthcare @ SenStabenow @ SenGaryPeters Health care is a human right!";;@ @ @;#;"884482040640524288";https://twitter.com/Katephipps5/status/884482040640524288
Matt_Schwartz1;2017-07-10 10:33;0;0;"Great meeting today with the office of @ SenGaryPeters lobbied issues we cared about # StopBCRA # HealAct # EndRacialProfilingpic.twitter.com/Zsbs7QjOUh";;@;# # #;"884420272157335556";https://twitter.com/Matt_Schwartz1/status/884420272157335556
enelrayak;2017-07-10 10:16;0;0;"@ SenGaryPeters @ TeamCavuto:To no one's surprise, Dems calling the GOP healthcare bill "mean & heartless" -hypocrisy:pic.twitter.com/sbOhdTqUIK";;@ @;;"884415943438475264";https://twitter.com/enelrayak/status/884415943438475264
enelrayak;2017-07-10 10:06;0;0;"We need to add some facts, Senator, of the costs of Obamacare now: https://t.co/7yOTXcNi7y";;;;"884413580321411073";https://twitter.com/enelrayak/status/884413580321411073
FundacionEfrain;2017-07-10 08:02;0;0;"U R not listening_we want # HealthcareBill @ stabenow @ SenStabenow @ SenGaryPeters @ SenSanders @ SenJohnMcCain @ BillCassidy @ SenAlexander";;@ @ @ @ @ @ @;#;"884382397134974976";https://twitter.com/FundacionEfrain/status/884382397134974976
FundacionEfrain;2017-07-09 21:03;0;0;"BURY # Obamacare not # HealthcareBill @ stabenow @ SenStabenow @ SenGaryPeters @ SenSanders @ PattyMurray @ SenatorEnzi @ SenFranken @ SenatorBurr";;@ @ @ @ @ @ @ @;# #;"884216432279552000";https://twitter.com/FundacionEfrain/status/884216432279552000
pwhateverett;2017-07-09 20:00;0;0;"Help the whole senate with doing the math ..as in finite resources..fairness..health care..agrrrr.";;;;"884200726070734849";https://twitter.com/pwhateverett/status/884200726070734849
FundacionEfrain;2017-07-09 14:01;0;0;"@ stabenow @ SenStabenow @ SenGaryPeters @ SenSanders @ marcorubio @ tedcruz @ SenTedCruz @ MikePenceVP What’s good 4 USA? # HealthcareBill";;@ @ @ @ @ @ @ @;#;"884110158900731904";https://twitter.com/FundacionEfrain/status/884110158900731904
JeffSchreiber52;2017-07-09 08:22;0;1;"@ SenateMajLdr - SHAME ON YOU for the way you're ramming this "mean" new health care law through the Senate. @ SenStabenow @ SenGaryPeters";;@ @ @;;"884025016463097856";https://twitter.com/JeffSchreiber52/status/884025016463097856
flyingfannie;2017-07-09 00:15;4;6;"than @repdavetrott has in his entire body. We can do this! We will protect our country's healthcare!";;@repdavetrott;;"883902293845966849";https://twitter.com/flyingfannie/status/883902293845966849
mark_law;2017-07-08 16:55;0;1;"@ RepWalberg This is important Tim - don't take away healthcare for your constituents. @ SenGaryPeters @ SenStabenow - Please educate Tim.";;@ @ @;;"883791754553700352";https://twitter.com/mark_law/status/883791754553700352
msunielsen;2017-07-08 16:07;1;1;"Thanks to @ SenGaryPeters, sharing constituent healthcare stories https://twitter.com/IndivisibleMI8/status/880404319195066371 …";;@;;"883779470116761600";https://twitter.com/msunielsen/status/883779470116761600
SFGiantsMissy;2017-07-08 12:35;0;0;". @ SenGaryPeters @ SenStabenow # Trumpcare is disastrous & cruel. Vote No! pic.twitter.com/9vzUMQl4pA # IStandWithPP";;@ @;# #;"883726175192973312";https://twitter.com/SFGiantsMissy/status/883726175192973312
MotorCityLib;2017-07-08 11:34;0;1;"They're getting scared about Trumpcare as for MI I still believe his victory was a fluke.";;;;"883710823486640128";https://twitter.com/MotorCityLib/status/883710823486640128
FundacionEfrain;2017-07-08 08:29;0;0;"@ stabenow @ SenStabenow @ SenGaryPeters @ SenSanders @ marcorubio @ tedcruz @ SenTedCruz @ MikePenceVP It’s about USA not U & me # HealthcareBill";;@ @ @ @ @ @ @ @;#;"883664232700575745";https://twitter.com/FundacionEfrain/status/883664232700575745
FundacionEfrain;2017-07-07 17:23;0;0;"@ stabenow @ SenStabenow @ SenGaryPeters @ SenSanders @ marcorubio @ tedcruz @ SenTedCruz @ MikePenceVP Time for a NEW plan # HealthcareBill";;@ @ @ @ @ @ @ @;#;"883436258265112576";https://twitter.com/FundacionEfrain/status/883436258265112576
FundacionEfrain;2017-07-07 08:47;0;0;"@ stabenow @ SenStabenow @ SenGaryPeters @ SenSanders @ MikePenceVP @ SenAlexander Some broken things cannot b fixed Support # HealthcareBill";;@ @ @ @ @ @;#;"883306580887916544";https://twitter.com/FundacionEfrain/status/883306580887916544
MBaker911;2017-07-06 21:54;0;1;"Thank you for supporting the # ACA. I see hundreds of people in the ED who have benefited, but # BCRA favors insurance $$$ over patient care";;;# #;"883142241447006210";https://twitter.com/MBaker911/status/883142241447006210
LindaAchatz;2017-07-06 19:11;0;0;"While I get insurance through my employer I do have a pre-existing condition & # Trumpcare will have a major impact on me as well as others.";;;#;"883101105533669379";https://twitter.com/LindaAchatz/status/883101105533669379
Bern_Wallstreet;2017-07-06 17:58;0;0;"In case you missed it here's a pretty good plan https://www.hillaryclinton.com/issues/health-care/ …";;;;"883082698478243840";https://twitter.com/Bern_Wallstreet/status/883082698478243840
WeThePeopleDM;2017-07-06 17:03;0;2;"Just admit Senator that you fully support the current Dem authored Obamacare that will surely fail on it's own and you/Dems have no solution";;;;"883068933271670786";https://twitter.com/WeThePeopleDM/status/883068933271670786
SenGaryPeters;2017-07-06 16:57;20;44;"My office can work with federal agencies to help seniors receive Medicare benefits - call my office toll free at (844) 506-7420pic.twitter.com/jQ3hPucAhJ";;;;"883067352421732356";https://twitter.com/SenGaryPeters/status/883067352421732356
gjvanman;2017-07-06 15:43;0;0;"Why don't you quote people that got booted by their doctor or the ones that can't afford Obamacare.";;;;"883048754517069825";https://twitter.com/gjvanman/status/883048754517069825
tread08;2017-07-06 15:03;0;0;"We all have sob stories for all government involved healthcare. Reach across the aisle, reform relationships, work together. Be the first.";;;;"883038664191877120";https://twitter.com/tread08/status/883038664191877120
SenGaryPeters;2017-07-06 14:31;39;65;"# Trumpcare will have a major impact on Michiganders w/ pre-existing conditions like Amy. Read her storypic.twitter.com/VjTFBmsIjY";;;#;"883030743831719936";https://twitter.com/SenGaryPeters/status/883030743831719936
healthcareicare;2017-07-06 13:56;0;1;"@ SenStabenow @ SenGaryPeters MI? Sen. Bill Nelson Introduces Law to Reduce Student Loan Rates https://www.wmfe.org/?p=75265  via @ wmfeorlando";;@ @ @;;"883021790972432384";https://twitter.com/healthcareicare/status/883021790972432384
FundacionEfrain;2017-07-06 12:15;0;0;"@ stabenow @ SenStabenow @ SenGaryPeters @ SenSanders @ marcorubio @ tedcruz @ SenTedCruz Stop beating a dead horse # PassHealthcareBill";;@ @ @ @ @ @ @;#;"882996473721442305";https://twitter.com/FundacionEfrain/status/882996473721442305
FundacionEfrain;2017-07-06 10:28;0;0;"@ stabenow @ SenStabenow @ SenGaryPeters @ SenSanders @ marcorubio @ tedcruz @ SenTedCruz ENUFF gerryrigging # Obamacare #PASS#HealthcareBill";;@ @ @ @ @ @ @;# #PASS #HealthcareBill;"882969505747619840";https://twitter.com/FundacionEfrain/status/882969505747619840
WeThePeopleDM;2017-07-05 18:50;0;0;"Just admit that you support the current failing Dem owned Obamacare which will collapse on its own and you/Dems have no solution...RIGHT?";;;;"882733473659748352";https://twitter.com/WeThePeopleDM/status/882733473659748352
cmastrangelom;2017-07-05 17:57;0;0;"Michigan families: Need Obamacare http://on.freep.com/2uqFWet @ SenGaryPeters @ SenStabenow please help. The Mitten (USA) needs # ACA # GoBlue";;@ @;# #;"882720165640757248";https://twitter.com/cmastrangelom/status/882720165640757248
RevSinister769;2017-07-05 15:13;0;1;"Thank you Senator Peters for helping protect the most vulnerable of us: children, disabled, and elderly! Healthcare shouldn't be just 4 rich";;;;"882678947854639106";https://twitter.com/RevSinister769/status/882678947854639106
RevSinister769;2017-07-05 15:12;0;0;"Any cuts to medicaid can lead to losing coverage for our most vulnerable citizens: children, elderly, & disabled. But #45 only care 4 rich!";;;#45;"882678555297107968";https://twitter.com/RevSinister769/status/882678555297107968
beefsteakjanek;2017-07-05 14:33;0;0;"@ SenGaryPeters vote NO on Trump care!";;@;;"882668851657396224";https://twitter.com/beefsteakjanek/status/882668851657396224
jshallack;2017-07-05 14:16;0;0;"So spending on Medicare next year will be $772 billion less than this yr under the GOP plan?";;;;"882664383712817152";https://twitter.com/jshallack/status/882664383712817152
ecrtwright1;2017-07-05 13:57;0;1;"I'd like to see pictures of you approving the President's nominees and fixing health care rather than partying all over MI. SERIOUSLY!!";;;;"882659692538933254";https://twitter.com/ecrtwright1/status/882659692538933254
Lauriemac916;2017-07-05 13:49;0;0;"Thank you Sen Peters. Keep fighting for Healthcare for Michiganders & our beautiful Great Lakes.";;;;"882657758323060747";https://twitter.com/Lauriemac916/status/882657758323060747
SenGaryPeters;2017-07-05 13:41;30;53;"# Trumpcare cuts Medicaid by $772 billion, dismantling school telemedicine programs that kids in rural MI depend onhttp://politi.co/2tQsdAJ";;;#;"882655801462206465";https://twitter.com/SenGaryPeters/status/882655801462206465
FundacionEfrain;2017-07-05 12:33;0;0;"@ stabenow @ SenStabenow @ SenGaryPeters @ SenSanders @ marcorubio @ tedcruz @ SenTedCruz @ MikePenceVP End # 7yearsBadLuck # Repeal # Obamacare";;@ @ @ @ @ @ @ @;# # #;"882638486871953409";https://twitter.com/FundacionEfrain/status/882638486871953409
uncensoredmike;2017-07-05 10:13;0;0;"The animals will be fine. Millions of humans need Healthcare in this country or they won't survive to help their pets.";;;;"882603451762561024";https://twitter.com/uncensoredmike/status/882603451762561024
FundacionEfrain;2017-07-05 08:32;0;0;"@ stabenow @ SenStabenow @ SenGaryPeters @ SenSanders @ marcorubio @ tedcruz @ SenTedCruz # 7years # Tweaking # Obamacare didnt work! # HealthcareBill";;@ @ @ @ @ @ @;# # # #;"882577988180729856";https://twitter.com/FundacionEfrain/status/882577988180729856
msunielsen;2017-07-04 18:37;1;1;"On # July4th, thankful both MI Senator @ Stabenow & @ SenGaryPeters oppose # BCRA bill that would raise healthcare costs, cut coverage. # SaveACAhttps://twitter.com/FamiliesUSA/status/882033727441862657 …";;@ @;# # #;"882367689884393472";https://twitter.com/msunielsen/status/882367689884393472
FundacionEfrain;2017-07-04 16:23;0;0;"@ stabenow @ SenStabenow @ SenGaryPeters @ SenSanders @ marcorubio @ tedcruz @ SenTedCruz @ MikePenceVP @ SenAlexander # Patriots 4 # Healthcarebill";;@ @ @ @ @ @ @ @ @;# #;"882333945463013379";https://twitter.com/FundacionEfrain/status/882333945463013379
FundacionEfrain;2017-07-04 12:37;0;0;"@ stabenow @ SenStabenow @ SenGaryPeters @ SenSanders @ PattyMurray @ marcorubio # HealthcareBill # DeclarationOfIndependence from # Obamacare";;@ @ @ @ @ @;# # #;"882277273486974976";https://twitter.com/FundacionEfrain/status/882277273486974976
FundacionEfrain;2017-07-04 09:31;0;0;"@ stabenow @ SenStabenow @ SenGaryPeters @ SenSanders @ marcorubio Geo.Washington was more interested n U.S. than himself. Vote # HealthcareBill";;@ @ @ @ @;#;"882230296950734848";https://twitter.com/FundacionEfrain/status/882230296950734848
FundacionEfrain;2017-07-04 08:11;0;0;"@ stabenow @ SenStabenow @ SenGaryPeters @ SenSanders @ marcorubio @ tedcruz @ SenTedCruz @ MikePenceVP # HealthcareBill # American as # applepie";;@ @ @ @ @ @ @ @;# # #;"882210205110595585";https://twitter.com/FundacionEfrain/status/882210205110595585
CanaryFliesAt;2017-07-03 21:29;0;1;"http://geneseecountyparks.org/support/careers/?utm_source=Facebook&utm_medium=Ad&utm_campaign=SummerJob … @ dankildee, @ SenGaryPeters, @ jimananich, @ MMFlint, @ MISupremeCourt, @ MayorWalling, Pass this out to Constituentspic.twitter.com/kNdt26eu85";;@ @ @ @ @ @;;"882048714872942592";https://twitter.com/CanaryFliesAt/status/882048714872942592
FundacionEfrain;2017-07-03 08:17;0;0;"@ stabenow @ SenStabenow @ SenGaryPeters @ SenSanders @ tedcruz @ SenTedCruz Americans 4 # HealthcareBill.Don’t nationalize private industry!";;@ @ @ @ @ @;#;"881849465400950786";https://twitter.com/FundacionEfrain/status/881849465400950786
EdwardsChild;2017-07-03 08:01;0;0;"@ SenStabenow @ SenGaryPeters Don't forget. Our healthcare is of utmost importance. React accordingly. # MondayMotivation # TrumpCareKills";;@ @;# #;"881845331255844864";https://twitter.com/EdwardsChild/status/881845331255844864
FundacionEfrain;2017-07-02 13:27;0;0;"@ stabenow @ SenStabenow @ SenGaryPeters @ SenSanders @ marcorubio # Free_market does NOT nationalize private industry! Support # HealthcareBill";;@ @ @ @ @;# #;"881564998685921280";https://twitter.com/FundacionEfrain/status/881564998685921280
dloy113;2017-07-02 10:32;0;0;"Ok @ SenGaryPeters @ SenStabenow when is enough enough? This is a level of insanity that scare this 60 yr old veteran to the core. Unhinged.";;@ @;;"881520904878137344";https://twitter.com/dloy113/status/881520904878137344
Strickalator;2017-07-01 18:39;1;1;"I have no Justice yet, but there's evidence. I need a lawyer. A high profile one. I'm the LTQQI of # LGBTQIA a disabled woman seeking care!";;;#;"881281091335618561";https://twitter.com/Strickalator/status/881281091335618561
polo5;2017-07-01 15:49;0;2;"My niece has TSC. 2 yrs old tumors in heart/brain. Lifetime limits will mean bankruptcy for family or stopping care. This is REAL!";;;;"881238331811659777";https://twitter.com/polo5/status/881238331811659777
AnneHeise;2017-07-01 11:50;0;0;"@ SenGaryPeters http://www.freep.com/story/news/2017/06/28/protesters-urge-stabenow-do-more-against-trump-care-bill/435492001/ … This targets Stabenow but what is Sen. Peters doing to save the ACA?";;@;;"881178242362855424";https://twitter.com/AnneHeise/status/881178242362855424
healthcareicare;2017-07-01 10:13;0;0;"@ SenStabenow @ SenGaryPeters @Ellison4DNC @ SenSchumer @NancyPelosi and @ TomPerez Where's the Push Back? # DNC # TheResistance # Indivisiblehttps://twitter.com/WhiskersCrowley/status/880585886441906176 …";;@ @ @Ellison4DNC @ @NancyPelosi @;# # #;"881153889122349056";https://twitter.com/healthcareicare/status/881153889122349056
FundacionEfrain;2017-07-01 10:08;0;0;"@ stabenow @ SenStabenow @ SenGaryPeters @ SenSanders @ marcorubio @ SenTedCruz US can’t rob Peter#MiddleClass to pay Paul #Pass#HealthcareBill";;@ @ @ @ @ @;#MiddleClass #Pass #HealthcareBill;"881152616650207232";https://twitter.com/FundacionEfrain/status/881152616650207232
dcmarshbeam;2017-07-01 09:12;0;0;"Indeed! Numerous Obamacare profiles could be posted. An American plan is needed. Dem vs. Rep is not serving us";;;;"881138524380168192";https://twitter.com/dcmarshbeam/status/881138524380168192
roy_inglis;2017-06-30 23:03;0;1;"Stop the health care bill!!!";;;;"880985188704165889";https://twitter.com/roy_inglis/status/880985188704165889
