burgessev;2017-07-24 19:57;9;14;""The sight of the gallows focuses the mind," says ever quotable @ SenJohnKennedy of GOP repeal pressure campaign http://www.politico.com/story/2017/07/24/republican-health-care-vote-success-or-failure-240887 …";;@;;"889635799217688577";https://twitter.com/burgessev/status/889635799217688577
fiftyseven58mph;2017-07-24 19:30;0;1;"Every citizen deserves the best possible government. Vote NO on healthcare that will be considered Tuesday!";;;;"889628873100578816";https://twitter.com/fiftyseven58mph/status/889628873100578816
Sara_2324;2017-07-24 19:11;0;0;"@ SenJohnKennedy Do not repeal ACA. "States rights" still means the taxpayer has to pay. Bait and switch from Feds to States. Keep Obamacare.";;@;;"889624199031115776";https://twitter.com/Sara_2324/status/889624199031115776
MMarcin8;2017-07-24 18:36;0;0;"@ BillCassidy @ SenJohnKennedy Please stop the Trump admin from illegally using Obamacare funds to run ads against Obamacare.";;@ @;;"889615282192486402";https://twitter.com/MMarcin8/status/889615282192486402
afteriwasdead;2017-07-24 17:45;1;3;"Healthcare: Veterans deserve it, Not this heartless destructive oxymoron # trumpcare--keep the ACA in place!";;;#;"889602371902480384";https://twitter.com/afteriwasdead/status/889602371902480384
halfmoon17;2017-07-24 17:06;0;0;"@ SenJohnKennedy vote for the citizens of LA & vote NO on Trumpcare.";;@;;"889592669873287173";https://twitter.com/halfmoon17/status/889592669873287173
tierneybrinkman;2017-07-24 16:30;0;0;"@ SenJohnKennedy @ NOLAnews @ CBSNews 7 mths pregnant, lump in breast, could lose healthcare if bill passes. # HealthcareBill # norepeal # VoteNo";;@ @ @;# # #;"889583534666637312";https://twitter.com/tierneybrinkman/status/889583534666637312
sugarkrisp;2017-07-24 16:25;0;0;"@ SenJohnKennedy Vote NO on the health care bill.";;@;;"889582404632969216";https://twitter.com/sugarkrisp/status/889582404632969216
jchapmanguitar;2017-07-24 15:47;0;0;"Don't kick millions off healthcare for tax cuts for the rich! @ SenJohnKennedy @ BillCassidy h/t @ BoldProgressive";;@ @ @;;"889572889447542784";https://twitter.com/jchapmanguitar/status/889572889447542784
LucyLew1950;2017-07-24 15:32;0;3;"Senator do you think perhaps you should know what's in healthcare bill before voting yes on it?";;;;"889569068319203328";https://twitter.com/LucyLew1950/status/889569068319203328
nicnola;2017-07-24 15:19;1;2;". @ SenJohnKennedy You must vote NO against the sham of a "healthcare" bill. You were elected to represent citizens of LA, not just 1%.";;@;;"889565714247540739";https://twitter.com/nicnola/status/889565714247540739
EnglishLaurel60;2017-07-24 15:04;0;0;"@ SenJohnKennedy we want the healthcare bill addressed b4 u come back home. We will use r vote in ur next election 2 keep u accountable 2 us!";;@;;"889562025294086144";https://twitter.com/EnglishLaurel60/status/889562025294086144
Linda0628;2017-07-24 14:58;0;0;". @ BillCassidy @ SenJohnKennedy Please vote against the BCRA in any form. Fund & improve the ACA. Don't take healthcare away from anyone. https://twitter.com/topherspiro/status/889487372152385537 …";;@ @;;"889560353855737857";https://twitter.com/Linda0628/status/889560353855737857
MichelleDKohler;2017-07-24 12:22;0;0;"@ BillCassidy @ SenJohnKennedy Please vote NO on motion to proceed on the mystery healthcare-gutting, Medicald-gutting healthcare bill.";;@ @;;"889521227831930880";https://twitter.com/MichelleDKohler/status/889521227831930880
libbamcenery;2017-07-24 11:30;0;0;"@ SenJohnKennedy Louisiana wants you to repeal Obamacare, rewrite the Tax Code, build the WALL and stand up loudly for President Trump!";;@;;"889507992831488000";https://twitter.com/libbamcenery/status/889507992831488000
Dyobyllek;2017-07-23 23:53;0;0;"@ BillCassidy @ SenJohnKennedy On Tuesday, stand with the most vulnerable Louisianans by voting No to the GOP Senate Healthcare Plan.";;@ @;;"889332621653704704";https://twitter.com/Dyobyllek/status/889332621653704704
AnnMcNeal11;2017-07-23 23:02;0;0;"@ BillCassidy @ SenJohnKennedy @ SenateGOP Protect your constituents' healthcare. Do right by us => no repercussions!";;@ @ @;;"889319860068601861";https://twitter.com/AnnMcNeal11/status/889319860068601861
AmazeCc;2017-07-23 22:32;1;3;"@ BillCassidy @ SenJohnKennedy Do you support deliberate acts to make healthcare difficult to access? # voteNohttps://twitter.com/beauwillimon/status/888788899161681920 …";;@ @;#;"889312415917248512";https://twitter.com/AmazeCc/status/889312415917248512
Nannie169;2017-07-23 21:14;0;1;"Please know @ SenJohnKennedy @ BillCassidy I sent you to DC to # RepealObamacare pass tax reform and a budget. Failure = # DrainTheSwamphttps://twitter.com/realDonaldTrump/status/889217183930351621 …";;@ @;# #;"889292715065835521";https://twitter.com/Nannie169/status/889292715065835521
RidgetopNM;2017-07-23 19:50;0;0;"Kid, I'm 61 years old, retired, own two homes, had a great career as a Computer Systems Analyst. All paid for. Plenty of $ in a portfolio...";;;;"889271480386818048";https://twitter.com/RidgetopNM/status/889271480386818048
AnnMcNeal11;2017-07-23 17:11;0;0;"@ BillCassidy @ SenJohnKennedy republicans in your state care about safe elections free of Russian influence.";;@ @;;"889231593637916672";https://twitter.com/AnnMcNeal11/status/889231593637916672
IanERice;2017-07-23 14:09;0;0;"@ SenJohnKennedy On behalf of your CONSTITIUENTS, Please vote no on Senate Healthcare Bill.";;@;;"889185840886411264";https://twitter.com/IanERice/status/889185840886411264
AmazeCc;2017-07-22 21:37;0;0;"@ BillCassidy @ SenJohnKennedy https://twitter.com/savemycare/status/888875061968502784 …";;@ @;;"888936127025082369";https://twitter.com/AmazeCc/status/888936127025082369
MDresk;2017-07-22 21:17;0;0;"John, why can't your party work with the Democrats on solving the health care issue?";;;;"888931144929992706";https://twitter.com/MDresk/status/888931144929992706
AmazeCc;2017-07-22 18:30;0;0;"@ SenJohnKennedy This is what you call doing God's work, making it harder to get care so you can win. # hypocrite # votenohttps://twitter.com/beauwillimon/status/888788899161681920 …";;@;# #;"888888916442591232";https://twitter.com/AmazeCc/status/888888916442591232
Johnnylhamrick1;2017-07-22 17:23;0;0;"@ SenJohnKennedy Dear Senator my name is Johnny Hamrick, really disappointed, we need to pass the health care bill ASAP please get it done.";;@;;"888872243916361728";https://twitter.com/Johnnylhamrick1/status/888872243916361728
ZmonaZamora;2017-07-22 10:37;0;0;"One payer. Madicare for all.";;;;"888770064014606338";https://twitter.com/ZmonaZamora/status/888770064014606338
CeeAcosta;2017-07-22 10:31;0;0;"@ SenJohnKennedy We are LOSTin the MEDICAID battle of ObamacareHELL!Mid class needs affordable health insurance NOT free healthCARE!Free Us!";;@;;"888768368030953473";https://twitter.com/CeeAcosta/status/888768368030953473
CeeAcosta;2017-07-22 10:27;0;0;"@ SenJohnKennedy Please go to Pres&explain that 9mil Am r TRAPPED in Obamacare that just need choice & afford health insurance-sep Medicaid!";;@;;"888767474652635136";https://twitter.com/CeeAcosta/status/888767474652635136
Dyobyllek;2017-07-22 08:52;0;0;"@ BillCassidy @ SenJohnKennedy I'm a constituent. I support neither the GOP Healthcare Bill nor ACA repeal. Please explore bipartisan options.";;@ @;;"888743520735047681";https://twitter.com/Dyobyllek/status/888743520735047681
AmazeCc;2017-07-22 00:00;0;0;"I can one up u! My senator @ SenJohnKennedy votes as told AND says it's b/c it's what God wants.He says God wants millions to lose healthcare";;@;;"888609784857067520";https://twitter.com/AmazeCc/status/888609784857067520
buffy_stanton2;2017-07-21 17:46;0;0;"@ SenJohnKennedy office cut me off while I voiced my concerns about healthcare. It was rude. I told him I wasn't finished and then continued";;@;;"888515495888121856";https://twitter.com/buffy_stanton2/status/888515495888121856
Linda0628;2017-07-21 17:34;0;0;". @ BillCassidy @ SenJohnKennedy Please fund and improve the ACA. The isn't a healthcare bill. Your constituents deserve better. https://twitter.com/avivaarondine/status/888108501519671297 …";;@ @;;"888512601369436160";https://twitter.com/Linda0628/status/888512601369436160
Clarabell769;2017-07-21 17:27;0;0;"@ SenJohnKennedy I would urge you to vote NO for repeal and replace of ACA! You are a career politician who has done nothing for Louisiana!";;@;;"888510732387614720";https://twitter.com/Clarabell769/status/888510732387614720
NickAlbares;2017-07-21 17:26;0;1;"The Senate bill can't be fixed. http://www.labudget.org/lbp/2017/07/senate-health-care-bill-still-unworkable-and-unfixable/ … # lalege # lagov # lasen cc: @ BillCassidy @ SenJohnKennedy https://twitter.com/aslavitt/status/888509046537547780 …";;@ @;# # #;"888510404846010368";https://twitter.com/NickAlbares/status/888510404846010368
coolmikeLLC;2017-07-21 16:34;0;0;"Senators: I would urge you to vote NO on the repeal only of # Obamacare. @ BillCassidy @ SenJohnKennedy # Louisiana http://www.msnbc.com/msnbc-news/watch/sen-bill-cassidy-not-important-for-trump-to-understand-health-bill-1004718147506?cid=amp_nbcnews … # La";;@ @;# # #;"888497442563530754";https://twitter.com/coolmikeLLC/status/888497442563530754
Scooter0602;2017-07-21 15:24;0;1;"Take time before the weekend and stand up to Trump don't take away 30 mil Americans healthcare just to finally get a win. You are SAD";;;;"888479829527584768";https://twitter.com/Scooter0602/status/888479829527584768
Linda0628;2017-07-21 15:21;0;1;". @ BillCassidy @ SenJohnKennedy Please vote against the Senate healthcare bill and work on funding and improving the ACA. https://twitter.com/aarplouisiana/status/888473456613797888 …";;@ @;;"888478961692327936";https://twitter.com/Linda0628/status/888478961692327936
AARPLouisiana;2017-07-21 14:59;5;7;"This health care bill # AintNoFairyTale! Millions will be left uninsured. Tell @ BillCassidy & @ SenJohnKennedy to # VoteNO.pic.twitter.com/hhsdB572FR";;@ @;# #;"888473456613797888";https://twitter.com/AARPLouisiana/status/888473456613797888
StaphOfRa;2017-07-21 13:25;0;0;"This is embarrassing. We need real healthcare and education in LA. No more BS oil/gas jobs and college sports to placate the masses.";;;;"888449902035968000";https://twitter.com/StaphOfRa/status/888449902035968000
ewrock24;2017-07-21 11:45;0;1;"Anything less than a full # repealobamacare is unacceptable to working families! @ RepGarretGraves @ BillCassidy @ SenJohnKennedy";;@ @ @;#;"888424824032374784";https://twitter.com/ewrock24/status/888424824032374784
SolomonEnid;2017-07-20 20:50;0;0;"@ SenJohnKennedy Vote NO on new healthcare bill. millions of men women children will lose healthcare & be hurt by this. # raiseyourvoice";;@;#;"888199545808498690";https://twitter.com/SolomonEnid/status/888199545808498690
SolomonEnid;2017-07-20 20:50;0;0;"@ SenJohnKennedy SAVE obamacare/affordable healthcare act. if cut millions of men women children will lose healthcare & be hurt by this";;@;;"888199372193669121";https://twitter.com/SolomonEnid/status/888199372193669121
AmazeCc;2017-07-20 18:39;0;0;"@ SenJohnKennedy @ BillCassidy But Kennedy thinks it's right by God to steal healthcare.https://twitter.com/senschumer/status/888121432034623490 …";;@ @;;"888166449960951808";https://twitter.com/AmazeCc/status/888166449960951808
Quendi459;2017-07-20 17:48;0;0;"As long as they aren't committing American genocide through healthcare, loving the bag!";;;;"888153586495930368";https://twitter.com/Quendi459/status/888153586495930368
Saicity;2017-07-20 10:54;0;0;"Bet if politicans had obamacare they'd burn rubber to repeal and replace";;;;"888049525415268353";https://twitter.com/Saicity/status/888049525415268353
NickAlbares;2017-07-20 10:28;3;1;"Will @ BillCassidy & @ SenJohnKennedy listen to majority of Republicans & work on bipartisan h-care solution? # lasen http://www.foxnews.com/politics/2017/07/19/fox-news-poll-74-percent-want-gop-to-reach-out-to-democrats-on-health-care.html …pic.twitter.com/3EzBFlYfF4";;@ @;#;"888042907839680513";https://twitter.com/NickAlbares/status/888042907839680513
tase91;2017-07-20 09:25;0;0;"@ SenJohnKennedy We need to make sure you keep that promise. The time for FULL REPEAL has finally come. Be free from Obamacare!";;@;;"888027024467611651";https://twitter.com/tase91/status/888027024467611651
fiftyseven58mph;2017-07-20 08:47;0;0;"healthcare in your senatorial term is a dead issue. but keep talking. we love your county drawl and 19th century thinking";;;;"888017546724683777";https://twitter.com/fiftyseven58mph/status/888017546724683777
AmeStormer;2017-07-20 00:23;0;0;"Please stop this heartless and irresponsible act. Figure out how to fix Obamacare and don't let 30 million people face a loss of healthcare";;;;"887890642889613313";https://twitter.com/AmeStormer/status/887890642889613313
GolightlyCR;2017-07-19 22:48;0;1;"Obamacare is more popular than ever. The tide has turned. Fix it in a bipartisan way. Don't repeal. 70810";;;;"887866744412360704";https://twitter.com/GolightlyCR/status/887866744412360704
MiriBoheme;2017-07-19 22:42;0;1;"no-one cares about the racist statues. newsflash: people don't go to new orleans for the friggin statues.";;;;"887865355451768832";https://twitter.com/MiriBoheme/status/887865355451768832
baltojo;2017-07-19 22:28;0;0;"You need to work for LA, not your own interests. # HealthcareBill";;;#;"887861754956578816";https://twitter.com/baltojo/status/887861754956578816
Indivisible_DR;2017-07-19 21:37;2;6;"Leaving 32 million without access to healthcare is not American or Christian";;;;"887848869249376260";https://twitter.com/Indivisible_DR/status/887848869249376260
LouisianaExpat;2017-07-19 20:46;0;0;"Health care and Trump's capitulation to Russia. Two MUCH more serious issues.";;;;"887836006375989252";https://twitter.com/LouisianaExpat/status/887836006375989252
AnnMcNeal11;2017-07-19 19:10;1;7;"I will remember at the polls if you repeal. Bipartisan efforts. Take care of Louisiana! Country over Party";;;;"887812021537968128";https://twitter.com/AnnMcNeal11/status/887812021537968128
ChristyFletch18;2017-07-19 18:59;0;0;"@ SenJohnKennedy Happy to have you as our Senator from Louisiana. Really appreciate you taking a stand against Obamacare.";;@;;"887809167343341568";https://twitter.com/ChristyFletch18/status/887809167343341568
Douglass19Will;2017-07-19 18:58;0;0;"https://mobile.nytimes.com/2017/03/14/opinion/the-original-lie-about-obamacare.amp.html …";;;;"887808876715929604";https://twitter.com/Douglass19Will/status/887808876715929604
Douglass19Will;2017-07-19 18:51;0;0;"Most Americans who care about our country would rather our lawmakers work together to amend. Can you give me a reason we shouldn't amend?";;;;"887807061660237825";https://twitter.com/Douglass19Will/status/887807061660237825
glezee81;2017-07-19 18:47;0;0;"The people don't want Obamacare so get over it it was based on lies a government trying to impose it's will on the people Trump that";;;;"887806047456546816";https://twitter.com/glezee81/status/887806047456546816
glezee81;2017-07-19 18:38;0;0;"Obamacare destroyed our nation's Healthcare proposed on countless regulations and taxes you're the dreamer";;;;"887803968474284038";https://twitter.com/glezee81/status/887803968474284038
Douglass19Will;2017-07-19 18:34;0;0;"even if it's 50% accurate like it was for Ocare 10 +5 million additional individuals will lose coverage so the 1% can cut taxes. Not okay.";;;;"887802870774599680";https://twitter.com/Douglass19Will/status/887802870774599680
glezee81;2017-07-19 18:25;0;0;"Obamacare on ensuring 10 million now don't talk about critical thinking";;;;"887800624015974400";https://twitter.com/glezee81/status/887800624015974400
MarkGWeller;2017-07-19 17:31;0;0;"@ SenJohnKennedy Senator, repeal 100% of Obamacare, now! https://www.votervoice.net/AFA/campaigns/53675/respond …";;@;;"887786902329470976";https://twitter.com/MarkGWeller/status/887786902329470976
Dummyexposing;2017-07-19 17:14;0;0;"@ SenJohnKennedy if you can vote to # RepealObamacare Give up your # Government # Healthcare. Listen to your Governor. Not # Trump & # McConnell";;@;# # # # #;"887782673321734146";https://twitter.com/Dummyexposing/status/887782673321734146
thomaskaine5;2017-07-19 17:08;0;0;"under the Trump/Ryan plan Medicare will be cut back. The money is needed for tax breaks for the wealthy";;;;"887781261187497984";https://twitter.com/thomaskaine5/status/887781261187497984
transient_ldr;2017-07-19 16:42;1;6;"We want you to fix Obamacare, not break it. Very simple:: People Want Healthcare.";;;;"887774652617154560";https://twitter.com/transient_ldr/status/887774652617154560
Saicity;2017-07-19 16:28;0;0;"Tell viewers congress EXEMPT from obamacare they have choice no wonder they care naught";;;;"887771045603586048";https://twitter.com/Saicity/status/887771045603586048
johosco;2017-07-19 15:48;0;0;"You fix it like social security and Medicare were improved!";;;;"887760997095800833";https://twitter.com/johosco/status/887760997095800833
johosco;2017-07-19 15:47;0;0;"Get a plan before you throw people off any healthcare-kinda less";;;;"887760778522234880";https://twitter.com/johosco/status/887760778522234880
Ronald2htx;2017-07-19 14:54;0;1;"As a paying customer for health care and prescriptions my revenues validate those ridiculous earning, Pharmaceuticals and Insurers benefit";;;;"887747377246986241";https://twitter.com/Ronald2htx/status/887747377246986241
SaritaMcIver;2017-07-19 14:26;1;5;"I do not believe that God would want you to take away anyone's healthcare. But please hold a town hall and let us tell you how we feel.";;;;"887740464316723200";https://twitter.com/SaritaMcIver/status/887740464316723200
NOLAbri;2017-07-19 13:51;0;2;"As a constituent and cancer wife, and mom of 2 young kids, I beg you, please don't repeal Obamacare. Fix it.";;;;"887731576297140225";https://twitter.com/NOLAbri/status/887731576297140225
LucyLew1950;2017-07-19 13:48;0;2;"We get you too Senator. Destroy Medicaid. Then destroy Medicare. Then destroy Social Security. We all see where the GOP is heading. Beware.";;;;"887730926691790848";https://twitter.com/LucyLew1950/status/887730926691790848
coolmikeLLC;2017-07-19 12:41;0;0;"Good thing for # Louisiana this latest attempt to take away care from most vunerable to give tax breaks to rich donors is practically DOA.";;;#;"887713950883868673";https://twitter.com/coolmikeLLC/status/887713950883868673
Mamaofthreebear;2017-07-19 12:35;0;0;"I'm not surprised. I'm more interested in what @ BillCassidy has to say--he's more of a health care expert (by far).";;@;;"887712404473249794";https://twitter.com/Mamaofthreebear/status/887712404473249794
ir8patriot;2017-07-19 12:33;0;0;"# repeal period. Get # lobbyists out of our # Healthcare";;;# # #;"887712034565087234";https://twitter.com/ir8patriot/status/887712034565087234
davidberiss;2017-07-19 12:08;0;3;"No, Senator, you either see affordable access to health care as a human right or you don't. Voting to repeal helps nobody, hurts many.";;;;"887705612460621828";https://twitter.com/davidberiss/status/887705612460621828
henryandhuck;2017-07-19 11:38;0;0;"yes and so does healthcare employment - support and fully implement ACA";;;;"887698112885739523";https://twitter.com/henryandhuck/status/887698112885739523
nathancole1PRWC;2017-07-19 11:37;0;0;"@ SenJohnKennedy Keep up the good work repeal Obamacare!";;@;;"887698005498920960";https://twitter.com/nathancole1PRWC/status/887698005498920960
tshaw123;2017-07-19 11:35;0;2;"Can you describe your vision for the health care/health insurance system in the United States? Tell me how YOU can make it better first.";;;;"887697424604688384";https://twitter.com/tshaw123/status/887697424604688384
tigertailamy;2017-07-19 11:34;0;4;"You may not like Obamacare, but if you can't provide a replacement that doesn't hurt millions, it is irresponsible to repeal.";;;;"887697269524504579";https://twitter.com/tigertailamy/status/887697269524504579
lizsuelucy;2017-07-19 11:30;0;2;"Fix the individual market and then tackle other issues in health care in a bipartisan manner! DO YOUR JOB.";;;;"887696073627754501";https://twitter.com/lizsuelucy/status/887696073627754501
GreggHoush;2017-07-19 11:22;0;0;"@ SenJohnKennedy $765 billion per year lost in US healthcare system. Want to fix healthcare? Maybe start with this https://www.propublica.org/article/the-myth-of-drug-expiration-dates …";;@;;"887694229350354944";https://twitter.com/GreggHoush/status/887694229350354944
Louisianavoter;2017-07-19 11:22;1;11;"Believing God wants 22 mill people denied health care & believe in hiding from voters Coward & cruel are too kindly descriptors of beliefs";;;;"887694112635400192";https://twitter.com/Louisianavoter/status/887694112635400192
PaulaVarnado;2017-07-19 11:18;2;9;"That's not this constituent's opinion sir. Repealing would throw healthcare into chaos. Take care of your constituents.";;;;"887693149547757568";https://twitter.com/PaulaVarnado/status/887693149547757568
SenJohnKennedy;2017-07-19 11:14;37;47;"It’s time to stand up and be counted before God and country and do what the American people elected us to do: Repeal Obamacare.pic.twitter.com/YMs9mMam3o";;;;"887692054800871424";https://twitter.com/SenJohnKennedy/status/887692054800871424
orbis_quintus;2017-07-19 11:09;1;2;"Bootlick Kennedy wants those tax cuts for billionaires. His constituents can die for all he cares. He doesn't plan to come home.";;;;"887690750384893952";https://twitter.com/orbis_quintus/status/887690750384893952
SenJohnKennedy;2017-07-19 11:03;11;26;"It's time 2 vote. I'm prepared 2 vote this afternoon, tomorrow or next week. You either like Obamacare or you don’thttps://www.youtube.com/watch?v=E3XyQk2rtcc …";;;;"887689296886599680";https://twitter.com/SenJohnKennedy/status/887689296886599680
pipkin56056003;2017-07-19 09:43;0;0;"@ SenJohnKennedy @ SenateMajLdr medicaid, no incentive to work, they get it free but if they work they lose free care..zero deductible..REPEAL";;@ @;;"887669163082297344";https://twitter.com/pipkin56056003/status/887669163082297344
Daneeta;2017-07-19 09:30;0;0;"Can you tell my Senators @ BillCassidy and @ SenJohnKennedy that his voters want Universal Healthcare? Then, can you just give that to us?";;@ @;;"887665941705871360";https://twitter.com/Daneeta/status/887665941705871360
SenJohnKennedy;2017-07-19 09:02;2;4;"On with @ Varneyco now talking about the future of health care and tax reform.";;@;;"887658949943668736";https://twitter.com/SenJohnKennedy/status/887658949943668736
MIMI1811LA;2017-07-18 22:22;0;0;"@ SenJohnKennedy we want Obamacare repealed not Lite! No special state deals so it's fair to all. I am from 71112";;@;;"887497797561446400";https://twitter.com/MIMI1811LA/status/887497797561446400
kathy2robert;2017-07-18 21:47;0;0;"The health care debacle is ridiculous. Repeal and no replacement is ludicrous and highly immoral.";;;;"887489012251938819";https://twitter.com/kathy2robert/status/887489012251938819
smiles1_9;2017-07-18 20:27;0;3;"Whelp. We already know he's a career politician. Party over people right? LA won't forget this.";;;;"887468807798886400";https://twitter.com/smiles1_9/status/887468807798886400
BeKeenNbr;2017-07-18 18:03;0;2;"Shame on you. Are YOU going to be without ANY health care until "later?"";;;;"887432619083935745";https://twitter.com/BeKeenNbr/status/887432619083935745
KevinFreyTV;2017-07-18 17:40;1;0;". @ SenJohnKennedy says he'll vote 'yes' on DOA plan to repeal # Obamacare: "We can work out the details on the replacement later" # lasen @ WAFB";;@ @;# #;"887426897377886208";https://twitter.com/KevinFreyTV/status/887426897377886208
MelindaDeslatte;2017-07-18 17:00;9;7;". @ SenJohnKennedy says: "I will vote in favor of repealing Obamacare. We can work out the details on the replacement later." # lasen # lalege";;@;# #;"887416890527764480";https://twitter.com/MelindaDeslatte/status/887416890527764480
tflas2000;2017-07-18 16:21;0;0;"@ SenJohnKennedy YOU ALL NEED TO DO YOUR JOB.WE VOTED TO GET RID OF Ocare. You must get this done or we will lose our majority. 7 yrs!!!";;@;;"887406919920570370";https://twitter.com/tflas2000/status/887406919920570370
nicapamela;2017-07-18 12:45;1;2;"All this uncertainty isn't helping us, @ BillCassidy @ SenJohnKennedy. Commit to improve our health care system, not make things worse. # lapolhttps://twitter.com/theadvocateno/status/887348896497897472 …";;@ @;#;"887352558351790080";https://twitter.com/nicapamela/status/887352558351790080
henryandhuck;2017-07-18 10:59;0;0;"@ BillCassidy @ SenJohnKennedy YOUR VOTERS WILL PAY MORE! La econ CANNOT afford this! McConnell does NOT care; YOUR VOTERS DO! https://twitter.com/topherspiro/status/887310970808389632 …";;@ @;;"887325869752111104";https://twitter.com/henryandhuck/status/887325869752111104
KennethCrochet;2017-07-18 10:44;0;0;"@ SenJohnKennedy how about the American taxpayers vote to stop funding your taxpayer funded health care";;@;;"887322163782594560";https://twitter.com/KennethCrochet/status/887322163782594560
LegendaryDenise;2017-07-18 10:26;1;2;"An ACA repeal without replace will put markets and health care orgs into turmoil. Say no way @ BillCassidy @ SenJohnKennedy";;@ @;;"887317666448498688";https://twitter.com/LegendaryDenise/status/887317666448498688
Pat_P_B;2017-07-18 10:25;0;0;"@ SenJohnKennedy Why let Obamacare stay in place 2 yrs. in new plan after you guys attempt a straight REPEAL ?? Change that law !! Thank you.";;@;;"887317293738405888";https://twitter.com/Pat_P_B/status/887317293738405888
ewrock24;2017-07-18 10:16;1;1;"Please # RepealObamacare @ RepGarretGraves @ BillCassidy @ SenJohnKennedy It's what you campaigned and promised to do!";;@ @ @;#;"887315066193948672";https://twitter.com/ewrock24/status/887315066193948672
ewrock24;2017-07-18 10:06;1;1;"Congress has given 'we the people' $19 trillion of debt. How can they manage health ins/care? # RepealObamacare @ BillCassidy @ SenJohnKennedy";;@ @;#;"887312555340967936";https://twitter.com/ewrock24/status/887312555340967936
dammitjanet96;2017-07-18 09:42;0;0;"Here's my Senator @ SenJohnKennedy trying to recycle the old @ SteveScalise misnomer of ACA kicking 4.7M ppl off of their health care plans.pic.twitter.com/KbQBBQz6cW";;@ @;;"887306587790069760";https://twitter.com/dammitjanet96/status/887306587790069760
ewrock24;2017-07-18 09:13;1;1;"@ BillCassidy @ SenJohnKennedy my friend pays $1700 a month to insure family of 4. High deductible. Was $400. That's criminal # RepealObamacare";;@ @;#;"887299244264222720";https://twitter.com/ewrock24/status/887299244264222720
ewrock24;2017-07-18 09:07;0;0;"# RepealObamacare "root & branch" as 'we the people' were promised! @ SenJohnKennedy @ BillCassidy @ RepGarretGraves";;@ @ @;#;"887297710868631553";https://twitter.com/ewrock24/status/887297710868631553
KayDeeNOLA;2017-07-18 08:44;0;0;"@ BillCassidy @ SenJohnKennedy Medicaid services make it possible for adults with disabilities to work # NoCutsNoCaps https://www.usatoday.com/story/opinion/2017/07/17/pro-life-movement-joke-and-trumpcare-proves-column/482800001/ …";;@ @;#;"887291941972520961";https://twitter.com/KayDeeNOLA/status/887291941972520961
fiftyseven58mph;2017-07-18 08:43;0;0;"@ senjohnkennedy 2 things to be thankful for. 1. you won't have to vote on healthcare, and 2. nobody cares what you think about NOLA.";;@;;"887291783947988992";https://twitter.com/fiftyseven58mph/status/887291783947988992
gaudin_maureen;2017-07-18 07:42;0;0;"@ SenJohnKennedy GET RID of obamacare.Make insurance companies compete across state lines.Get the jackboot of government off my neck!!";;@;;"887276341300793345";https://twitter.com/gaudin_maureen/status/887276341300793345
SolomonEnid;2017-07-18 02:58;0;0;"@ SenJohnKennedy SAVE afforable healthcare bill .(do not repeal until something fabulous is put in place # raiseyourvoice # cantbequiet # resist";;@;# # #;"887204947711803392";https://twitter.com/SolomonEnid/status/887204947711803392
allicat1214;2017-07-17 23:58;1;3;"Use Cassidy's own words from article he tweeted out tonight. Repeal WITH REPLACE. https://www.washingtonpost.com/amphtml/opinions/the-next-step-on-health-care-let-the-states-decide/2017/07/14/d9333c34-68c7-11e7-a1d7-9a32c91c6f40_story.html …pic.twitter.com/KkeogXLkZ2";;;;"887159680262434816";https://twitter.com/allicat1214/status/887159680262434816
pghhunter;2017-07-17 21:52;0;0;"Healthcare - stick a fork in it. It's done! @ Senjohnkennedy";;@;;"887127879783460866";https://twitter.com/pghhunter/status/887127879783460866
AmazeCc;2017-07-17 21:38;1;3;"# resistworks # wealthcarefails No thanks to Double @ BillCassidy or @ SenJohnKennedy who were both ready to sell out Louisiana. https://twitter.com/senfeinstein/status/887119354491531264 …";;@ @;# #;"887124408644620290";https://twitter.com/AmazeCc/status/887124408644620290
allicat1214;2017-07-17 21:20;3;3;"LSU Stadium is called Death Valley, seats ~100k. Imagine 4 Tiger Stadiums FULL of LA'ns who'll lose their health care. Death Valley Indeed.pic.twitter.com/lzzUnNMb4q";;;;"887119834370252800";https://twitter.com/allicat1214/status/887119834370252800
ColonelHenry;2017-07-17 21:10;0;0;"But @ SenJohnKennedy's campaign was based on his drinking weedkiller before he'd allow Obamacare to continue...so does he eat boiled owl too? https://twitter.com/frankthorp/status/887061390770548736 …";;@;;"887117453859356674";https://twitter.com/ColonelHenry/status/887117453859356674
Dyobyllek;2017-07-17 20:43;0;0;"@ BillCassidy @ senjohnkennedy The recess was delayed, the Senate HC vote is delayed. Why isn't the Sen holding public hearings on healthcare?";;@ @;;"887110522537222144";https://twitter.com/Dyobyllek/status/887110522537222144
Linda0628;2017-07-17 20:42;1;3;". @ BillCassidy @ SenJohnKennedy This is bad for Louisiana. You represent us. Please vote against the Senate healthcare bill. # ProtectOurCarehttps://twitter.com/taniel/status/887035578050654209 …";;@ @;#;"887110335399940098";https://twitter.com/Linda0628/status/887110335399940098
Cooterbrown2;2017-07-17 16:40;1;1;"@ SenJohnKennedy @ BillCassidy Healthy Self-employed middle class loosing health insurance end of 2017 in Louisiana. Obama care not helping.";;@ @;;"887049307337129985";https://twitter.com/Cooterbrown2/status/887049307337129985
MomsRising;2017-07-17 14:55;11;5;"Mandy in Louisiana needs @ BillCassidy & @ SenJohnKennedy to # ProtectOurCare. Read more: https://www.momsrising.org/blog/protectourcare-meet-mandy-in-louisiana …pic.twitter.com/se76YoluUw";;@ @;#;"887022922560397313";https://twitter.com/MomsRising/status/887022922560397313
henryandhuck;2017-07-17 14:05;0;0;"@ BillCassidy @ SenJohnKennedy La nursing homes (& healthcare industry) will be devastated. Your NO vote is good for our economy! https://twitter.com/thedemocrats/status/887002554407800832 …";;@ @;;"887010445248389120";https://twitter.com/henryandhuck/status/887010445248389120
carnfr;2017-07-17 13:59;0;0;"More W/ Healthcare at a stall what does this mean for us? Will we have exchng to resign up in Nov? I can't go without @ SenJohnKennedy";;@;;"887008913090125825";https://twitter.com/carnfr/status/887008913090125825
tierneybrinkman;2017-07-17 12:22;0;0;"@ SenJohnKennedy @ BillCassidy @ jimmykimmel @ theadvocatebr @ NOLAnews Please don't take our healthcare from us. Help! http://www.cbsnews.com/news/insurers-tear-into-latest-health-care-bill-as-unworkable/ …";;@ @ @ @ @;;"886984416014331904";https://twitter.com/tierneybrinkman/status/886984416014331904
SenJohnKennedy;2017-07-17 11:58;9;13;"Stopped by @ WWLTV this morning to discuss the ongoing crime epidemic in New Orleans. Watch the video below.http://www.wwltv.com/news/local/kennedy-defends-pointed-comments-on-new-orleans-crime-discusses-health-care-bill/457279163 …";;@;;"886978385905319942";https://twitter.com/SenJohnKennedy/status/886978385905319942
manjarblanco;2017-07-17 10:34;0;0;"@ SenJohnKennedy please vote NO on the health care bill. Poor people of louisiana would die with the new bill. Have some compassion";;@;;"886957402033188864";https://twitter.com/manjarblanco/status/886957402033188864
tekker44;2017-07-17 10:24;0;0;"# CleanRepeal like y'all did when Obamacare was in office. Keep your word # CleanRepeal. @ realDonaldTrump @ LouDobbs @ SenJohnKennedy";;@ @ @;# #;"886954819788963841";https://twitter.com/tekker44/status/886954819788963841
Indivisible337;2017-07-17 09:39;0;0;"@ SenJohnKennedy defends pointed comments on New Orleans crime, discusses health-care bill http://www.wwltv.com/news/local/kennedy-defends-pointed-comments-on-new-orleans-crime-discusses-health-care-bill/457279163 …";;@;;"886943345301499904";https://twitter.com/Indivisible337/status/886943345301499904
Indivisible337;2017-07-17 09:37;0;0;"@ SenJohnKennedy defends pointed comments on New Orleans crime, discusses health-care bill http://www.wwltv.com/news/local/kennedy-defends-pointed-comments-on-new-orleans-crime-discusses-health-care-bill/457279163 … via @ WWLTV";;@ @;;"886943013292965888";https://twitter.com/Indivisible337/status/886943013292965888
bannerite;2017-07-17 09:26;2;2;"Please read: @ SenWarren @ robportman @ PatRoberts @ SenTomCotton @ SenPatRoberts @ SenatorBurr @ stabenow @ SenJohnKennedy https://mfsaweb.salsalabs.org/mfsarmnjointumhealthcareaction/index.html?eType=EmailBlastContent&eId=e5349982-dd25-4165-8516-6a4edb671da2 …";;@ @ @ @ @ @ @ @;;"886940077057744896";https://twitter.com/bannerite/status/886940077057744896
coolmikeLLC;2017-07-17 09:07;0;0;"@ SecPriceMD Have you no shame?! Trump care kills! We deserve better!! # Louisiana # La cc @ BillCassidy @ SenJohnKennedy pic.twitter.com/RKotVdsYbJ";;@ @ @;# #;"886935490850672642";https://twitter.com/coolmikeLLC/status/886935490850672642
coolmikeLLC;2017-07-17 09:06;0;0;"Bwhahaha Yeah f***in right # TrumpcareKills # VoteNo @ BillCassidy @ SenJohnKennedy # Louisiana # SaveOurCare Lyin' @ SecPriceMD IT IS UNACCEPTABLEhttps://twitter.com/FoxNews/status/886587291350773761 …";;@ @ @;# # # #;"886935133797974017";https://twitter.com/coolmikeLLC/status/886935133797974017
Indivisible337;2017-07-17 08:50;2;1;"HEALTHCARE Letters: Senate should do no harm on health care @ BillCassidy @ SenJohnKennedy http://www.theadvocate.com/baton_rouge/opinion/letters/article_b72b9a22-67f1-11e7-8108-df4ba3dc9e95.html?utm_medium=social&utm_source=twitter&utm_campaign=user-share … via @ theadvocatebr";;@ @ @;;"886931182725849089";https://twitter.com/Indivisible337/status/886931182725849089
Dyobyllek;2017-07-16 23:42;0;0;"@ BillCassidy @ SenJohnKennedy Vote no on the GOP Senate healthcare plan. Work with dems to keep insurance co's from opting out of the ACA. https://twitter.com/foxnews/status/886684803579432960 …";;@ @;;"886793325495320576";https://twitter.com/Dyobyllek/status/886793325495320576
Indivisible337;2017-07-16 23:12;1;0;"So, @ BillCassidy and @ SenJohnKennedy gonna look like saviors while taking away constituents' health care?";;@ @;;"886785732047777794";https://twitter.com/Indivisible337/status/886785732047777794
Libbylibrarian;2017-07-16 22:30;0;0;". @ SenJohnKennedy should hold a meeting in # NOLA on # healthcare if so concerned about the city. @ Indivisible337https://twitter.com/indivisible337/status/886758002853908480 …";;@ @;# #;"886775121603698688";https://twitter.com/Libbylibrarian/status/886775121603698688
CaCaonyou;2017-07-16 18:48;0;0;"How much would it cost to have you support Medicare for all?";;;;"886719263490355200";https://twitter.com/CaCaonyou/status/886719263490355200
afteriwasdead;2017-07-16 13:59;0;0;"Here are the hidden horrors in the Senate GOP's new Obamacare repeal bill - LA Times @ BillCassidy @ SenJohnKennedy http://www.latimes.com/business/hiltzik/la-fi-hiltzik-bcra-20170714-story,amp.html …";;@ @;;"886646415417540609";https://twitter.com/afteriwasdead/status/886646415417540609
Dyobyllek;2017-07-16 12:51;0;0;"@ BillCassidy @ SenJohnKennedy Senator Collins gets it. Please don't vote for this reckless tax cut disguised as a healthcare bill. https://twitter.com/braddjaffy/status/886587503578415107 …";;@ @;;"886629360928776192";https://twitter.com/Dyobyllek/status/886629360928776192
henryandhuck;2017-07-16 11:34;0;0;"@ BillCassidy @ SenJohnKennedy Please watch @ SenatorCollins on @ ThisWeekABC. Senate healthcare bill will decimate LA providers, nursing homes.";;@ @ @ @;;"886610020460376064";https://twitter.com/henryandhuck/status/886610020460376064
fiftyseven58mph;2017-07-16 10:19;0;0;"@ SenJohnKennedy you may not get to vote on healthcare. Praise the lord!";;@;;"886591122721689600";https://twitter.com/fiftyseven58mph/status/886591122721689600
KayDeeNOLA;2017-07-16 08:16;0;1;"@ SenJohnKennedy your ltr says 4.7 mil r being kicked off their health care plans. CBO says BCRA kicks off 22 mil from healthcare. # SayNoBCRA";;@;#;"886560092920926208";https://twitter.com/KayDeeNOLA/status/886560092920926208
tierneybrinkman;2017-07-16 06:59;0;1;"@ SenJohnKennedy @ NOLAnews @ CBSNews 7mths pregnant, lump in breast, sleepless worried about losing healthcare. # HealthcareBill # VoteNoBCRA";;@ @ @;# #;"886540901941739520";https://twitter.com/tierneybrinkman/status/886540901941739520
sugarkrisp;2017-07-16 02:57;0;0;"@ BillCassidy @ SenJohnKennedy @ SenateGOP @ SenateMajLdr @ GOP Despicable to take healthcare coverage away from millions while yours is safehttps://twitter.com/getwisdomdude/status/886415137929924610 …";;@ @ @ @ @;;"886479770015367170";https://twitter.com/sugarkrisp/status/886479770015367170
sugarkrisp;2017-07-16 01:52;0;0;"@ BillCassidy @ SenJohnKennedy @ SenDeanHeller @ SenCapito @ senrobportman @ SenJohnHoeven Save children like Anthony. Vote NO on BRCA. # Trumpcarehttps://twitter.com/ourlives/status/880501140890071042 …";;@ @ @ @ @ @;#;"886463496585719808";https://twitter.com/sugarkrisp/status/886463496585719808
LucyLew1950;2017-07-15 21:24;0;0;"@ BillCassidy @ SenJohnKennedy # PleaseVoteNo Senators,no to "healthcare"";;@ @;#;"886395962549207040";https://twitter.com/LucyLew1950/status/886395962549207040
libbamcenery;2017-07-15 16:55;0;0;"Great! St Tammany still won't allow Fracking! Bad! Please support Cruz Amendment to Healthcare Bill! Thanks! Hy & Libba McEnery New Orleans";;;;"886328295691870212";https://twitter.com/libbamcenery/status/886328295691870212
elegantcoretta;2017-07-15 12:34;0;0;"There is no free health care "coverage for every illegal immigrant & refugee."";;;;"886262597053534208";https://twitter.com/elegantcoretta/status/886262597053534208
Indivisible_DR;2017-07-15 12:27;0;1;"@ BillCassidy @ SenJohnKennedy Don't Cut Us Out! Vote No in the Republican Heathcare Bill";;@ @;;"886260959324639232";https://twitter.com/Indivisible_DR/status/886260959324639232
ThomasSutrina;2017-07-15 12:20;0;0;"@ SenJohnKennedy swamp care is not the replacement promised by Trump Fox 8/7/15, McConnell 5/24/14 debate, or Ryan 1/8/16 for congress";;@;;"886259303040118785";https://twitter.com/ThomasSutrina/status/886259303040118785
NHeLP_org;2017-07-15 10:52;3;0;"# Medicaid covers 69% of births in Louisiana. Tell @ BillCassidy & @ SenJohnKennedy that # BCRA # Trumpcare endangers LA families # SaveMedicaidpic.twitter.com/nry1gji0sZ";;@ @;# # # #;"886236920031924224";https://twitter.com/NHeLP_org/status/886236920031924224
MIMI1811LA;2017-07-15 10:42;0;0;"@ SenJohnKennedy pls vote NO on obamacare lite. Repeal the current law then start over";;@;;"886234517027135489";https://twitter.com/MIMI1811LA/status/886234517027135489
eileen_granfors;2017-07-15 09:15;0;1;"How many Missourians will qualify for these experimental programs under # Trumpcare? Vote no. Come up with a real medical plan for everyone.";;;#;"886212648525733888";https://twitter.com/eileen_granfors/status/886212648525733888
jeanne4210;2017-07-15 09:13;0;0;"Protect your own! Vote NO on healthcare bill. http://www.npr.org/sections/health-shots/2017/07/13/537037194/whos-in-whos-left-out-with-the-latest-senate-health-care-bill …";;;;"886212180827398144";https://twitter.com/jeanne4210/status/886212180827398144
Linda0628;2017-07-15 09:06;0;0;". @ BillCassidy @ SenJohnKennedy Please vote no on Trumpcare. Improve and fund the ACA. https://twitter.com/aslavitt/status/886061853968920576 …";;@ @;;"886210380233617410";https://twitter.com/Linda0628/status/886210380233617410
fiftyseven58mph;2017-07-15 08:44;0;0;"@ theadvocateno @ Senjohnkennedy, wwjd, wwjd, wwjd. You should do the same. Do not vote yes on trumpcare!";;@ @;;"886204762533842944";https://twitter.com/fiftyseven58mph/status/886204762533842944
ricopie;2017-07-15 08:31;0;0;"The question is, will @ BillCassidy and @ SenJohnKennedy go down in history as stripping # Healthcare from millions for their own gain.https://twitter.com/upshotnyt/status/886193862548520960 …";;@ @;#;"886201556919517185";https://twitter.com/ricopie/status/886201556919517185
sugarkrisp;2017-07-14 23:45;0;1;"@ BillCassidy @ SenJohnKennedy @ SenateGOP @ SenateMajLdr Why is such coverage okay for you and your families but not me? Vote NO. #Trumpcarehttps://twitter.com/repjoekennedy/status/885580582473912320 …";;@ @ @ @;#Trumpcarehttps;"886069093924831232";https://twitter.com/sugarkrisp/status/886069093924831232
Nolanelle;2017-07-14 23:04;0;0;"@ SenJohnKennedy @ SenMikeLee @ SenSasse @ SenatorTimScott @ RandPaul @ SenTedCruz &VOTE NO Ocare"Tax"&FREEmktprem&Pre-!https://twitter.com/nolanelle/status/886048268270141440 ….";;@ @ @ @ @ @;;"886058843163250689";https://twitter.com/Nolanelle/status/886058843163250689
AmazeCc;2017-07-14 22:14;2;4;"@ BillCassidy @ SenJohnKennedy BCBS CEO says millions will lose private insurance through # wealthcare bill. Can we count on you to # voteno?";;@ @;# #;"886046190684557313";https://twitter.com/AmazeCc/status/886046190684557313
AmazeCc;2017-07-14 22:11;0;1;"@ BillCassidy @ SenJohnKennedy # deathcare bill allows for u & urs to have mental health, maternity & rx coverage but not me # hypocrisy # voteno";;@ @;# # #;"886045404910977024";https://twitter.com/AmazeCc/status/886045404910977024
AmazeCc;2017-07-14 18:26;0;0;"@ SenJohnKennedy In Louisiana. Come talk to us. Tell us how u will be protected by ACA but we won't. Tell us how ur healthcare matters more";;@;;"885988891123212288";https://twitter.com/AmazeCc/status/885988891123212288
AmazeCc;2017-07-14 18:25;0;0;"@ SenJohnKennedy In Louisiana &no townhall?A tele townhall-useless-when u are in state.Too afraid to face us& say I'm stealing healthcare?";;@;;"885988580132343808";https://twitter.com/AmazeCc/status/885988580132343808
gregmc99;2017-07-14 17:06;0;0;"@ SenJohnKennedy I don't trust any plan from the Senate, leadership has failed. Confine the vote to repeal Obamacare in its entirety.";;@;;"885968857566990340";https://twitter.com/gregmc99/status/885968857566990340
TreeceClewell;2017-07-14 16:56;0;2;"You can't care about sick people and support Trumpcare, Roy. Enough theater. Do your job.";;;;"885966296218841088";https://twitter.com/TreeceClewell/status/885966296218841088
JSeggs;2017-07-14 16:49;0;0;"Your opinion on anything healthcare related is as worthless as the bill you, the @ GOP and the turtle are trying to shove down our throats";;@;;"885964369716293632";https://twitter.com/JSeggs/status/885964369716293632
JanetMoses17;2017-07-14 16:24;1;1;"Or the brain scans won't be covered because they're essential health care benefits. But Congress will still be covered for them!";;;;"885958306623180801";https://twitter.com/JanetMoses17/status/885958306623180801
onebrncowco;2017-07-14 16:11;0;0;"Here's Roy's effort... BTW he demanded thr (politicians)healthcare ins stayed the same as it is under Obamacare:https://twitter.com/RepSwalwell/status/885575366781407234 …";;;;"885954962764779521";https://twitter.com/onebrncowco/status/885954962764779521
Tiny1963;2017-07-14 16:05;0;0;"$15,000 IV of IGG once a month to keep upright. He is sick all the time. He will DIE if you sign this GOP health care bill. I wanted you...";;;;"885953406904303616";https://twitter.com/Tiny1963/status/885953406904303616
sugarmagnolia37;2017-07-14 16:02;0;4;"AMA opposes Swampcare 3.0pic.twitter.com/hGk4BS9HfG";;;;"885952761342439425";https://twitter.com/sugarmagnolia37/status/885952761342439425
Tiny1963;2017-07-14 16:00;0;0;"Yes, it's a awful disease, however your republican healthcare bill won't cover it will it if someone is diagnosed with it. Can't afford!";;;;"885952248978616320";https://twitter.com/Tiny1963/status/885952248978616320
LongstrethMary;2017-07-14 15:59;0;6;"You keep tweeting about medical research but not about Medicaid expansion so people can receive basic care. Both are needed.";;;;"885951878823120896";https://twitter.com/LongstrethMary/status/885951878823120896
jconradpjjf;2017-07-14 15:49;0;10;"Wish you had spent some time today worrying about access to healthcare for ALL Missourians!";;;;"885949320985538560";https://twitter.com/jconradpjjf/status/885949320985538560
Dasrht;2017-07-14 15:43;0;5;"Because they won't remember you're taking away healthcare?";;;;"885947912840204289";https://twitter.com/Dasrht/status/885947912840204289
LizzeMarie;2017-07-14 15:43;1;11;"What if # Alzheimers patients are too young for Medicare but can't work due to their diagnosis? Will you expand Medicaid in MO to help them?";;;#;"885947849019715584";https://twitter.com/LizzeMarie/status/885947849019715584
anne_bishton;2017-07-14 15:33;0;0;"No, he is histrionic. And wrong. New Orleans has terrible violent crime but @ SenJohnKennedy slants the truth. As he does about health care. https://twitter.com/nolanews/status/885943285759561728 …";;@;;"885945290150342656";https://twitter.com/anne_bishton/status/885945290150342656
Junebug082;2017-07-14 15:26;1;4;"Why is Congress excluded from Trumpcare? I know why. Because it's cruel and heartless, and Congress wants no part in it. Include yourselves!";;;;"885943557131055104";https://twitter.com/Junebug082/status/885943557131055104
dethroned69;2017-07-14 13:18;0;1;"Great news. Now let's get that healthcare reform passed!";;;;"885911308859834369";https://twitter.com/dethroned69/status/885911308859834369
henryandhuck;2017-07-14 13:11;1;1;"please deliver good news for economy of La via your NO vote on Senate healthcare # jobs";;;#;"885909731323383811";https://twitter.com/henryandhuck/status/885909731323383811
DrJoeBentivegna;2017-07-14 13:02;0;0;"@SenRandPaul @ Team_Rand @ BillCassidy @ SenJohnKennedy @ JohnKennedyLA # HealthcareBillhttps://www.youtube.com/watch?v=QQTX0DWonbE&t=16s …";;@SenRandPaul @ @ @ @;#;"885907474196439040";https://twitter.com/DrJoeBentivegna/status/885907474196439040
Cyn926;2017-07-14 12:46;0;0;"@ SenJohnKennedy please repeal and replace the Obamacare plan. Try to "herd the Tigers" Tweak later! Your constituent.";;@;;"885903232018636803";https://twitter.com/Cyn926/status/885903232018636803
Paigek1016;2017-07-14 10:40;1;1;"@ BillCassidy @ SenJohnKennedy please stand up for the children of # louisiana and vote # noBRCA # putkidsfirst https://www.bestofneworleans.com/thelatest/archives/2017/07/13/at-new-orleans-east-town-hall-panelists-defend-medicaid-expansion-oppose-senate-health-care-bill?media=AMP+HTML …";;@ @;# # #;"885871617238331392";https://twitter.com/Paigek1016/status/885871617238331392
kurtis17m;2017-07-14 10:35;0;0;". @ SenJohnKennedy Obamacare 2.0 isn't the promise! # FullRepeal is! # PJNET pic.twitter.com/RG5oBMrkvC # swampcreatures love # Rinocare";;@;# # # #;"885870264721866752";https://twitter.com/kurtis17m/status/885870264721866752
FundacionEfrain;2017-07-14 09:45;0;0;"Work 2gether on # HealthcareBill 4 US @ SenJohnBarrasso @ SenShelby @ senjohnkennedy @ JohnKennedyLA @ SenThadCochran @ RogerWicker @ SenatorWicker";;@ @ @ @ @ @ @;#;"885857743097257985";https://twitter.com/FundacionEfrain/status/885857743097257985
Indivisible337;2017-07-14 09:11;0;0;"Says the "man" who will be going from his Congressional plan to Medicare--hopefully very soon.";;;;"885849194128343041";https://twitter.com/Indivisible337/status/885849194128343041
Indivisible337;2017-07-14 09:07;0;0;"US @ SenJohnKennedy glad Senate delayed recess to work on healthcare bill http://www.louisianaradionetwork.com/default.asp?pid=522249&tblog=62624#.WWjBlDH5Ddg.twitter …";;@;#;"885848139579699200";https://twitter.com/Indivisible337/status/885848139579699200
sugarkrisp;2017-07-14 00:57;0;0;"@ SenJohnKennedy Every part of the Senate healthcare bill hurts people. Please VOTE NO.";;@;;"885725032399360004";https://twitter.com/sugarkrisp/status/885725032399360004
LauraLangdon8;2017-07-13 23:56;0;0;"@ BillCassidy @ SenJohnKennedy I'm a 62 unemployed paralegal in LA. I won't get a job with Trumpcare because emps won't pay prems that high!";;@ @;;"885709603853422593";https://twitter.com/LauraLangdon8/status/885709603853422593
AmazeCc;2017-07-13 22:47;0;0;"@ BillCassidy @ SenJohnKennedy A yes vote reminds us you don't care abt Louisiana; you care abt yourselves, GOP$ and favor w/ McConnel # votenohttps://twitter.com/sarahkliff/status/885591807404507137 …";;@ @;#;"885692159478951937";https://twitter.com/AmazeCc/status/885692159478951937
coolmikeLLC;2017-07-13 22:21;4;1;"Where the f*** are our public hearings on # Trumpcare?! Cowards!! Cc @ BillCassidy @ SenJohnKennedy @ realDonaldTrump # Fraud # TrumpcareKills # La";;@ @ @;# # # #;"885685750133555202";https://twitter.com/coolmikeLLC/status/885685750133555202
coolmikeLLC;2017-07-13 22:20;0;0;"Donald Trump is BY FAR the worst POTUS of all time! # TrumpcareKills cc @ BillCassidy @ SenJohnKennedy # Louisiana # La # SaveOurCare # LoserDonald";;@ @;# # # # #;"885685434214428672";https://twitter.com/coolmikeLLC/status/885685434214428672
AmazeCc;2017-07-13 22:13;0;1;"@ BillCassidy @ SenJohnKennedy WHY ARE YOU, YOUR FAMILY & STAFF EXEMPT FROM # WEALTHCARE? Because u know it's bad # deathcare # DrinkUrOwnKoolaid";;@ @;# # #;"885683760569741316";https://twitter.com/AmazeCc/status/885683760569741316
midge219;2017-07-13 21:30;0;0;"@ SenJohnKennedy https://www.americamagazine.org/politics-society/2017/07/10/senators-did-you-come-washington-take-health-care-sick-and-food-hungry …";;@;;"885672762504757248";https://twitter.com/midge219/status/885672762504757248
GeneDouglas7;2017-07-13 20:10;0;0;"@ SenThadCochran @ SenJohnKennedy @ SenThomTillis @ SenTomCotton @ GOPChairwoman @ VP @ SenJohnMcCain uwant 20Mor60Million MadRepeal O'care NOWhttps://twitter.com/genedouglas7/status/885650844045238272 …";;@ @ @ @ @ @ @;;"885652771730542592";https://twitter.com/GeneDouglas7/status/885652771730542592
Andersuitt;2017-07-13 20:10;0;1;". @ BillCassidy and @ SenJohnKennedy You should probably read this thread. Vote NO on # Trumpcare. Bipartisan experts can come up with better.https://twitter.com/ddiamond/status/885610605574586372 …";;@ @;#;"885652720245514242";https://twitter.com/Andersuitt/status/885652720245514242
coolmikeLLC;2017-07-13 20:00;0;0;"# TrumpcareKills Totally unacceptable! Cc @ BillCassidy @ SenJohnKennedy # SaveOurCare # Louisiana # La # MedicaidMattershttps://twitter.com/SenSanders/status/885522031613235201 …";;@ @;# # # # #;"885650138127007744";https://twitter.com/coolmikeLLC/status/885650138127007744
coolmikeLLC;2017-07-13 19:58;0;1;"The GOP changes in # Trumpcare aren't anywhere close to being good enough. This bill will kill THOUSANDS. CC @ BillCassidy @ SenJohnKennedy https://twitter.com/SenWarren/status/885617340007710722 …";;@ @;#;"885649776661983232";https://twitter.com/coolmikeLLC/status/885649776661983232
AmazeCc;2017-07-13 19:26;0;1;"@ BillCassidy @ SenJohnKennedy New wealthcare bill exempts congress. There is the clue-it not best for the people but it is self- serving";;@ @;;"885641732292886529";https://twitter.com/AmazeCc/status/885641732292886529
GeneDouglas7;2017-07-13 19:05;0;0;"@ SenTomCotton @ SenJohnKennedy @ SenThomTillis @ SenatorWicker @ SenateMajLdr @ POTUS RepealO'care-let ppl buy own policy n states-no entitlement";;@ @ @ @ @ @;;"885636310379220994";https://twitter.com/GeneDouglas7/status/885636310379220994
scjr14312;2017-07-13 18:42;1;0;". @ SenJohnKennedy If you're an older American 50-64, might as well file for bankruptcy under Trumpcare. This bill slams Seniors w/ an AGE TAX https://twitter.com/topherspiro/status/885537894064062465 …";;@;;"885630466900066305";https://twitter.com/scjr14312/status/885630466900066305
NickAlbares;2017-07-13 18:13;10;15;". @ MyLAAAP, Together Louisiana, @ AARPLouisiana & @ LABudgetProject asked @ BillCassidy & @ SenJohnKennedy for h-care commitments. # lalege /1pic.twitter.com/86mnGJQxQ4";;@ @ @ @ @;#;"885623157251616777";https://twitter.com/NickAlbares/status/885623157251616777
LaDemos;2017-07-13 17:22;15;22;"Thought you wanted to delay the August recess to work on healthcare and other urgent matters? @ SenJohnKennedy pic.twitter.com/rOkEKt7Uzr";;@;;"885610353501011968";https://twitter.com/LaDemos/status/885610353501011968
MelindaDeslatte;2017-07-13 16:29;9;2;"Representatives for @ BillCassidy and @ SenJohnKennedy say the senators are reviewing new draft of # healthcare bill. No decisions yet. # lalege";;@ @;# #;"885597139803439104";https://twitter.com/MelindaDeslatte/status/885597139803439104
ArdoinFaye;2017-07-13 16:10;0;0;"Don't deserve vac. we suffer. Anything w/obama name is not acceptable. No obama care. We put u n office we will not support U if U, lie.";;;;"885592336658382848";https://twitter.com/ArdoinFaye/status/885592336658382848
tierneybrinkman;2017-07-13 14:10;0;0;"@ SenJohnKennedy @ CBSNews @ NOLAnews 7mths pregnant, pre-existing condition of lump in breast, hard worker w/o benefits, no 2 # HealthcareBill";;@ @ @;#;"885562156909043712";https://twitter.com/tierneybrinkman/status/885562156909043712
coolmikeLLC;2017-07-13 12:52;0;0;"This would be funny as hell if it wasn't so damn serious. # TrumpcareKills cc @ BillCassidy @ SenJohnKennedy # Louisiana # ProtectOurCarehttps://twitter.com/SenateMajLdr/status/885202950200676352 …";;@ @;# # #;"885542356187062277";https://twitter.com/coolmikeLLC/status/885542356187062277
dberrygannett;2017-07-13 12:44;1;0;"Kennedy urged Republicans to bring health care bill to the floor http://www.theadvertiser.com/story/news/2017/07/13/kennedy-urged-republicans-bring-health-care-bill-floor/475645001/ … via @ theadvertiser, @ senjohnkennedy, # lasen";;@ @;#;"885540466082631680";https://twitter.com/dberrygannett/status/885540466082631680
coolmikeLLC;2017-07-13 12:44;0;0;"More government investment into community schools, healthcare, infrastructure? Or just blaming the minority community again? Absolutely sad.";;;;"885540378442682372";https://twitter.com/coolmikeLLC/status/885540378442682372
elizabethcrisp;2017-07-13 12:30;1;1;". @ SenJohnKennedy & @ BillCassidy on new Senate health care proposal: Both happy LA issue resolved but not saying entirely support. # lasenpic.twitter.com/d3MXssCA3C";;@ @;#;"885537020193460227";https://twitter.com/elizabethcrisp/status/885537020193460227
2p2ne5;2017-07-13 11:55;0;0;". @ BillCassidy @ SenJohnKennedy repeal as much of Obamacare as you can in the Senate bill. Don’t give up on repeal. # NoObamcareBailoutpic.twitter.com/wqwAjNfzGg";;@ @;#;"885528016025247744";https://twitter.com/2p2ne5/status/885528016025247744
NickAlbares;2017-07-13 11:33;10;5;"Bad news for Louisiana. More than 1.4 million Louisianans receive care through Medicaid. # lalege # lagov cc: @ BillCassidy @ SenJohnKennedy https://twitter.com/dylanlscott/status/885521729682116609 …";;@ @;# #;"885522456726974464";https://twitter.com/NickAlbares/status/885522456726974464
2p2ne5;2017-07-13 11:30;0;0;"@ SenJohnKennedy a bailout would undermine honest efforts that let states get out of Obamacare’s regulations. We want # NoObamcareBailoutpic.twitter.com/vL5blNBVgT";;@;#;"885521749567320064";https://twitter.com/2p2ne5/status/885521749567320064
LyndaWoolard;2017-07-13 10:32;0;3;"New Orleanians want you to do the job of saving our health care and voting against the horrible TrumpCare bills! How do you plan to vote?";;;;"885507327998267396";https://twitter.com/LyndaWoolard/status/885507327998267396
Indivisible337;2017-07-13 09:13;0;0;""When asked if he’d be willing to work w Democrats if the GOP health care bill goes down in flames, @ SenJohnKennedy (R-LA) told reporters:"";;@;;"885487392496472064";https://twitter.com/Indivisible337/status/885487392496472064
AbeMartin7;2017-07-13 08:20;0;1;"# singalpayer # govermentranhealthcare # cruelhopelessness # charliegard # fullrepeal # unitedforfreedomhttp://theresurgent.com/the-cruel-hopelessness-of-single-payer/ …";;;# # # # # #;"885474038973431808";https://twitter.com/AbeMartin7/status/885474038973431808
undonefun;2017-07-13 08:02;0;0;"@ SenJohnKennedy Please listen to @ RandPaul & REPEAL ACA AS promised! Deal with Medicaid & Medicare in separate bill! I'm a constituent!";;@ @;;"885469420491071488";https://twitter.com/undonefun/status/885469420491071488
AARPLouisiana;2017-07-13 08:00;8;9;"19% of # Louisianans will transition into # Medicare over the next 15 yrs. Senator @ BillCassidy & @ SenJohnKennedy please # VoteNo.pic.twitter.com/xOP6lHlPlk";;@ @;# # #;"885468953438539777";https://twitter.com/AARPLouisiana/status/885468953438539777
swconstable;2017-07-13 07:54;0;0;"@ SenJohnKennedy repeal Obama care";;@;;"885467390506565632";https://twitter.com/swconstable/status/885467390506565632
Michael_Liuzza;2017-07-13 02:15;0;0;"We must be careful how we represent our home. We have some heavy issues that deserve higher priority, stop fighting, work together.";;;;"885382221707841536";https://twitter.com/Michael_Liuzza/status/885382221707841536
JoshKleinpeter;2017-07-13 01:38;0;0;"Fuck "stop and frisk." We need a more equal New Orleans, one that cares as much about its people as it does its visitors";;;;"885372795051548672";https://twitter.com/JoshKleinpeter/status/885372795051548672
PolicyRNAbby;2017-07-13 01:08;0;0;"Not the problem, it's the solution. Cut off special interest $$, vote4 # FullRepeal @ FreeMarketMed # UnitedforFreedomhttp://thehill.com/blogs/pundits-blog/healthcare/340850-please-dont-blame-the-free-market-for-healthcare-failure#.WWbkJm3wcrt.twitter …";;@;# # #;"885365411201638400";https://twitter.com/PolicyRNAbby/status/885365411201638400
shannonholman;2017-07-12 22:52;0;2;"I used to live in NYC. Stop and frisk was ineffective and damaging. Stop sniping at our mayor and do your own job. Vote no to Trumpcare.";;;;"885331059952558084";https://twitter.com/shannonholman/status/885331059952558084
TrashTheCorrupt;2017-07-12 21:32;0;1;"On Friday it will be one 31 day month of @ Kinmapper- # GAGGING # Twitter's evil version of "temporily" You in # USA do not care until it done2Upic.twitter.com/Y0FkEMKow5";;@;# # #;"885311014329344000";https://twitter.com/TrashTheCorrupt/status/885311014329344000
AmazeCc;2017-07-12 21:15;0;1;"@ BillCassidy @ SenJohnKennedy Neither have the bravado to admit they will vote yes to whatever bill GOP puts out. Neither care abt LA people https://twitter.com/kamalaharris/status/885188260871507968 …";;@ @;;"885306536314228737";https://twitter.com/AmazeCc/status/885306536314228737
AmazeCc;2017-07-12 19:16;4;2;"@ SenJohnKennedy These senators claim Christianity but want to make healthcare for sick, poor, and older people difficult. Christian values?";;@;;"885276731699073025";https://twitter.com/AmazeCc/status/885276731699073025
rey_lowe;2017-07-12 17:52;0;0;"Any time speech should be free, USA allows Act the fool anytime you want, but be careful the state might determine you crazy! # Dobbspic.twitter.com/rEfEG1Kdgn";;;#;"885255636593856512";https://twitter.com/rey_lowe/status/885255636593856512
Java_penguin;2017-07-12 16:53;0;1;"We want Obamacare fully repealed.";;;;"885240803035164673";https://twitter.com/Java_penguin/status/885240803035164673
GDubya07;2017-07-12 15:04;2;4;"@ SenJohnKennedy I live in 7th ward & deal w crime often. The crime that keeps me up at night is your wealthcare bill that threatens my life";;@;;"885213232000098305";https://twitter.com/GDubya07/status/885213232000098305
aliberk65;2017-07-12 14:49;0;1;"Throw out this horrific bill & work w the Democrats to fix Obamacare. Listen to the people, insurance industry, AMA, CBC score, It is vile.";;;;"885209430039691265";https://twitter.com/aliberk65/status/885209430039691265
NativeNolaGal;2017-07-12 14:48;0;0;"@ SenJohnKennedy I tried calling your office but could not get through. Vote NO on the Senate trumpcare plan!";;@;;"885209240318726149";https://twitter.com/NativeNolaGal/status/885209240318726149
LAPolitico;2017-07-12 14:31;0;5;"John, you haven't had enough time in a month to read the new Senate health care bill but you have enough time to write this??! What gives?";;;;"885205061672079363";https://twitter.com/LAPolitico/status/885205061672079363
SharonWW2;2017-07-12 14:30;0;0;"Dirty Harry was fictional and didn't care about individual rights.";;;;"885204742334533632";https://twitter.com/SharonWW2/status/885204742334533632
SnowLover814;2017-07-12 13:42;0;2;"# FullRepeal keep the government out of my healthcare! # FreeMarket # UnitedForFreedom";;;# # #;"885192686617145344";https://twitter.com/SnowLover814/status/885192686617145344
coolmikeLLC;2017-07-12 13:28;0;1;"You need to stop talking to that entitled prick Varney on Fox News & start talking to # Louisiana about Healthcare. Hold your town hall NOW!!";;;#;"885189102504693761";https://twitter.com/coolmikeLLC/status/885189102504693761
LyndaWoolard;2017-07-12 12:44;6;6;". @ SenJohnKennedy, Louisiana deserves to know what your position on the health care bills are. Please meet with your public. # BCRA # AHCA";;@;# #;"885178141077057538";https://twitter.com/LyndaWoolard/status/885178141077057538
JaneVoter2018;2017-07-12 11:51;0;0;"@ SenCassidy @ SenJohnKennedy Obamacare is not failing: https://www.facebook.com/groups/346490762371105/permalink/483172408702939/ …";;@ @;;"885164678086873088";https://twitter.com/JaneVoter2018/status/885164678086873088
R_Love317;2017-07-12 11:45;0;0;"What healthcare? We weren't promised a GOP authored repeat of Obamacare.";;;;"885163315940536321";https://twitter.com/R_Love317/status/885163315940536321
RepPaulHollis;2017-07-12 11:39;1;2;"Sen. John Kennedy says it's time to vote on health care. @ SenJohnKennedy http://www.wbrz.com/news/kennedy-says-it-s-time-to-vote-on-health-care …";;@;;"885161721802915841";https://twitter.com/RepPaulHollis/status/885161721802915841
RozlynnDowner;2017-07-12 11:12;1;2;"# REPEALOBAMACARE completely as PROMISED! NO trumpcare! # UnitedforFreedom!";;;# #;"885154985767559169";https://twitter.com/RozlynnDowner/status/885154985767559169
WestmorelandDJ;2017-07-12 11:01;0;0;"@ SenJohnKennedy Don't want healthcare a "little bit better". REPEAL AND REPLACE!!";;@;;"885152194948935680";https://twitter.com/WestmorelandDJ/status/885152194948935680
Indivisible337;2017-07-12 10:13;0;0;""This just shows that he'd rather HIDE IN WASHINGTON than FACE HIS CONSTITUENTS who overwhelmingly oppose sen hlth care bill," Cornelius sd.";;;;"885140120487288832";https://twitter.com/Indivisible337/status/885140120487288832
Indivisible337;2017-07-12 10:03;0;0;""I reviewed his letter very carefully. I understand his concerns. The LEGITIMATE ONES we're going to try to fix," Kennedy said.";;;;"885137530068357120";https://twitter.com/Indivisible337/status/885137530068357120
Indivisible337;2017-07-12 10:00;0;2;""...to oppose the draft of the Senate health bill that was released, saying it would devastate Louisiana's health care system."";;;;"885136715744251904";https://twitter.com/Indivisible337/status/885136715744251904
Indivisible337;2017-07-12 09:51;1;0;"HEALTHCARE Louisiana @ SenJohnKennedy Says It's Time to Vote on Health Care https://www.usnews.com/news/best-states/louisiana/articles/2017-07-11/louisiana-sen-kennedy-says-its-time-to-vote-on-health-care?src=usn_tw …";;@;;"885134492771524610";https://twitter.com/Indivisible337/status/885134492771524610
ZanderFromNola;2017-07-12 08:56;0;0;"Fully repeal Obamacare!";;;;"885120612875862017";https://twitter.com/ZanderFromNola/status/885120612875862017
ZanderFromNola;2017-07-12 08:54;0;1;"Fully repeal Obamacare or don't come home!";;;;"885120288433811457";https://twitter.com/ZanderFromNola/status/885120288433811457
gnichols8;2017-07-12 08:44;0;0;"@ SenJohnKennedy has time for op-eds advocating racist policing, but none for town halls re: ripping healthcare away from his constituents. https://twitter.com/nolanews/status/885104951827017728 …";;@;;"885117786187583488";https://twitter.com/gnichols8/status/885117786187583488
talk1073;2017-07-12 07:52;4;1;"Coming up @ talk1073 # AMBR 7:15 @ SenJohnKennedy # Obamacare 7:38 @ RepGarretGraves 8:15 # SoundOff 499-1073pic.twitter.com/3GWaF28Yyb";;@ @ @;# # #;"885104464172113922";https://twitter.com/talk1073/status/885104464172113922
KonaBean5;2017-07-11 23:52;0;0;"The GOP is concerned w/tax beaks for their very rich benefactors. If people have to suffer & die in the process, who cares, right Senator?";;;;"884983728526721024";https://twitter.com/KonaBean5/status/884983728526721024
coolmikeLLC;2017-07-11 21:44;0;2;"https://youtu.be/8zUWrlU2wZA  Bernie Sanders says # TrumpcareKills cc @ BillCassidy @ SenJohnKennedy # NoTrumpCare # Healthcare # Louisiana # SaveOurCare";;@ @;# # # # #;"884951565278302209";https://twitter.com/coolmikeLLC/status/884951565278302209
TerryCeleste;2017-07-11 21:33;0;0;"# BCRA moves Medicaid backward, @ SenJohnKennedy. Congress should pursue common sense changes to improve patient care. # ValueCHCs";;@;# #;"884948772958154752";https://twitter.com/TerryCeleste/status/884948772958154752
rey_lowe;2017-07-11 20:56;0;0;"Now your repeating self! It's ok # Obama # Clinton # Bush I think drove most out of their minds! Need help @ realDonaldTrump cares 4U # Tuckerpic.twitter.com/etIX1xRaPA";;@;# # # #;"884939490346905600";https://twitter.com/rey_lowe/status/884939490346905600
AmazeCc;2017-07-11 20:44;0;0;"@ SenJohnKennedy @ BillCassidy Wealthcare, the tax cut stealing our healthcare, is now back on with pre-existing conditions. No deals. # VOTENO";;@ @;#;"884936528266485760";https://twitter.com/AmazeCc/status/884936528266485760
Dyobyllek;2017-07-11 19:28;0;0;"@ SenJohnKennedy Constituent from Slidell here. Any # BCRA version that causes people to lose healthcare is unacceptable. Please vote no.";;@;#;"884917444447358976";https://twitter.com/Dyobyllek/status/884917444447358976
NickAlbares;2017-07-11 18:07;1;2;"Listen to a Lake Charles sheriff's deputy & teacher's message to @ BillCassidy @ SenJohnKennedy on h-care https://www.facebook.com/LouisianaBudgetProject/videos/10154699207729212/?hc_ref=NEWSFEED … @ ASlavittpic.twitter.com/zZvij3AH4p";;@ @ @;;"884896846774251521";https://twitter.com/NickAlbares/status/884896846774251521
coolmikeLLC;2017-07-11 17:58;0;0;"Y'all need to cancel that atrocity you call a healthcare plan! # TrumpcareKills";;;#;"884894760397410305";https://twitter.com/coolmikeLLC/status/884894760397410305
MelindaDeslatte;2017-07-11 17:25;0;0;". @ SenJohnKennedy says chance of # healthcare bill passing next week is 50/50. But thinks vote should be scheduled even if outcome uncertain.";;@;#;"884886413254250496";https://twitter.com/MelindaDeslatte/status/884886413254250496
MelindaDeslatte;2017-07-11 17:21;1;0;". @ SenJohnKennedy says can't yet say how he'll vote on # healthcare bill until new draft released, studied. "But it's time for us to vote."";;@;#;"884885488456396800";https://twitter.com/MelindaDeslatte/status/884885488456396800
realstyleratl;2017-07-11 17:20;0;4;"You should spend August working for your constituents in Georgia. Let's have a town hall about healthcare!";;;;"884885062386372608";https://twitter.com/realstyleratl/status/884885062386372608
LauranLafayette;2017-07-11 16:20;0;0;"Old people like getting Medicare. Isn't it a government program? Best cost control medical program in this country. We are #16 in world.";;;#16;"884869935503114241";https://twitter.com/LauranLafayette/status/884869935503114241
lawandordah;2017-07-11 16:02;0;3;"We care about our health, not about you making good on your deals with pharmaceutical and insurance companies";;;;"884865412680355844";https://twitter.com/lawandordah/status/884865412680355844
LAPolitico;2017-07-11 15:42;0;3;"What is your position on the new Senate healthcare bill? Can you give us any details on your thought process please? # lasen";;;#;"884860587498512388";https://twitter.com/LAPolitico/status/884860587498512388
toastycarebear;2017-07-11 14:50;0;0;"It's time to demand statements from the trump supporting congressmen. We know where the majority of the dems stand. Make the Repubs speak";;;;"884847255580278784";https://twitter.com/toastycarebear/status/884847255580278784
JenWoodruff79;2017-07-11 14:47;0;1;"Yea, she was repeating the liberal talking point about all white men in the Senate writing the healthcare bill.";;;;"884846512387366912";https://twitter.com/JenWoodruff79/status/884846512387366912
kimkress83;2017-07-11 14:30;0;0;"yourselves look like you care when it suits you";;;;"884842222524534784";https://twitter.com/kimkress83/status/884842222524534784
kimkress83;2017-07-11 14:29;0;0;"why do u care. Ur boss djt says he wants to maga by concentrating on America. U guys use any humanitarian effort 2 make";;;;"884842146871873538";https://twitter.com/kimkress83/status/884842146871873538
notahypocrite;2017-07-11 14:28;0;0;"Time 4 GOP 2 get act together. 8yrs 2 develop hcare plan& this is what we get? Stop jacking Americans who voted 4 GOP. Thx Sen. K";;;;"884841906282344449";https://twitter.com/notahypocrite/status/884841906282344449
FundacionEfrain;2017-07-11 14:24;0;0;"# HealthcareBill # CBO misprojection: 4get 2 mention largely due 2 Choice NOT 2 buy @ senjohnkennedy @ JohnKennedyLA @ RogerWicker @ SenatorWicker";;@ @ @ @;# #;"884840778866061312";https://twitter.com/FundacionEfrain/status/884840778866061312
jon_kinsley;2017-07-11 14:19;0;0;"@ SenJohnKennedy Nice seeing you on @ ANHQDC Thanks for your hard work on # RepealandReplace of Obamacare Have a great day..God bless!";;@ @;#;"884839595430608904";https://twitter.com/jon_kinsley/status/884839595430608904
Maddermartigan;2017-07-11 14:00;0;6;"We care about losing the ACA, Medicaid cuts, Medicare cuts, lifetime caps, pre-existing conditions, and tax cuts for the rich.";;;;"884834900473524224";https://twitter.com/Maddermartigan/status/884834900473524224
mjocman;2017-07-11 13:09;0;0;"Please rid us of this garbage obamacare";;;;"884821850718646275";https://twitter.com/mjocman/status/884821850718646275
dberrygannett;2017-07-11 12:57;1;0;"! @ SenJohnKennedy said he hopes the Senate votes on health care bill by next week: There comes a time when you have to fish or cut bait";;@;;"884818943776624640";https://twitter.com/dberrygannett/status/884818943776624640
fiftyseven58mph;2017-07-11 12:53;0;0;"@ SenJohnKennedy Thank goodness for Medicare! Teenager beat elderly couple with hammer inside Kenner home after they refused him a ride";;@;;"884818048699568129";https://twitter.com/fiftyseven58mph/status/884818048699568129
richardacarbo;2017-07-11 12:32;6;18;"Tweet from @ SenJohnKennedy on 6/22 @12:40: "I’ll be reading through the Sen health care bill this weekend.” Weed killer slowing him down? https://twitter.com/elizabethcrisp/status/884811924155899913 …";;@ @12;;"884812636076072960";https://twitter.com/richardacarbo/status/884812636076072960
elizabethcrisp;2017-07-11 12:29;1;0;". @ SenJohnKennedy noted he's still undecided on Senate health care bill."I don't know what's in the bill right now...I want to see it" # lasen";;@;#;"884811924155899913";https://twitter.com/elizabethcrisp/status/884811924155899913
KDooleyYoung;2017-07-11 12:22;0;0;". @ SenJohnKennedy says he expects # healthcarebill to reach the Senate floor next week. It's time to "fish or cut bait" on the bill, he says.";;@;#;"884810178713059328";https://twitter.com/KDooleyYoung/status/884810178713059328
NikkiSchwab;2017-07-11 12:21;0;0;". @ SenJohnKennedy says "we have a vote next week is my understanding" re: health care";;@;;"884809776642887682";https://twitter.com/NikkiSchwab/status/884809776642887682
merrilydunn;2017-07-11 12:18;1;11;"We do care about results. We also care about access to our elected officials. When are you having a town hall? GA voters want to talk abt hc";;;;"884809103851360256";https://twitter.com/merrilydunn/status/884809103851360256
richardacarbo;2017-07-11 12:18;9;11;"NOTE: @ SenJohnKennedy grandstanding about staying in DC, but still hasn’t said what his position is on health care bill. # lasenhttps://twitter.com/elizabethcrisp/status/884807166863052805 …";;@;#;"884809007894065152";https://twitter.com/richardacarbo/status/884809007894065152
Annie_Spell;2017-07-11 12:16;0;1;"Maybe he meant working hard to not meet with and to not represent his constituents? Maybe he meant working hard to take away healthcare?";;;;"884808591760338945";https://twitter.com/Annie_Spell/status/884808591760338945
LAPolitico;2017-07-11 12:13;0;1;"2. What's he done so far in nearly half-a-year in the Senate? Re: # Trumpcare he's posted a picture of himself reading the bill, NOTHING ELSE";;;#;"884807981702971392";https://twitter.com/LAPolitico/status/884807981702971392
sendavidperdue;2017-07-11 12:08;9;22;". @ SenJohnKennedy: The American people care about results.";;@;;"884806488086245376";https://twitter.com/sendavidperdue/status/884806488086245376
BDOH;2017-07-11 12:01;4;20;"2pm on . @ FoxNews w/ @ HARRISFAULKNER: @ mschlapp @ Richardafowler @ MarshaBlackburn @ SenJohnKennedy @ RodneyDavis # DonaldTrumpJr # healthcare";;@ @ @ @ @ @ @;# #;"884804829952036864";https://twitter.com/BDOH/status/884804829952036864
debragg13;2017-07-11 09:52;0;0;"Repeal # Obamacare STOP funding the Medicaid expansions!!!";;;#;"884772289576927232";https://twitter.com/debragg13/status/884772289576927232
ir8patriot;2017-07-11 09:50;0;1;"Cut fed spending. Cut taxes. Eliminate obamacare. Term limits. Eliminate govt surveillance. Dismantle IRS. Audit the fed.";;;;"884771842703204354";https://twitter.com/ir8patriot/status/884771842703204354
TimBrando;2017-07-11 09:04;1;8;"Good to see @ SenJohnKennedy leading the Senate to stop recess and get Healthcare done. No doubt about it, this is on them! Get it done now.";;@;;"884760322007080961";https://twitter.com/TimBrando/status/884760322007080961
VerdinRaetta;2017-07-11 08:53;0;0;"@ SenJohnKennedy Cruz-Lee amendment a commonsense, free-market fix to the Senate bill. It's time to fully repeal Obamacare completely!";;@;;"884757563937628162";https://twitter.com/VerdinRaetta/status/884757563937628162
ElardyLouis;2017-07-10 22:23;0;0;"I applaud you in your position on the current healthcare bill. Thank you for saying No";;;;"884599079392628736";https://twitter.com/ElardyLouis/status/884599079392628736
KimMukerjee;2017-07-10 21:56;3;7;"I can assure you pediatricians from @ AmerAcadPeds won't stop fighting until Victor and all kids get the care they deserve. We're with you!";;@;;"884592316182388736";https://twitter.com/KimMukerjee/status/884592316182388736
NickAlbares;2017-07-10 21:28;1;1;"@ BillCassidy @ SenJohnKennedy please urge your colleagues to # StartOverhttps://twitter.com/savemycare/status/884551582347661312 …";;@ @;#;"884585118827937792";https://twitter.com/NickAlbares/status/884585118827937792
AmazeCc;2017-07-10 19:44;0;2;"I've retweeted & will ask for support. But @ BillCassidy & @ SenJohnKennedy don't care abt people & vote against our best interest......so";;@ @;;"884558891861897220";https://twitter.com/AmazeCc/status/884558891861897220
AmazeCc;2017-07-10 19:39;4;5;"@ BillCassidy @ SenJohnKennedy Like the lie that Wealthcare empowers people? It's a blatant GOP lie. Bill, try another line. # votenohttps://twitter.com/jimgray7582/status/884554942081630208 …";;@ @;#;"884557809743953920";https://twitter.com/AmazeCc/status/884557809743953920
AmazeCc;2017-07-10 19:27;0;0;"I pay $8300yr for health ins. Wealthcare doubles that. U are pricing me out of any insurance. U consider tax cuts for .06% more important";;;;"884554580683608065";https://twitter.com/AmazeCc/status/884554580683608065
MKhan47;2017-07-10 17:42;1;0;". @ SenJohnKennedy says the healthcare bill is a moving target, expects movement in the next two weeks, still hasn't seen a revised bill";;@;;"884528215741665281";https://twitter.com/MKhan47/status/884528215741665281
sunbeltgirl;2017-07-10 15:13;0;0;". @ SenJohnKennedy Coverage isn't care! Keep fighting for # FullRepeal! # PJNETpic.twitter.com/zRI9i8B58c";;@;# #;"884490821810180096";https://twitter.com/sunbeltgirl/status/884490821810180096
Dwanesterrr;2017-07-10 14:03;0;0;"@ SenTomCotton @ JohnBoozman @ JeffFlake @ SenDanSullivan @ LisaMurkowski @ LutherStrange @ SenShelby # USA # MAGA # HealthcareBill";;@ @ @ @ @ @ @;# # #;"884473121884864512";https://twitter.com/Dwanesterrr/status/884473121884864512
LA_Resists;2017-07-10 11:00;0;0;"# TrumpCare takes healthcare from millions to give tax cuts to the 400 richest. VOTE NO @ billcassidy @ senjohnkennedy http://thndr.me/AuplUq";;@ @;#;"884427099662147586";https://twitter.com/LA_Resists/status/884427099662147586
LyndaWoolard;2017-07-10 11:00;0;1;"# TrumpCare takes healthcare from millions to give tax cuts to the 400 richest. VOTE NO @ billcassidy @ senjohnkennedy http://thndr.me/AuplUq";;@ @;#;"884427097539825665";https://twitter.com/LyndaWoolard/status/884427097539825665
teambluedat;2017-07-10 11:00;1;1;"# TrumpCare takes healthcare from millions to give tax cuts to the 400 richest. VOTE NO @ billcassidy @ senjohnkennedy http://thndr.me/AuplUq";;@ @;#;"884427095400755204";https://twitter.com/teambluedat/status/884427095400755204
LouisianaLefty;2017-07-10 11:00;0;0;"# TrumpCare takes healthcare from millions to give tax cuts to the 400 richest. VOTE NO @ billcassidy @ senjohnkennedy http://thndr.me/AuplUq";;@ @;#;"884427091189649408";https://twitter.com/LouisianaLefty/status/884427091189649408
IWONewOrleans;2017-07-10 11:00;0;1;"# TrumpCare takes healthcare from millions to give tax cuts to the 400 richest. Vote NO @ senjohnkennedy @ billcassidy http://thndr.me/AuplUq";;@ @;#;"884427086999556096";https://twitter.com/IWONewOrleans/status/884427086999556096
Dwanesterrr;2017-07-10 02:31;0;0;"@ SenTomCotton @ JohnBoozman @ JeffFlake @ SenDanSullivan @ LisaMurkowski @ LutherStrange @ SenShelby # USA # MAGA # HealthcareBill @ NewtGingritch";;@ @ @ @ @ @ @ @;# # #;"884299038568230912";https://twitter.com/Dwanesterrr/status/884299038568230912
fiftyseven58mph;2017-07-09 23:08;0;0;"Cities have no soul. They are inanimate. You have a soul and you should be concerned if you vote to remove 22 million from healthcare......";;;;"884247910459871237";https://twitter.com/fiftyseven58mph/status/884247910459871237
coolmikeLLC;2017-07-09 13:31;0;0;"Healthcare is my top priority, and I see the @ GOP trying to steal our soul and I see you not talking to us about it. # Unacceptable";;@;#;"884102786211864576";https://twitter.com/coolmikeLLC/status/884102786211864576
gregmc99;2017-07-09 12:17;0;0;"@ SenJohnKennedy Under no circumstances is @ SenateMajLdr 's fix Obamacare an option. McConnell is a disgrace. I nominate you for Sen Maj Ldr!";;@ @;;"884084189687054336";https://twitter.com/gregmc99/status/884084189687054336
PaulaVarnado;2017-07-09 08:32;0;0;"@ SenJohnKennedy @ RepGarretGraves @ BillCassidy sirs, this statement scares me. Will our elections be protected?https://twitter.com/realdonaldtrump/status/884016887692234753 …";;@ @ @;;"884027543585787904";https://twitter.com/PaulaVarnado/status/884027543585787904
deNawlins;2017-07-09 04:33;0;0;"Okay, Tommy, and you're okay with @ sen.JohnKennedy trading healthcare & whatever for tax breaks to the wealthiest among us?";;@;;"883967323710869504";https://twitter.com/deNawlins/status/883967323710869504
AmazeCc;2017-07-09 00:37;0;0;"Absolutely. @ SenJohnKennedy cannot be trusted to do the right thing. He doesn't care abt the healthcare of his constituents.So many like him";;@;;"883907983671009280";https://twitter.com/AmazeCc/status/883907983671009280
emersonhbryant;2017-07-09 00:23;1;7;"Still call every day! It really does help. They tally calls daily to see who is in favor of repeal vs who is not. http://trumpcaretoolkit.org";;;;"883904516772339712";https://twitter.com/emersonhbryant/status/883904516772339712
AmazeCc;2017-07-09 00:16;3;4;"@ SenJohnKennedy & @ BillCassidy don't care abt best interests and/or healthcare of Louisiana citizens. They refuse to # takeastand to # voteno";;@ @;# #;"883902645123022852";https://twitter.com/AmazeCc/status/883902645123022852
BayouWizard;2017-07-08 20:39;0;0;"$50 Billion in Medicare/Medicaid fraud EVERY year is robbery of tax payers. # WePayEnoughTaxes";;;#;"883847945807966208";https://twitter.com/BayouWizard/status/883847945807966208
BayouWizard;2017-07-08 20:29;0;0;"Bill, if you live in New Orleans you will probably need a great health care plan. Make sure it covers gun shot wounds.";;;;"883845621337268224";https://twitter.com/BayouWizard/status/883845621337268224
afteriwasdead;2017-07-08 19:55;1;3;"Giving away healthcare for tax breaks for the wealthy is robbery!";;;;"883836876301496320";https://twitter.com/afteriwasdead/status/883836876301496320
TeamLewisGauff;2017-07-08 19:36;1;2;"and you certainly know a thing or two about soullessness # shameonyouforyourpositiononhealthcare";;;#;"883832176650985472";https://twitter.com/TeamLewisGauff/status/883832176650985472
KayDeeNOLA;2017-07-08 15:44;0;0;"@ BillCassidy @ SenJohnKennedy # Medicaid is more than just health care for PWDs. It is life, liberty & the pursuit of happiness # NoCapsNoCuts";;@ @;# #;"883773906544459778";https://twitter.com/KayDeeNOLA/status/883773906544459778
Bi9Daddy65;2017-07-08 14:26;0;0;"@ SenJohnKennedy It's simple, repeal, then replace Ocare! Write a new bill that u personally would like to have! O Wait you have that now!!!";;@;;"883754148276994048";https://twitter.com/Bi9Daddy65/status/883754148276994048
fiftyseven58mph;2017-07-08 12:05;0;0;"@ SenJohnKennedy WWJD WWJD WWJD WWJD WWJD WWJD WWJD WWJD WWJD???? How many in your family would be without hope and healthcare? WWJD?";;@;;"883718623336026112";https://twitter.com/fiftyseven58mph/status/883718623336026112
mallee52;2017-07-08 11:53;0;0;"@ SenJohnKennedy @ SenCassidy please repeal and replace Obamacare and cut taxes ASAP for the hardworking people of Louisiana! Back @ POTUS";;@ @ @;;"883715708412198913";https://twitter.com/mallee52/status/883715708412198913
coolmikeLLC;2017-07-07 12:44;1;3;"https://www.nytimes.com/2017/07/07/upshot/why-single-payer-health-care-saves-money.html … Why Single Payer Healthcare saves money, covers % cc @ SenJohnKennedy @ BillCassidy # Louisiana # SinglePayerNow # LaSen";;@ @;# # #;"883366223739801602";https://twitter.com/coolmikeLLC/status/883366223739801602
kurtis17m;2017-07-07 11:39;0;0;". @ SenJohnKennedy Obamacare 2.0 isn't the promise! # FullRepeal is! # PJNETpic.twitter.com/RG5oBMrkvC";;@;# #;"883349864385363969";https://twitter.com/kurtis17m/status/883349864385363969
Annie_Spell;2017-07-07 09:59;4;6;"AbFab. A festive party to honor @ SenJohnKennedy for giving his donors a tax break and taking away healthcare from sick children in Louisiana";;@;;"883324504403054593";https://twitter.com/Annie_Spell/status/883324504403054593
allicat1214;2017-07-06 22:19;3;3;"This will hurt LA's elderly & disabled. @ BillCassidy & @ SenJohnKennedy vote no on Trumpcare https://twitter.com/kaiserfamfound/status/883146301931749376 …";;@ @;;"883148415051464704";https://twitter.com/allicat1214/status/883148415051464704
AmazeCc;2017-07-06 21:23;0;0;"@ tedcruz amendment just makes health care cost more. Pay more for less services. # voteno @ BillCassidy @ SenJohnKennedy";;@ @ @;#;"883134417551716352";https://twitter.com/AmazeCc/status/883134417551716352
coolmikeLLC;2017-07-06 17:54;1;1;"Mr @ SenJohnKennedy You need to hold a town hall so we can voice our concerns about # Trumpcare You're on recess right now- there's no excuse.https://twitter.com/LAPolitico/status/883042077021536256 …";;@;#;"883081656319582213";https://twitter.com/coolmikeLLC/status/883081656319582213
LAPolitico;2017-07-06 15:16;10;8;". @ SenJohnKennedy TrumpCare Stats 0 Town Halls 0 Healthcare Q&A Sessions 0 Detailed Position Statements 0 Regard for LA citizens saved by ACA pic.twitter.com/OjQo5BjFmB";;@;;"883042077021536256";https://twitter.com/LAPolitico/status/883042077021536256
henryandhuck;2017-07-06 12:04;0;1;"Yes, still praying for him & his family. YOU can help my sister keep her healthcare by voting NO. La is absolutely counting on you.";;;;"882993608449814528";https://twitter.com/henryandhuck/status/882993608449814528
lanyaprecords;2017-07-06 11:57;6;5;"Hey LA. If you're calling Senators about healthcare bill, @ SenJohnKennedy doesn't want to hear from you, @ BillCassidy does. Just a heads up.";;@ @;;"882991940597415938";https://twitter.com/lanyaprecords/status/882991940597415938
AmazeCc;2017-07-06 10:03;0;0;"Real world: my iPhone costs does not pay for 1 month of my insurance premium. It doubles under trumpcare. You have no idea. # voteno";;;#;"882963293622722561";https://twitter.com/AmazeCc/status/882963293622722561
AmazeCc;2017-07-06 09:55;0;1;"# vote no. While u will continue to have protected healthcare paid by taxpayers-b/c I am full time self employed I will be priced out of care";;;#;"882961216091680769";https://twitter.com/AmazeCc/status/882961216091680769
AmazeCc;2017-07-06 09:53;0;0;"@ SenJohnKennedy @ BillCassidy # voteno This bill allows YOU to have protected healthcare. B/c I am ft self employed I'll be priced out of care";;@ @;#;"882960586635718656";https://twitter.com/AmazeCc/status/882960586635718656
henryandhuck;2017-07-06 09:00;0;1;"So Republicans are poised to gut access to mental healthcare for millions. @ BillCassidy @ SenJohnKennedy These people live in La, too. https://twitter.com/thedailybeast/status/882929154584457218 …";;@ @;;"882947429389225984";https://twitter.com/henryandhuck/status/882947429389225984
Linda0628;2017-07-05 23:55;3;2;". @ BillCassidy . @ SenJohnKennedy Please don't take healthcare away from anyone. Please vote no to # BCRA & fund & improve the ACA.https://twitter.com/kimmukerjee/status/882377453561315329 …";;@ @;#;"882810192886472704";https://twitter.com/Linda0628/status/882810192886472704
fiftyseven58mph;2017-07-05 20:55;0;1;"safety at all times is critical since congress cares not for health and safety of citizens. Go it alone, they say!";;;;"882764889533665280";https://twitter.com/fiftyseven58mph/status/882764889533665280
AmazeCc;2017-07-05 18:15;0;0;"@ SenJohnKennedy @ BillCassidy Even more in Louisiana. For those of us that don't completely lose care, we get less care for more $. # votenohttps://twitter.com/chrismurphyct/status/882596118550466561 …";;@ @;#;"882724685112385536";https://twitter.com/AmazeCc/status/882724685112385536
AmazeCc;2017-07-05 18:07;0;0;"@ SenJohnKennedy Called ur office & asked why you have no public stance on health care. Your aide was silent. Completely. # takeastand # voteno";;@;# #;"882722625704931328";https://twitter.com/AmazeCc/status/882722625704931328
FundacionEfrain;2017-07-05 13:11;0;0;"@ SenateMajLdr @ McConnellPress @ senjohnkennedy @ JohnKennedyLA @ RogerWicker @ SenatorWicker @ SenShelby End # 7yearsBadLuck # Repeal # Obamacare";;@ @ @ @ @ @ @;# # #;"882648193972011009";https://twitter.com/FundacionEfrain/status/882648193972011009
TRISHATRASHN;2017-07-05 13:06;0;1;"Did I miss a town hall meeting?If so where. No Trumpcare by the way.";;;;"882647000826748928";https://twitter.com/TRISHATRASHN/status/882647000826748928
A_C_Co_Pilot;2017-07-05 12:44;2;4;"@ EmergencyDocs oppose # BCRA. It's a worse option for Americans' health care. Find bipartisan solutions, @ SenJohnKennedy! pic.twitter.com/W4Ck0wsddC";;@ @;#;"882641343683670017";https://twitter.com/A_C_Co_Pilot/status/882641343683670017
IndivisibleNO;2017-07-05 11:50;3;2;"@ BillCassidy @ SenJohnKennedy is this what you call a health care plan? Look at the devastating imppacts on LA. Via @ prisonculturehttps://twitter.com/prisonculture/status/882626298853691392 …";;@ @ @;;"882627826335272961";https://twitter.com/IndivisibleNO/status/882627826335272961
AmazeCc;2017-07-05 01:18;0;0;"@ SenJohnKennedy @ billcassidy. Women are 50% of population. Their healthcare matters.https://twitter.com/vabvox/status/882383298835746817 …";;@ @;;"882468787542425601";https://twitter.com/AmazeCc/status/882468787542425601
FundacionEfrain;2017-07-04 20:03;0;0;"# Patriots 4 # Healthcarebill R U 1 @ senjohnkennedy @ JohnKennedyLA @ RogerWicker @ SenatorWicker @ SenShelby @ SenDanSullivan @ SenatorStrange";;@ @ @ @ @ @ @;# #;"882389540098408449";https://twitter.com/FundacionEfrain/status/882389540098408449
FundacionEfrain;2017-07-04 13:30;0;0;"@ senjohnkennedy @ JohnKennedyLA @ SenThadCochran @ RogerWicker @ SenatorWicker # HealthcareBill # DeclarationOfIndependence from # Obamacare";;@ @ @ @ @;# # #;"882290526862573568";https://twitter.com/FundacionEfrain/status/882290526862573568
scjr14312;2017-07-04 12:51;1;0;". @ SenJohnKennedy 36th time golfing. Is this someone who cares about Medicaid in Louisiana? Stand with LA. VOTE NO! https://twitter.com/kylegriffin1/status/882238357870456834 …";;@;;"882280816113586177";https://twitter.com/scjr14312/status/882280816113586177
Linda0628;2017-07-04 11:40;3;4;". @ BillCassidy . @ SenJohnKennedy Please vote against the Senate bill and improve & fund the ACA to protect healthcare for Louisiana residents. https://twitter.com/indivisible337/status/882257200248483842 …";;@ @;;"882262733164605440";https://twitter.com/Linda0628/status/882262733164605440
FundacionEfrain;2017-07-04 08:47;0;0;"@ SenateMajLdr @ McConnellPress @ senjohnkennedy @ JohnKennedyLA @ SenShelby @ RogerWicker @ SenatorWicker # HealthcareBill # American as # applepie";;@ @ @ @ @ @ @;# # #;"882219286948970497";https://twitter.com/FundacionEfrain/status/882219286948970497
NickAlbares;2017-07-04 01:44;2;8;"As we celebrate democracy, can anyone offer defense of secrecy of h-care bill process? Asking for friends @ BillCassidy @ SenJohnKennedy";;@ @;;"882112854995988480";https://twitter.com/NickAlbares/status/882112854995988480
AmazeCc;2017-07-03 23:41;0;1;"Did you tell them you want to protect your healthcare with Obamacare but leave them with watered down to no healthcare ?";;;;"882081934222004224";https://twitter.com/AmazeCc/status/882081934222004224
coolmikeLLC;2017-07-03 20:08;0;0;"@ SenJohnKennedy I would like 2 know your complete & candid thoughts on the national embarrassment known as # Trumpcare. Will you vote for it?";;@;#;"882028246078025729";https://twitter.com/coolmikeLLC/status/882028246078025729
henryandhuck;2017-07-03 15:23;0;3;"Please vote in La's economic interest - NO on Senate healthcare bill. La can't afford the hospital closures & lost healthcare jobs & income.";;;;"881956473827414019";https://twitter.com/henryandhuck/status/881956473827414019
ChildHealthUSA;2017-07-03 15:16;1;3;"Health care reform: First, do no harm - @ clancygambit - http://buff.ly/2teN7qb  FYI @ BillCassidy @ SenJohnKennedy pic.twitter.com/imQob81IVe";;@ @ @;;"881954704816820225";https://twitter.com/ChildHealthUSA/status/881954704816820225
SheliaBurk;2017-07-03 13:26;0;0;"Take good care of our farmers. America has alot of illegals to feed on top of our citizens.";;;;"881927239616614406";https://twitter.com/SheliaBurk/status/881927239616614406
mellygoestotown;2017-07-03 12:11;0;3;"Farmers need healthcare too you know.";;;;"881908363549962240";https://twitter.com/mellygoestotown/status/881908363549962240
scjr14312;2017-07-03 11:57;2;0;". @ SenJohnKennedy How are you going to replace all the health care jobs lost in Louisiana, when 343,000 lose health care? Job killing bill. https://twitter.com/charles_gaba/status/880118043346698240 …";;@;;"881904672474361857";https://twitter.com/scjr14312/status/881904672474361857
OriseCormier;2017-07-03 10:40;0;0;"Can we as a state continue to provide this type of care when our state health care expense grows at such a rate? Not how program designed";;;;"881885251760476160";https://twitter.com/OriseCormier/status/881885251760476160
urLIFEwillBLOOM;2017-07-03 08:54;0;0;"@ SenJohnKennedy DO SOMETHING or COMPLICIT! "He scared me because he was vicious when he turned from you to Mika". http://www.washingtonexaminer.com/joe-scarborough-trump-trashed-mika-brzezinski-to-20-congressmen-at-white-house-event/article/2627540 …";;@;;"881858607293251584";https://twitter.com/urLIFEwillBLOOM/status/881858607293251584
Campaign4Kids;2017-07-03 07:57;2;1;"Health care reform: First, do no harm - @ clancygambit - http://bit.ly/2teG8O1  FYI @ BillCassidy @ SenJohnKennedy pic.twitter.com/hCkNyBBZY1";;@ @ @;;"881844234751533056";https://twitter.com/Campaign4Kids/status/881844234751533056
Linda0628;2017-07-02 20:01;0;0;". @ BillCassidy @ SenJohnKennedy It is important for Louisiana that you vote against the Senate healthcare bill. Remember that you represent us https://twitter.com/louisianagov/status/881657412087885825 …";;@ @;;"881664190749999104";https://twitter.com/Linda0628/status/881664190749999104
PlainAmerican1;2017-07-02 16:29;0;0;"@ SenJohnKennedy @ BillCassidy @ RepAbraham Surely uv been 2 DMV or US Post Office before...& u still want govt 2 be in charge of health care?";;@ @ @;;"881610904462389248";https://twitter.com/PlainAmerican1/status/881610904462389248
FLHCOverlandPrk;2017-07-02 13:58;0;0;"Senate # healthcarebill is cruel and you know it. No # GOP confidence. # LAlies";;;# # #;"881572859314921476";https://twitter.com/FLHCOverlandPrk/status/881572859314921476
BruceLesley;2017-07-02 10:33;2;0;"Health care reform: First, do no harm - @ clancygambit - http://buff.ly/2teDdoz  FYI @ BillCassidy @ SenJohnKennedy pic.twitter.com/lJkvb2xidq";;@ @ @;;"881521097195352065";https://twitter.com/BruceLesley/status/881521097195352065
Indivisible337;2017-07-02 09:51;3;5;"@ SenJohnKennedy Congress cannot stay open thru Aug to provide SANCTUARY to senators scared of constituents! GO HOME & HOLD TOWN HALL!";;@;;"881510582670815233";https://twitter.com/Indivisible337/status/881510582670815233
Indivisible337;2017-07-02 09:46;0;1;""And as soon as I get the final copy, I'll read it & make a decision,but if it is better than Obamacare than I'll vote for it," Kennedy sd."";;;;"881509461478842368";https://twitter.com/Indivisible337/status/881509461478842368
Indivisible337;2017-07-02 09:27;0;1;""Tax reform, health care, fixing Dodd-Frank, getting a flood insurance bill passed, passing an infrastructure bill," Kennedy sd." BUSY BOY!";;;;"881504510031613952";https://twitter.com/Indivisible337/status/881504510031613952
mellygoestotown;2017-07-02 09:06;0;1;"Not that @ BillCassidy or @ SenJohnKennedy care, right? https://twitter.com/rebekahgeemd/status/881422247411560448 …";;@ @;;"881499219592445953";https://twitter.com/mellygoestotown/status/881499219592445953
vic77677;2017-07-01 22:26;0;0;"@ SenJohnKennedy @ BillCassidy I know you gents are Republican Senators but you've got to take a second look at the Senate wealth care bill.";;@ @;;"881338223141826561";https://twitter.com/vic77677/status/881338223141826561
creolepepper;2017-07-01 19:59;0;0;"@ SenJohnKennedy @ BillCassidy @ SteveScalise Why are we undecided? Unless you're...with *them. If you are, you don't care about Louisiana.https://twitter.com/ariberman/status/881187706713382912 …";;@ @ @;;"881301311777591296";https://twitter.com/creolepepper/status/881301311777591296
musicman495;2017-07-01 14:32;0;0;"Please @ BillCassidy and @ SenJohnKennedy: save Obamacare http://www.shreveporttimes.com/story/opinion/2017/06/26/please-sens-cassidy-and-kennedy-save-obamacare/428288001/ … via @ shreveporttimes";;@ @ @;;"881218871629410305";https://twitter.com/musicman495/status/881218871629410305
jeanne4210;2017-07-01 11:39;0;0;"http://thehill.com/blogs/floor-action/senate/340312-gop-senator-faces-healthcare-protests-at-town-hall …";;;;"881175359076667393";https://twitter.com/jeanne4210/status/881175359076667393
jeanne4210;2017-06-30 20:26;0;0;"http://money.cnn.com/2017/06/30/news/economy/obamacare-repeal-trump/index.html …";;;;"880945694458224640";https://twitter.com/jeanne4210/status/880945694458224640
Quendi459;2017-06-30 20:11;0;0;"Remember that Louisiana depends on fed assist to provide healthcare. Can't afford to set up a charity syst. 2nd highest state rec fed assist";;;;"880941815523819520";https://twitter.com/Quendi459/status/880941815523819520
