kmac0412;2017-07-24 19:55;0;3;"Are you serious!! The dems passed Obamacare without even reading it! Don't be hypocritical!";;;;"889635237998809088";https://twitter.com/kmac0412/status/889635237998809088
gymnat545;2017-07-24 19:54;0;1;"Wouldn't a complete outline of the details of trumpcare healthcare plan explained to America be better before a vote?";;;;"889634967717851139";https://twitter.com/gymnat545/status/889634967717851139
careaware;2017-07-24 19:53;0;5;"I called our GOP senator...our Dem is solid...Donelly on FB giving encouragement and fighting for us.";;;;"889634726478217224";https://twitter.com/careaware/status/889634726478217224
RNA2021;2017-07-24 19:52;0;0;"GOP is completely unorganized and uneducated on healthcare .The hypocrisy of their complaints on ACA is http://unbelievable.Vote  them out";;;;"889634445891960833";https://twitter.com/RNA2021/status/889634445891960833
dcstpaul;2017-07-24 19:50;12;89;"80 minutes of live, on TV questioning from GOP house members. @ cspan footage at this link.http://www.huffingtonpost.com/entry/obama-trump-health-care-reform_us_5953cf59e4b02734df2f3556 …";;@;;"889633983860002822";https://twitter.com/dcstpaul/status/889633983860002822
chipmasters;2017-07-24 19:50;0;1;"*yawn* It's time for univ. health care, committing to 100% renewable energy, rebuilding public infrastructure, and ending neocolonial wars.";;;;"889633916403011584";https://twitter.com/chipmasters/status/889633916403011584
careaware;2017-07-24 19:45;0;1;"I hope they flunk!";;;;"889632722972545024";https://twitter.com/careaware/status/889632722972545024
Jnovato;2017-07-24 19:45;0;0;"@ SenKamalaHarris. Vote 'no' on # Obamacare repeal.";;@;#;"889632615296356357";https://twitter.com/Jnovato/status/889632615296356357
OHellzNo;2017-07-24 19:45;0;1;"What about the 10s of millions that lost functional healthcare under the ACA? What about us?";;;;"889632557280759808";https://twitter.com/OHellzNo/status/889632557280759808
Sharkaycat48;2017-07-24 19:42;2;3;"I called mine. They didn't seem to care. Just wanted to know my zip code. I doubt the assistant passes my message along to @ RoyBlunt";;@;;"889631807431487491";https://twitter.com/Sharkaycat48/status/889631807431487491
HEIR2HERE;2017-07-24 19:41;0;0;"If you show up..is that considered an AUTOMATIC AGREEMENT to Trumpcare?";;;;"889631641014063104";https://twitter.com/HEIR2HERE/status/889631641014063104
OrlandCa1;2017-07-24 19:40;0;0;"Healthcare Law, One size does not fit all 'Constitution' Feds should never gotten involved, Calif even has it's own, How America got ACA'd !pic.twitter.com/2iBHiJxpWM";;;;"889631316614017024";https://twitter.com/OrlandCa1/status/889631316614017024
Sharkaycat48;2017-07-24 19:38;0;1;"How can someone identifying as Christian support kicking millions off healthcare? Nevermind you are a bot account.";;;;"889630885154258944";https://twitter.com/Sharkaycat48/status/889630885154258944
LAFG46;2017-07-24 19:37;0;0;"What has HUGE tax cuts for top 1/10th of 1% & NO healthcare for millions?! EVERY SINGLE GOP BILL! CALL 202-224-3121! @ SenKamalaHarris https://twitter.com/senkamalaharris/status/889627267734876160 …";;@;;"889630734188761088";https://twitter.com/LAFG46/status/889630734188761088
Sharkaycat48;2017-07-24 19:36;1;6;"The GOP doesn't care about rules. We are not a democracy or republic anymore.";;;;"889630508833009665";https://twitter.com/Sharkaycat48/status/889630508833009665
whatsdefholding;2017-07-24 19:32;0;0;"Sounds like how Obamacare was passed";;;;"889629340228616196";https://twitter.com/whatsdefholding/status/889629340228616196
joslinschultz;2017-07-24 19:31;4;3;"Hey @ SenKamalaHarris & @ SenFeinstein, please don't let the @ SenateGOP take away my healthcare while I'm taking the DC bar exam tomorrow";;@ @ @;;"889629059247992835";https://twitter.com/joslinschultz/status/889629059247992835
lesleasays;2017-07-24 19:30;0;1;"Keep fighting for us # wethepeople Don't let #45 the # nationalist bulldoze any of you! Freedoms are being taken away! # putinwon & Im scared";;;# #45 # #;"889628816569765889";https://twitter.com/lesleasays/status/889628816569765889
luckykash777;2017-07-24 19:29;0;0;"So are they. Call anyway. # trumpcare = # deathcare";;;# #;"889628588848410634";https://twitter.com/luckykash777/status/889628588848410634
DCBill5;2017-07-24 19:29;0;0;"...thinking, only takes 3 GOP Senators with a conscience. The rest couldn't care less what's in it.";;;;"889628575858659328";https://twitter.com/DCBill5/status/889628575858659328
nancylevine;2017-07-24 19:29;0;4;"Time for a revolution? # HealthcareBill";;;#;"889628548977262592";https://twitter.com/nancylevine/status/889628548977262592
luckykash777;2017-07-24 19:28;0;0;"# Trumpcare sux. We cannot allow this to happen. Light up the phones people. I called and got right through. Fighting for our lives.";;;#;"889628315543363584";https://twitter.com/luckykash777/status/889628315543363584
BETO2020POTUS;2017-07-24 19:27;0;0;"@ GOP have no heart. They only care about what @ realDonaldTrump tell them. Repeal&replace the entire Republican Party";;@ @;;"889628125910487040";https://twitter.com/BETO2020POTUS/status/889628125910487040
LAFlasher;2017-07-24 19:26;0;0;"All Americans should have the same healthcare Congressmen and their families have. No more, no less.";;;;"889627946025185280";https://twitter.com/LAFlasher/status/889627946025185280
Ornery1951;2017-07-24 19:25;0;0;"They apparently believe health care bills grow in the dark with plenty of "fertilizer".";;;;"889627722565255168";https://twitter.com/Ornery1951/status/889627722565255168
LouiseN91316;2017-07-24 19:19;0;0;"# CensureMcConnell. He's suborning members to vote purely by party. Self-serving violates duty to serve public good. Healthcare≠loyalty oath.";;;#;"889626048257826817";https://twitter.com/LouiseN91316/status/889626048257826817
NMatthews22;2017-07-24 19:19;0;1;"Why haven't you co-sponsored the Medicare for All Act? Is it because your donors haven't told you to? https://www.congress.gov/bill/115th-congress/house-bill/676/cosponsors?q=%7B%22cosponsor-state%22%3A%22California%22%7D …";;;;"889626044671684618";https://twitter.com/NMatthews22/status/889626044671684618
NMatthews22;2017-07-24 19:16;0;1;"60 percent of Americans want Medicare for All. What say you Kamala??? I bet you have nothing to say. My guess is you're against it, correct?";;;;"889625298764955648";https://twitter.com/NMatthews22/status/889625298764955648
NMatthews22;2017-07-24 19:14;0;0;"Why haven't you endorsed single payer? Medicare for all? Sounds like typical establishment Democrat here. https://www.nytimes.com/2017/06/03/us/democrats-universal-health-care-single-payer-party.html …";;;;"889624984779452417";https://twitter.com/NMatthews22/status/889624984779452417
DDerryJ;2017-07-24 19:13;0;0;"Just rename Obamacare - ACA to Trumpcare GOP & he'd be fine. Needs his ego stroked & gotta kill legacy of that more popular black President.";;;;"889624719615504386";https://twitter.com/DDerryJ/status/889624719615504386
ArtaGene;2017-07-24 19:09;0;0;"Fix this now 202 225 3121 Ds&Rs call now. Request Vote No and then do this # SinglepayeruniversalhealthcareforAllpic.twitter.com/zyHWo2PB3E";;;#;"889623640056238082";https://twitter.com/ArtaGene/status/889623640056238082
aelterman;2017-07-24 19:07;1;2;"We don't really care. All their proposals boil down to a tax for the rich less health care for the people";;;;"889623105630502913";https://twitter.com/aelterman/status/889623105630502913
littlewing628;2017-07-24 19:07;1;1;"And they won't -it's for their benefit not the American people - tax benefit for the rich -knock off majority of Americans from healthcare";;;;"889623100425465856";https://twitter.com/littlewing628/status/889623100425465856
VoodooRue;2017-07-24 19:04;1;3;"It's a # wealthcare bill.";;;#;"889622451818303489";https://twitter.com/VoodooRue/status/889622451818303489
Sherri98460187;2017-07-24 19:04;0;1;"@ SenKamalaHarris would you please take care of him for us? 1 question from you and he would pee in his pants. Thanks.";;@;;"889622384671698944";https://twitter.com/Sherri98460187/status/889622384671698944
carexsedge1;2017-07-24 18:59;0;0;"Both of my Senators are adamantly opposed to # Trumpcare! Go California!!! @ SenFeinstein @ SenKamalaHarris";;@ @;#;"889621179635552257";https://twitter.com/carexsedge1/status/889621179635552257
YaBoyChaley;2017-07-24 18:59;0;0;"As long as it's a win, who cares what's in it. Let them eat cake, with losing your Medicaid icing. # MAGA";;;#;"889621108739198981";https://twitter.com/YaBoyChaley/status/889621108739198981
RichardD299;2017-07-24 18:58;0;0;"@ SenKamalaHarris Senator Harris, Please vote NO on health care bills that take health care away from millions of Americans. Richard in 92627";;@;;"889620915117596672";https://twitter.com/RichardD299/status/889620915117596672
JulieResists;2017-07-24 18:53;0;0;"Because republicans don't know and don't care. Repeal is all about white man ego trip now.";;;;"889619669891592193";https://twitter.com/JulieResists/status/889619669891592193
deeDeplorae;2017-07-24 18:53;0;0;"Are you literate? You can read unlike doing what Warren said and reading Obama care after the fact.";;;;"889619556104380417";https://twitter.com/deeDeplorae/status/889619556104380417
R3Thorns;2017-07-24 18:52;0;0;"Wrong!!! Healthcare will become a disaster!!";;;;"889619398935425025";https://twitter.com/R3Thorns/status/889619398935425025
R3Thorns;2017-07-24 18:52;0;0;"Obamacare is ruining healthcare in your state!!pic.twitter.com/2O7H36xATs";;;;"889619236020260868";https://twitter.com/R3Thorns/status/889619236020260868
MorganAponte;2017-07-24 18:49;0;0;"Dem. should spend 25% on pres. And start talking programs for us investigators will take care of Russia. and adm. # ABetterDeal";;;#;"889618583164252162";https://twitter.com/MorganAponte/status/889618583164252162
KellyLevenda;2017-07-24 18:47;0;0;"Does this include universal health care and free college tuition?";;;;"889618160370012160";https://twitter.com/KellyLevenda/status/889618160370012160
BoonwaJim;2017-07-24 18:41;0;0;"First things first honey..Why don't you "bi-partisan yourself into fixing the healthcare issue. Remember, baby steps.";;;;"889616473962024964";https://twitter.com/BoonwaJim/status/889616473962024964
LoriHartnett;2017-07-24 18:34;0;0;"But @ POTUS just said we struggled w/Obamacare 17yrs .how can we go on?Lol!Next ticket @ SenKamalaHarris @ MaxineWaters Justice @ MichelleObama";;@ @ @ @;;"889614911978053632";https://twitter.com/LoriHartnett/status/889614911978053632
PascoRevolution;2017-07-24 18:34;0;0;"Thom_Hartmann: RT SenKamalaHarris: We’re just 24 hours away from voting on a health care bill that impacts 1/6 of our economy & Republicans…";;;;"889614723699879937";https://twitter.com/PascoRevolution/status/889614723699879937
RWhisk1;2017-07-24 18:29;0;0;"You are attempting to conflate healthcare insurance as being equal to 1/6 of economy. That is not true....not even close.";;;;"889613420563222528";https://twitter.com/RWhisk1/status/889613420563222528
Halfamick;2017-07-24 18:27;0;1;"All the GOP health care bills lose votes with every minute people have to read it. They are hoping people will vote for a blank sheet.";;;;"889613064307445760";https://twitter.com/Halfamick/status/889613064307445760
thepublicstrust;2017-07-24 18:26;0;0;"@ SenFeinstein @ SenKamalaHarris @ lisamurkowski @ SenCapito @ SenSusanCollins We need you ladies to stand strong and vote NO on GOP healthcare!https://twitter.com/ourrevolution/status/889587792128479232 …";;@ @ @ @ @;;"889612839089917952";https://twitter.com/thepublicstrust/status/889612839089917952
ezebarks;2017-07-24 18:19;0;0;"How Ironic, do you not remember Skeletor er Pelosi when they passed Obamacare. AHCA cost me $400+mo than what I was paying. Get a grip!!!";;;;"889611098365730816";https://twitter.com/ezebarks/status/889611098365730816
mack_hale;2017-07-24 18:11;0;0;"Democrats did that with Obamacare";;;;"889608986000990208";https://twitter.com/mack_hale/status/889608986000990208
mack_hale;2017-07-24 18:10;0;1;"Sounds like what happened with Obamacare. Funny how you get upset when someone else pulls the same stunt, isn't it?";;;;"889608831059206144";https://twitter.com/mack_hale/status/889608831059206144
patriotsconcern;2017-07-24 18:10;0;0;"Sharon, we had more choices B4 Ocare & will have more affordable insurance after REPEAL. Ocare makes U dependent on govt, thus B helpless";;;;"889608725727633408";https://twitter.com/patriotsconcern/status/889608725727633408
moongoddess1968;2017-07-24 18:06;1;1;"I'll tell you what is at stake besides our healthcare: THEIR JOBS";;;;"889607672332521473";https://twitter.com/moongoddess1968/status/889607672332521473
janawhelms;2017-07-24 18:02;0;0;"They try to take away our healthcare but @ SenKamalaHarris votes, NO, NO, NO. Thank you Senator! https://twitter.com/senatemajldr/status/889592631130501125 …";;@;;"889606715213099008";https://twitter.com/janawhelms/status/889606715213099008
AHart1995;2017-07-24 17:56;0;0;"LOL you guys feckin kidding me? obamacare passed without anyone reading the damn thing.";;;;"889605195226906625";https://twitter.com/AHart1995/status/889605195226906625
AHart1995;2017-07-24 17:55;0;0;"Yeah. Repeat. ONE SIXTH of our frikkin economy. Government GET OUT. obamacare is such a failure too - scrap it ALL.";;;;"889604978482008066";https://twitter.com/AHart1995/status/889604978482008066
deeceewilliams;2017-07-24 17:54;0;0;"How can you vote on a bill without knowing what's in it, someone who would do that cares nothing about we the people. Twilight Zone.";;;;"889604633261486086";https://twitter.com/deeceewilliams/status/889604633261486086
magia313;2017-07-24 17:51;0;0;"You american voted him. Enjoy! In Italy # Healthcare is guaranteed in our Constitution!";;;#;"889603948549726208";https://twitter.com/magia313/status/889603948549726208
Joneq_1;2017-07-24 17:50;0;0;"Just as you did with obama care!";;;;"889603765803864065";https://twitter.com/Joneq_1/status/889603765803864065
johnjam101;2017-07-24 17:45;0;0;"Call these Senators: https://trumpcaretoolkit.org/";;;;"889602440131162114";https://twitter.com/johnjam101/status/889602440131162114
DstnLap;2017-07-24 17:44;0;0;"The intent to ATTEMPT TO MURDER 30 Million American Citizens, 30 Mill of our most vulnerable.. # Wealthcare # Deathcare # GOPWealthCare # Traitor";;;# # # #;"889602163143585794";https://twitter.com/DstnLap/status/889602163143585794
lulwa1;2017-07-24 17:39;0;0;"@ SenKamalaHarris Please co-sponsor a Medicare-for-All bill before Trump co-opts the idea! We have to stay ahead & NOT JUST REACT.";;@;;"889600869645271040";https://twitter.com/lulwa1/status/889600869645271040
joe_socket2me;2017-07-24 17:38;0;0;"How's that Government Cadillac healthcare plan working out for you and the rest of Congress? Its a little late to save the DEM's ACA.";;;;"889600777701818368";https://twitter.com/joe_socket2me/status/889600777701818368
mrhank1;2017-07-24 17:37;0;0;"I thought that health care bill was DOA. Just to get rid of ACA??? Fix what is broken and do not break more people. Get em Senator Harris";;;;"889600456074330113";https://twitter.com/mrhank1/status/889600456074330113
lulwa1;2017-07-24 17:36;0;0;"@ SenKamalaHarris Trumpcare - VOTE NO on Motion to proceed.Fillibuster each amendment & raise Points of Order. Delay & DEFEAT! Thanks!";;@;;"889600168235945984";https://twitter.com/lulwa1/status/889600168235945984
UTAUSKNI;2017-07-24 17:33;4;4;"What happened to the hearings on # healthcare bill? No democracy left with this Administration. We are all this man! # VoteNO @ CNN @ MSNBCpic.twitter.com/vvqEUdID4K";;@ @;# #;"889599550398320640";https://twitter.com/UTAUSKNI/status/889599550398320640
AuntyMoney;2017-07-24 17:32;4;5;"I can tell you what's NOT in it, # healthcare for # WorkingPeople";;;# #;"889599131932545025";https://twitter.com/AuntyMoney/status/889599131932545025
JAMMO_1;2017-07-24 17:27;0;0;"You always come up with these stories of others but not yourself - Oh, right, you're not required to use Obamacare. # elitist";;;#;"889598032664076288";https://twitter.com/JAMMO_1/status/889598032664076288
mollswalls50;2017-07-24 17:27;0;0;"Whoever thought it was a good day to launch a new Dems slogan should be kicked out of the party. All Dems should be educating on healthcare.";;;;"889597956290101248";https://twitter.com/mollswalls50/status/889597956290101248
Emeraldluxury;2017-07-24 17:21;0;0;"If you actually read, Kamala has a plan to help fix the ACA, instead of Trumpcare tax cuts for billionaires and having 43,000 ppl die per yr";;;;"889596382826217472";https://twitter.com/Emeraldluxury/status/889596382826217472
Emeraldluxury;2017-07-24 17:19;1;1;"That is a lie. You must be very wealthy and choosing GOLD insurance. Also on Trumpcare you will have zero options and bankruptcy";;;;"889595975806754816";https://twitter.com/Emeraldluxury/status/889595975806754816
Pam1010101010;2017-07-24 17:17;1;1;"If only more than 4 Republican senators had empathy and really cared about American PEOPLE. I ask for same healthcare for them as for us!";;;;"889595326126067713";https://twitter.com/Pam1010101010/status/889595326126067713
EmilyTodebush;2017-07-24 17:13;0;0;"One of the many reasons why @ SenKamalaHarris exemplifies the leadership that this country deserves # ABetterDeal # Trumpcare # VoteNohttps://twitter.com/LittleLobbyists/status/889593959240085504 …";;@;# # #;"889594472971083776";https://twitter.com/EmilyTodebush/status/889594472971083776
saveusain2020;2017-07-24 17:02;0;0;"If they drag McCain back here for vote I hope he remembers his great healthcare & refuses to take ours away. Brain tumor = invalid vote??";;;;"889591678499205121";https://twitter.com/saveusain2020/status/889591678499205121
CapitolHe11;2017-07-24 17:01;0;0;"Too bad the MAGA morons feel like it is a privilege. Their Red States rely on Blue State Tax dollars and they rely on Medicare too. Hypos!!";;;;"889591381735481344";https://twitter.com/CapitolHe11/status/889591381735481344
MemberBernie;2017-07-24 16:57;0;2;"If you'd push Single Payer that wouldn't happen...and u could focus on many other important issues. # MedicareForAll";;;#;"889590468706787330";https://twitter.com/MemberBernie/status/889590468706787330
english_musings;2017-07-24 16:50;0;0;"Trumpcare sure wont make it more affordable. Check CBO. you'll likely lose that insurance.";;;;"889588552102588416";https://twitter.com/english_musings/status/889588552102588416
chrysta10;2017-07-24 16:49;0;0;"Sad you believe that's winning. Unlike you, I care about my fellow Americans, our allies & our planet.";;;;"889588461853974533";https://twitter.com/chrysta10/status/889588461853974533
jpbaldwin;2017-07-24 16:48;0;0;"Kamala, we need bold ideas, not the same old ones: Medicare for all, basic income (to replace other social services, save Medicare),..";;;;"889588074874716160";https://twitter.com/jpbaldwin/status/889588074874716160
LeilaWalsh8;2017-07-24 16:48;0;3;"Tell that to Chuck Shumer. What's he doing bashing Hillary, using Trump talking pts instead of following up on healthcare?";;;;"889588013147320320";https://twitter.com/LeilaWalsh8/status/889588013147320320
levens47;2017-07-24 16:44;0;0;"@ SenKamalaHarris You say u don't know what's in new health care bill ? Well, how bout "you have to pass it inorder to find out whats in it"";;@;;"889587185929920512";https://twitter.com/levens47/status/889587185929920512
G8trz4ever;2017-07-24 16:42;0;0;"@ BarbaraRacek Nothing but a massive tax cut for the rich funded by cutting millions' healthcare & Medicaid services.";;@;;"889586590456184832";https://twitter.com/G8trz4ever/status/889586590456184832
padre_martini;2017-07-24 16:40;0;0;"You could turn your whole political career around and become relevant simply by saying "his name is Seth Rich" publicly.";;;;"889586094492106752";https://twitter.com/padre_martini/status/889586094492106752
Mongwau_Mochni;2017-07-24 16:38;0;0;"Obama had 8 years to do Universal Healthcare but you needed to protect insurance companies.";;;;"889585480060334080";https://twitter.com/Mongwau_Mochni/status/889585480060334080
ZataraCristo;2017-07-24 16:37;1;1;"Kamala you are responsible you and your party for the failure and lies of Obama care you and Pelosi, Schumer & sanders failed millions YOU!!";;;;"889585371897581568";https://twitter.com/ZataraCristo/status/889585371897581568
Tropical14ever;2017-07-24 16:34;0;1;"And if the GOP can't repeal the ACA, next year they'll be gunning for Medicare and Social Security.";;;;"889584651379113984";https://twitter.com/Tropical14ever/status/889584651379113984
ZataraCristo;2017-07-24 16:34;0;0;"Kamala just what are you a socialist because Obama care is dead because of you and your party this woman is in the predicament she is in";;;;"889584544252403712";https://twitter.com/ZataraCristo/status/889584544252403712
RedHairnBlkLthr;2017-07-24 16:34;0;1;"But it would be like him to tweak the ACA a bit, add the opioid $$$ and call it Trumpcare. His followers won't know the difference, anyway!";;;;"889584505689841664";https://twitter.com/RedHairnBlkLthr/status/889584505689841664
YanaarL;2017-07-24 16:33;0;1;"Big Pharma loves govt health care $$$$$";;;;"889584365511913473";https://twitter.com/YanaarL/status/889584365511913473
RedHairnBlkLthr;2017-07-24 16:32;2;19;"I believe he's just placating us about the healthcare bill because no one has seen it. We all know 45 is a liar. Why would I believe him?";;;;"889584130920374272";https://twitter.com/RedHairnBlkLthr/status/889584130920374272
Spec_of_truth;2017-07-24 16:32;0;0;"Get on an Obama care plan then talk";;;;"889584072581824512";https://twitter.com/Spec_of_truth/status/889584072581824512
MikeBroderickVO;2017-07-24 16:30;0;1;"Senator, I served my country overseas in the Peace Corps despite being born with Cerebral Palsy. Stop the Senate from gutting Medicaid/hcare";;;;"889583706322743296";https://twitter.com/MikeBroderickVO/status/889583706322743296
Lily_Warrior;2017-07-24 16:28;1;17;"He is just saying stuff. None of it fits the trumpcare disaster bill.";;;;"889583030511304704";https://twitter.com/Lily_Warrior/status/889583030511304704
RedHairnBlkLthr;2017-07-24 16:27;3;11;"Did you notice 45's description of Trumpcare sounded exactly like the ACA w $$$ for the opioid epidemic? He just wants to change the name!";;;;"889582874533416960";https://twitter.com/RedHairnBlkLthr/status/889582874533416960
RSSIChicago;2017-07-24 16:27;0;2;"@ RSSIChicago, many of our formerly # homeless participants have much needed insurance. Thxs for keeping up the fight for heath care for all.";;@;#;"889582798805377025";https://twitter.com/RSSIChicago/status/889582798805377025
Shareblue;2017-07-24 16:24;54;81;""We all should think of health care as a basic civil right, and we all should be entitled to have that right." ~ @ SenKamalaHarris https://twitter.com/SenKamalaHarris/status/889538680989261824 …";;@;;"889582059508944896";https://twitter.com/Shareblue/status/889582059508944896
sarahollando552;2017-07-24 16:23;2;5;"Sovereign $ Government can always afford to pay for quality healthcare for all citizens # LearnMMT https://m.youtube.com/watch?v=4OVAROe3gW4&sns=tw …pic.twitter.com/5XwS6zI1dt";;;#;"889581733854814212";https://twitter.com/sarahollando552/status/889581733854814212
derwileg;2017-07-24 16:20;0;1;"And for the record, just because O-care was drafted without GOP input, that shouldn't justify the republicans to employ the same tactics.";;;;"889581152050311168";https://twitter.com/derwileg/status/889581152050311168
DontSellDreams;2017-07-24 16:20;0;0;"Is this because you care or for political gain. Using minority as usual";;;;"889581087638384640";https://twitter.com/DontSellDreams/status/889581087638384640
jsumiyasu;2017-07-24 16:20;0;0;"Until the Dems can explain their position succinctly, this won't help. Focus on disastrous Reps health care ideas like . @ SenKamalaHarris https://twitter.com/npr/status/889565338962100224 …";;@;;"889581012098756608";https://twitter.com/jsumiyasu/status/889581012098756608
srivlin;2017-07-24 16:18;0;0;"@ SenFeinstein & @ SenKamalaHarris fight to protect healthcare. Join me in sending your support & appreciation. Dems gave us Medicare/Medicade";;@ @;;"889580579234078720";https://twitter.com/srivlin/status/889580579234078720
derwileg;2017-07-24 16:18;0;1;"Please explain what you mean by "bipartisan planning" and which republicans were consulted in the drafting of Obamacare. Pray tell.";;;;"889580452935340032";https://twitter.com/derwileg/status/889580452935340032
Astorycollector;2017-07-24 16:17;1;2;"Please keep fighting for Americans. Everyone deserves quality health care";;;;"889580221728509955";https://twitter.com/Astorycollector/status/889580221728509955
Angelfandan1;2017-07-24 16:12;0;0;"YOU TALK ABOUT ARM-TWISTING????!!!!!! How in the world do you think Obamacare got passed? HYPOCRITE!!!";;;;"889578945313595392";https://twitter.com/Angelfandan1/status/889578945313595392
LouiseN91316;2017-07-24 16:10;20;64;"He's suborning members to vote purely by party. Such self-serving strongly violates the duty to serve public good. Gd Healthcare is right.";;;;"889578462360485888";https://twitter.com/LouiseN91316/status/889578462360485888
Angelfandan1;2017-07-24 16:09;0;0;"Here's some pressure for you: Repeal the disaster that is Obamacare! Fix our healthcare NOW!";;;;"889578268050903040";https://twitter.com/Angelfandan1/status/889578268050903040
trumpdumpcare;2017-07-24 16:08;0;0;". @ SenKamalaHarris Can't we take a vote to impeach him in 23 hours? # Trumpcare # Trump";;@;# #;"889578154540617728";https://twitter.com/trumpdumpcare/status/889578154540617728
Mischa3189;2017-07-24 16:08;0;0;"Plan? What Plan? Secret Plan? 8 male member plan for Women's health care? All other hidden plan secrets? Plan to destroy Medicaid/care & SS?";;;;"889578146923769856";https://twitter.com/Mischa3189/status/889578146923769856
Bread_denButter;2017-07-24 16:08;0;0;"I don't care if that is Koch or Soros.";;;;"889578104221573120";https://twitter.com/Bread_denButter/status/889578104221573120
Bread_denButter;2017-07-24 16:08;0;0;"Either he is an ideologue or he's bought and payed for. I don't care who supports him. People have the right to support whoever they want.";;;;"889578017785356290";https://twitter.com/Bread_denButter/status/889578017785356290
Angelfandan1;2017-07-24 16:06;0;3;"If Obamacare is so great and worth saving, THEN WHY AREN'T YOU ON IT? Legislators EXEMPTED themselves from it, that's why.";;;;"889577535662575616";https://twitter.com/Angelfandan1/status/889577535662575616
WeWhoDieSaluteU;2017-07-24 16:05;1;1;"and millions did and still do feel hopeless resulting from Obamacare";;;;"889577388094476288";https://twitter.com/WeWhoDieSaluteU/status/889577388094476288
Medical_Oddity;2017-07-24 16:04;0;2;"YES! Cushing's destroyed my health, my career & more.I will not allow it to take my life.Losing access to insurance is not okay. # Save32Mil";;;#;"889577010024075264";https://twitter.com/Medical_Oddity/status/889577010024075264
JackETorrance;2017-07-24 16:04;0;0;"Which is what happened to people when Obamacare was enacted. Maybe government shouldn't be in the healthcare business?";;;;"889576955502145536";https://twitter.com/JackETorrance/status/889576955502145536
rwrabbit;2017-07-24 16:03;3;5;"Not having healthcare insurance is a leading cause of personal bankruptcy.";;;;"889576893535576064";https://twitter.com/rwrabbit/status/889576893535576064
PolitJunkieM;2017-07-24 16:03;0;0;"Obamacare did away with junk policies.ACA mandated10"essential benefits"These benefits will be optional under Trumpcare!No Emergency room?";;;;"889576692238471168";https://twitter.com/PolitJunkieM/status/889576692238471168
WMC_Caucus;2017-07-24 16:02;0;2;"You should have thought about that before making promises you couldn't keep. We voted to # RepealObamacare. That's # ABetterDeal for us.";;;# #;"889576646214377473";https://twitter.com/WMC_Caucus/status/889576646214377473
deb2217;2017-07-24 16:01;0;1;"Please get this LUNATIC out of White House! @ gop WRECKED healthcare. @ TheDemocrats @NancyPelosi @ SenKamalaHarris @ SenJohnMcCain";;@ @ @NancyPelosi @ @;;"889576224506339328";https://twitter.com/deb2217/status/889576224506339328
RickyLamont1970;2017-07-24 15:53;3;14;"Oh the usual...tax cuts for the rich, tax hikes for the poor, elderly, and disabled. Over 20 million innocent people off healthcare. And";;;;"889574269751001096";https://twitter.com/RickyLamont1970/status/889574269751001096
Staceyvanhouten;2017-07-24 15:51;0;0;"You obviously don't not understand the economics if paying for health care. The free market idea has been debunked over and over.";;;;"889573800718848000";https://twitter.com/Staceyvanhouten/status/889573800718848000
mrtaubenhaus;2017-07-24 15:48;0;0;"hey @ SenSchumer @ SenAlFrank @ SenKamalaHarris Pls have press conference with families whose lives have been saved by # Obamacare.";;@ @ @;#;"889573014404255745";https://twitter.com/mrtaubenhaus/status/889573014404255745
kathleenn;2017-07-24 15:37;0;1;"Yes. But ACA has strengthened hospitals.if lost, lose that plus have to care for uninsured. Many hospitals cant survive";;;;"889570218745380864";https://twitter.com/kathleenn/status/889570218745380864
Neazeegirl;2017-07-24 15:36;2;7;"They just want to pass something and don't give a rats ass how it effects us. They have their healthcare rhats all that matters.";;;;"889570003619467264";https://twitter.com/Neazeegirl/status/889570003619467264
IAmThe1Teacher;2017-07-24 15:35;0;1;"And has ANYONE presented the SOLUTION below? Truth is, # TheMoneyMen don't WANT # Medicare4ALL! They want PROFIT based systems ONLY!pic.twitter.com/iqma12nLDv";;;# #;"889569714283790337";https://twitter.com/IAmThe1Teacher/status/889569714283790337
lastbreath8;2017-07-24 15:34;1;3;"Why do the R's & # FakePresident hate Americans so much?! # Healthcare # HumanRightspic.twitter.com/kk24gu9nFp";;;# # #;"889569407193579520";https://twitter.com/lastbreath8/status/889569407193579520
MiddleMolly;2017-07-24 15:32;0;0;"# Liberty means letting millions of people go w/out health ins & care because they can't afford it? What a decent person you are!(snark).";;;#;"889568895430004737";https://twitter.com/MiddleMolly/status/889568895430004737
cosmicfirepeace;2017-07-24 15:29;3;21;"cant really call it a health care bill if there's no # healthcare in it can we..?";;;#;"889568293282955265";https://twitter.com/cosmicfirepeace/status/889568293282955265
OfficialBiaggio;2017-07-24 15:25;0;2;"NO! We need Medicare for all.";;;;"889567244304490497";https://twitter.com/OfficialBiaggio/status/889567244304490497
NeobeVelis;2017-07-24 15:25;0;0;"@ SenFeinstein @ SenKamalaHarris Thank you for fighting to stop # Trumpcare & @ GOP forced failure of # ACA. We will remember. # VoteNo # norepeal";;@ @ @;# # # #;"889567234099560448";https://twitter.com/NeobeVelis/status/889567234099560448
tomorrowstarts;2017-07-24 15:21;0;0;"The GOP will own this. Party over country. Vote them out!! GOP doesn't care about the poor, seniors or disabled.";;;;"889566241777745920";https://twitter.com/tomorrowstarts/status/889566241777745920
Djhottowns;2017-07-24 15:10;0;0;"It's time you actually repeal your shitty obamacare and work on tax reform. That would be a better f*cking deal.";;;;"889563346462281728";https://twitter.com/Djhottowns/status/889563346462281728
Ronthebeek;2017-07-24 15:03;0;0;"The "Brain Power" of team Trump is amazing. When Obama care is replaced and repealed and the tax cuts are done. Trump train unstoppablepic.twitter.com/wUiM9AqBV4";;;;"889561698742489089";https://twitter.com/Ronthebeek/status/889561698742489089
PatGinSD;2017-07-24 14:58;1;2;"@ SenFeinstein @ SenKamalaHarris Please Resist these assaults on our citizens! Healthcare is a # HumanRight Stop the GOP Repeal&Replace Bills";;@ @;#;"889560445148741632";https://twitter.com/PatGinSD/status/889560445148741632
tmviggnocchi;2017-07-24 14:55;1;1;"CALL YOUR SENATORS regarding healthcare NO vote. Stay focused on the trees & the forest! @ SenKamalaHarris https://twitter.com/SenKamalaHarris/status/889557189110706178 …";;@;;"889559637405650944";https://twitter.com/tmviggnocchi/status/889559637405650944
nancylevine;2017-07-24 14:52;0;0;"How can you vote on a bill without seeing it? # HealthcareBill";;;#;"889559050953695232";https://twitter.com/nancylevine/status/889559050953695232
bombpetunia;2017-07-24 14:51;0;0;"I'm so happy that my Ca Senators @ SenKamalaHarris & @ SenFeinstein are fighting for our healthcare!!! Other states aren't so blessed.";;@ @;;"889558793268346880";https://twitter.com/bombpetunia/status/889558793268346880
IAmJulesWard;2017-07-24 14:51;0;2;"They don't want anyone to know. The GOP is about to throw millions of people off health care insurance. CALLING @ SenSasse & @ SenatorFischer";;@ @;;"889558598875045891";https://twitter.com/IAmJulesWard/status/889558598875045891
arthurchandra7;2017-07-24 14:50;0;1;"Great health care. The best. Put together by great, fantastic ppl. Believe me..";;;;"889558326031331328";https://twitter.com/arthurchandra7/status/889558326031331328
arthur_bernard;2017-07-24 14:50;0;0;"The GOP is dead. Now we have Republicans In Power, or RIP. The RIP Health (they don't) care bill, remember their motto; "let them die".";;;;"889558323820990464";https://twitter.com/arthur_bernard/status/889558323820990464
chulesee;2017-07-24 14:49;0;0;"With its continuing # BRCA # Trumpcare games the @ GOPSenate is making millions of Americans sick with worry and fear for their future";;@;# #;"889558255734837248";https://twitter.com/chulesee/status/889558255734837248
benigma2017;2017-07-24 14:48;0;1;"whats in it is the continued selling off of American health care to insurance and pharma. same thing as is in the ACA. # singlepayer.";;;#;"889557873168187393";https://twitter.com/benigma2017/status/889557873168187393
mgale15;2017-07-24 14:47;0;0;"Republican healthcare is like a box of chocklitz. You never know what's in there til you open it. Shoot, they probly ate 'em all anyway.";;;;"889557788137070600";https://twitter.com/mgale15/status/889557788137070600
Enrico056;2017-07-24 14:47;2;1;"Do you know what you are voting for yet? Is trumpcare still McConnells secret the day before the vote? An American citizen asking.";;;;"889557765068210176";https://twitter.com/Enrico056/status/889557765068210176
TrumpsTaxes;2017-07-24 14:47;3;8;"Luckily WE can tell our Republican Senators not to vote for this healthcare bill: 202-224-3121 Light up the phone lines!pic.twitter.com/yi4xDh7bnj";;;;"889557613167431680";https://twitter.com/TrumpsTaxes/status/889557613167431680
ek_31_;2017-07-24 14:46;0;0;"Retweeted Kamala Harris ( @ SenKamalaHarris): We’re just 24 hours away from voting on a health care bill that... http://fb.me/xqcBfJa6";;@;;"889557466731642881";https://twitter.com/ek_31_/status/889557466731642881
DraytonJennifer;2017-07-24 14:46;0;1;"Used # resistbot to thank @ SenKamalaHarris & @ SenFeinstein for fighting # Trumpcare bill & urge them to not vote for any amendments. Do it!pic.twitter.com/F8vegBlpeq";;@ @;# #;"889557372141617152";https://twitter.com/DraytonJennifer/status/889557372141617152
SenKamalaHarris;2017-07-24 14:45;13530;21068;"We’re just 24 hours away from voting on a health care bill that impacts 1/6 of our economy & Republicans still haven’t told us what’s in it.";;;;"889557189110706178";https://twitter.com/SenKamalaHarris/status/889557189110706178
ocsic09;2017-07-24 14:44;0;0;"thank you for referring to its official name. GOP hate it because Obamacare attaches it to the 44th POTUS whom they never wanted there";;;;"889556804572553216";https://twitter.com/ocsic09/status/889556804572553216
lbcapomana225;2017-07-24 14:41;0;0;"@ SenKamalaHarris @ SenFeinstein I urge you to vote NO on any measure to repeal or replace the ACA. Medicare for all now.";;@ @;;"889556234860249088";https://twitter.com/lbcapomana225/status/889556234860249088
3lly3Y;2017-07-24 14:41;0;5;"So fierse about their guns, standing up to protect to be able to shoot someone, yet not stand up for healthcare. And the NRA commercials...";;;;"889556118837620736";https://twitter.com/3lly3Y/status/889556118837620736
3lly3Y;2017-07-24 14:38;0;0;"Yes:/ I think doesnt it feel more secure for you & your kids to know that no matter what happens (any disaster,etc)healthcare is available..";;;;"889555453381939200";https://twitter.com/3lly3Y/status/889555453381939200
baswip;2017-07-24 14:25;0;5;"Rich people on the right 'sell' healthcare insurance as an option, evoking the Uber American feeling of 'freedom'";;;;"889552242361192449";https://twitter.com/baswip/status/889552242361192449
Spec_of_truth;2017-07-24 14:21;0;0;"I dare you, go on Obama care and then speak";;;;"889551096527454210";https://twitter.com/Spec_of_truth/status/889551096527454210
Ronthebeek;2017-07-24 14:09;3;6;"The "Brain Power" of team Trump is amazing. When Obama care is replaced and repealed and the tax cuts are done. Trump train unstoppablepic.twitter.com/sim3gGbEm9";;;;"889548168664420352";https://twitter.com/Ronthebeek/status/889548168664420352
mktarchitects;2017-07-24 14:06;3;20;"@ SenKamalaHarris Please keep up the fight to protect health care for us, Kamala!";;@;;"889547447726362624";https://twitter.com/mktarchitects/status/889547447726362624
SmartStik;2017-07-24 14:06;1;1;"@ SenKamalaHarris @NancyPelosi @ chuckschumer @ SenFeinstein Do Your Jobs & Stand w/ the ppl who voted you into office!! Stop # Trumpcare NOW!!";;@ @NancyPelosi @ @;#;"889547235595243520";https://twitter.com/SmartStik/status/889547235595243520
Coll1313;2017-07-24 14:00;0;0;"Yet all these folks want to put their healthcare in the hands of politicians!!?? Makes no sense";;;;"889545770763821058";https://twitter.com/Coll1313/status/889545770763821058
cirlar49;2017-07-24 13:58;0;0;"Interesting how Trump tells GOP B more concerned about Ur Political future than people having healthcare and possibly dying without it !";;;;"889545257645350912";https://twitter.com/cirlar49/status/889545257645350912
Mesmurize;2017-07-24 13:55;0;0;"Absolutely! So easy to # pivit # divert to # TrumpRussia and @ DonaldJTrumpJr # Trumpcare is # NoCare # TrumpStrategy";;@;# # # # # #;"889544695491182592";https://twitter.com/Mesmurize/status/889544695491182592
lisashe59412707;2017-07-24 13:50;0;0;"I really wish before you jump head in to believing in single payer and free health care you would do research on it. Don't just jump on free";;;;"889543341725016064";https://twitter.com/lisashe59412707/status/889543341725016064
florio37;2017-07-24 13:48;0;0;"@ SenKamalaHarris @ DianeFeinstein vote no on health bill # TrumpcareKills # Trumpcare";;@ @;# #;"889542805462306816";https://twitter.com/florio37/status/889542805462306816
ILikeRainWater;2017-07-24 13:45;0;1;"2 fold, higher taxes on wealthy & Republicans' fundamental hatred 4social programs. Health care can't be provided efficiently by the markets";;;;"889542054367432705";https://twitter.com/ILikeRainWater/status/889542054367432705
PoetTLStarr;2017-07-24 13:42;0;0;"I called. Thank you @ SenKamalaHarris for being a champion for our health care! https://twitter.com/KamalaHarris/status/889181320504631297 …";;@;;"889541371245150208";https://twitter.com/PoetTLStarr/status/889541371245150208
3lly3Y;2017-07-24 13:41;0;6;"Why do people see it as a mistake to have healthcare as a basic human right? It's safer for the country to,stronger ppl,less disease! Why?!";;;;"889541057284845568";https://twitter.com/3lly3Y/status/889541057284845568
zach_billings;2017-07-24 13:39;0;0;"@ SenSchumer This is fantastic but Dems need to go further. You need to go all in and back single payer health care!";;@;;"889540494077939716";https://twitter.com/zach_billings/status/889540494077939716
KarenMamont;2017-07-24 13:39;0;1;"Get some birth control pills and stop having kids that you can't afford to buy healthcare for";;;;"889540453653028865";https://twitter.com/KarenMamont/status/889540453653028865
KarenMamont;2017-07-24 13:36;0;0;"I have my own health insurance but I care about others how despicable are you sir and what is your brilliant solution?";;;;"889539709487128576";https://twitter.com/KarenMamont/status/889539709487128576
JuneauNana;2017-07-24 13:35;1;6;"We need to stay laser focused on Medicare for all this comes out of our checking Social Security every paycheck increase amount cover all!";;;;"889539496227684352";https://twitter.com/JuneauNana/status/889539496227684352
Rws1000Robert;2017-07-24 13:34;0;2;"Get run of Obamacare and Trumpcare, get rid of insurance companies profits. SINGLE PAYER SYSTEM now!!!!!";;;;"889539364807561216";https://twitter.com/Rws1000Robert/status/889539364807561216
jdkefd;2017-07-24 13:34;0;1;"YES! Dems need 2 let people know that Dems are for people! We need 2 broadcast our people programs. Jobs, healthcare, wages, education,etc.";;;;"889539219957309440";https://twitter.com/jdkefd/status/889539219957309440
HybridVigorUS;2017-07-24 13:33;0;3;"# GA06's new Rep @ karenhandel is telling lies about # trumpcare.https://twitter.com/HybridVigorUS/status/873984547339292672 …";;@;# #;"889538950293049344";https://twitter.com/HybridVigorUS/status/889538950293049344
ReflectShade;2017-07-24 13:13;0;0;"H.R.676 - Expanded & Improved Medicare For All Act https://www.congress.gov/bill/115th-congress/house-bill/676?r=26 …pic.twitter.com/OCRqSIlayo";;;;"889534122481389568";https://twitter.com/ReflectShade/status/889534122481389568
MelmoMacdaffy;2017-07-24 13:13;0;0;"@ SenKamalaHarris @ SenFeinstein Please vote NO on ACA appeal and YES on single payer! # ACA # RepealObamacare";;@ @;# #;"889534098514915328";https://twitter.com/MelmoMacdaffy/status/889534098514915328
chrysta10;2017-07-24 13:04;0;2;"Trumpcare: Guts Medicaid 20+ million lose coverage Tax cut for the Uber Rich";;;;"889531740183711744";https://twitter.com/chrysta10/status/889531740183711744
Rng314;2017-07-24 12:51;2;3;"Good article for catching up to the rest of the developed world in terms of universal care vs for profit http://worldofdtcmarketing.com/time-admit-truth-profit-healthcare-killing-us/as-i-see-it/ …pic.twitter.com/VOtYVDUPC8";;;;"889528465384452098";https://twitter.com/Rng314/status/889528465384452098
The_Unlocked;2017-07-24 12:49;0;1;"We might care who you are in a political sense, but in terms of policy we want to help as many people as we can.";;;;"889527870837608448";https://twitter.com/The_Unlocked/status/889527870837608448
trumpdumpcare;2017-07-24 12:39;0;0;". @ SenKamalaHarris Karmala, you mentioned the word "Better". Everytime Republicans use it, they add 10 million more people to dump off ACA.";;@;;"889525442335715328";https://twitter.com/trumpdumpcare/status/889525442335715328
iam_truthseeker;2017-07-24 12:35;0;0;"I speak very carefully when it comes to law and case history and standing but I don't mention people's charges unless I actually am a da";;;;"889524360926580740";https://twitter.com/iam_truthseeker/status/889524360926580740
borisdatrey;2017-07-24 12:33;0;0;"@ SenKamalaHarris trump is really scared of you for the 2020 run";;@;;"889524018608472068";https://twitter.com/borisdatrey/status/889524018608472068
deb_ruppert;2017-07-24 12:21;0;0;"@ SenKamalaHarris @ SenFeinstein Thank you for fighting for those of us with pre-existing conditions! Repair not Replace! # NoDHCA # NoTrumpcare";;@ @;# #;"889521020616425472";https://twitter.com/deb_ruppert/status/889521020616425472
LarwomanLaura;2017-07-24 12:20;0;9;"I agree with you both. We need affordable care that doesn't penalize ANYONE for needing healthcare. TAX THE WEALTHY!END BIG PHARMA PROFITS!";;;;"889520579585462273";https://twitter.com/LarwomanLaura/status/889520579585462273
SJBSchu;2017-07-24 12:18;0;1;"Please fight for universal healthcare. I know you've taken industry money. You can still do the right thing. # MedicareForAll # SinglePayer";;;# #;"889520090655227904";https://twitter.com/SJBSchu/status/889520090655227904
mildredmud;2017-07-24 12:16;0;0;"# SaveMedicaid # HealthcareBill # TrumpcareKills # SaveACA # Wealthcare # Deathcare # TrumpRussia # Resistpic.twitter.com/YHgL9tOrEV";;;# # # # # # # #;"889519708780756992";https://twitter.com/mildredmud/status/889519708780756992
watchmannn;2017-07-24 12:12;0;1;"So then where are you on # MedicareForAll? You can make the case for it while fighting the # AHCA # MondayLackOfMotivation";;;# # #;"889518613387919360";https://twitter.com/watchmannn/status/889518613387919360
Rws1000Robert;2017-07-24 12:04;0;0;"Really? Yet you continue to steal the money I have paid into SSA & Medicare to fund welfare programs. How is that helping the workers?";;;;"889516620011323392";https://twitter.com/Rws1000Robert/status/889516620011323392
AnwarNillufary;2017-07-24 12:04;0;0;"Dear @ SenKamalaHarris I know the homeland of Refugees is now hates Refugees, afraid and scared of Refugees. @ amnesty @ hrw # JusticeforAnwar >";;@ @ @;#;"889516537467604997";https://twitter.com/AnwarNillufary/status/889516537467604997
drmarshaspitzer;2017-07-24 11:58;8;89;"Phone lines busy at the office of @ SenKamalaHarris. Left a VM to say TY for her opposition to the Senate healthcare bills. # KeepKidsCovered";;@;#;"889515103128649728";https://twitter.com/drmarshaspitzer/status/889515103128649728
JudyQ333;2017-07-24 11:46;2;2;"ShelleyCapito-WV, Susan Collins-Maine & Lisa Murkowski-Alaska –said won’t support bill. That’s enough. Some GOP women care @working people";;@working;;"889512221834969089";https://twitter.com/JudyQ333/status/889512221834969089
benigma2017;2017-07-24 11:42;2;5;"it is shocking and inhumane that we let insurance companies and big pharma trade our health care needs for trillions of dollars # singlepayer";;;#;"889511205022380036";https://twitter.com/benigma2017/status/889511205022380036
Serious39000675;2017-07-24 11:42;0;1;"It's like he knew this day would come, and after so many years, they still don't care! Wish I could observe judgement day for those devils!";;;;"889511189281165312";https://twitter.com/Serious39000675/status/889511189281165312
SenKamalaHarris;2017-07-24 11:40;965;1610;"# MondayMotivation for the health care fight.pic.twitter.com/71IHWLmF4P";;;#;"889510487293124608";https://twitter.com/SenKamalaHarris/status/889510487293124608
MrAndyScheer;2017-07-24 11:39;0;0;"@ SenFeinstein @ SenKamalaHarris Keep pushing your colleagues in the Senate to vote no on this republican health "care" mess. # SaveOurCare";;@ @;#;"889510268484542464";https://twitter.com/MrAndyScheer/status/889510268484542464
FerneyGawaine;2017-07-24 11:03;0;0;"@ SenKamalaHarris Please use filibuster by amendment or withholding consent as tools to oppose Trumpcare! I'm counting on you. I'm in 92683.";;@;;"889501239561469952";https://twitter.com/FerneyGawaine/status/889501239561469952
catbrennan;2017-07-24 10:02;0;0;"@ SenKamalaHarris I'm urging you to do everything to stop this "healthcare" bill. My friends and I need this to stay alive! # TrumpcareKills";;@;#;"889485838924496897";https://twitter.com/catbrennan/status/889485838924496897
TobinEcht;2017-07-24 09:47;0;0;"First, the auto industry is tech & innovation. Second, a CEO President doesn't care about workers & Trump may have spoke to job loss but...";;;;"889482109420687360";https://twitter.com/TobinEcht/status/889482109420687360
conniemleach;2017-07-24 09:29;0;0;"You are my senator...thank you @ SenKamalaHarris for standing up for healthcare for all Americans.";;@;;"889477564153995264";https://twitter.com/conniemleach/status/889477564153995264
ALAGATTER2;2017-07-24 09:14;0;0;"Not true,the Dems-leftists think Obamacare w/2700 pages of worthless dialog is better, written 2 fail from beginning, ALL DEMOCRAT ELITISTS";;;;"889473753230360576";https://twitter.com/ALAGATTER2/status/889473753230360576
Ra_Ron;2017-07-24 09:10;0;0;"The public & other Senators. No deliberations, no transparency, rush2rip healthcare from millions only hours2review.https://twitter.com/thinkprogress/status/888139678091792385 …";;;;"889472906337693696";https://twitter.com/Ra_Ron/status/889472906337693696
ALAGATTER2;2017-07-24 09:07;0;0;"Republicans are not denying insurance 2 anyone, just giving choices 2 all Americans. ..not some crappy Obamacare NON-INSURANCE which is $$$$";;;;"889472026779328512";https://twitter.com/ALAGATTER2/status/889472026779328512
KG_in_CA;2017-07-24 08:24;0;0;"@ SenFeinstein @ SenKamalaHarris I feel like you're 2 ppl who don't need constant reminders abt Trumpcare/ACA Repeal, but just in case: NO";;@ @;;"889461174906925056";https://twitter.com/KG_in_CA/status/889461174906925056
RebeccaAnCampos;2017-07-24 07:04;2;16;"He is wasting our time. Who believes a statement he releases? Who cares? He is playing us all for fools. @ SenKamalaHarris @ SenFeinstein";;@ @;;"889441113605525504";https://twitter.com/RebeccaAnCampos/status/889441113605525504
prakashmano81;2017-07-24 03:31;0;0;"Did she even fight against # Trumpcare? Other than few tweets, FB posts & speeches on staged protests?? Show me her report card?";;;#;"889387546437865472";https://twitter.com/prakashmano81/status/889387546437865472
RealRyanJKaz;2017-07-24 01:00;0;0;"research Booker more. has had ties to pharmaceutical industry. would be bad if we all want universal healthcare/ questionable views.";;;;"889349585294024705";https://twitter.com/RealRyanJKaz/status/889349585294024705
michael_w_busch;2017-07-24 00:19;0;3;"# AHCA/ # BCRA would all-but-reverse that mandate, limiting access to healthcare for tens of millions of Americans (possibly including me).";;;# #;"889339190088957953";https://twitter.com/michael_w_busch/status/889339190088957953
michael_w_busch;2017-07-24 00:17;0;4;"ACA mandates prevent insurers from denying healthcare to Americans on the basis of pre-existing conditions. That is vital.";;;;"889338685023559682";https://twitter.com/michael_w_busch/status/889338685023559682
michael_w_busch;2017-07-24 00:15;2;3;"And then tell them to work for # MedicareForAll universal healthcare, so that everyone can get the care they need: https://www.congress.gov/bill/115th-congress/house-bill/676/cosponsors … .";;;#;"889338305820729345";https://twitter.com/michael_w_busch/status/889338305820729345
kat_is_in;2017-07-24 00:15;1;1;"@ SenKamalaHarris @ SenatorCollins please form bipartisan committe to improve on # ACA # ExpandMedicaid # Medicare";;@ @;# # #;"889338299088818177";https://twitter.com/kat_is_in/status/889338299088818177
BearCanyonAcres;2017-07-24 00:03;1;2;"How about Medicare for all?";;;;"889335239201390594";https://twitter.com/BearCanyonAcres/status/889335239201390594
MyrtleBiscuit;2017-07-23 23:53;0;0;"2/ This is what is meant by "junk policy" - take your money and deny health care.";;;;"889332622572347392";https://twitter.com/MyrtleBiscuit/status/889332622572347392
fourwaters;2017-07-23 22:33;0;7;"seeing dr isn't the problem. needing healthcare is the problem. bf ACA ppl lost everything or died. not hyperbolic. it's why ACA matters.";;;;"889312650953359361";https://twitter.com/fourwaters/status/889312650953359361
Fightkidscancer;2017-07-23 22:30;1;3;"I am here taking care of my 82 yr old Mother. When do we get people under oath? @ RepAdamSchiff @ SenKamalaHarris @SenChuckGrassley https://twitter.com/sethabramson/status/889294966752776192 …";;@ @ @SenChuckGrassley;;"889311803041357824";https://twitter.com/Fightkidscancer/status/889311803041357824
CharismaMolotov;2017-07-23 21:47;0;0;"Why on earth does ANYONE support # ForProfit # Healthcare ? Insurance companies profit by denying care. Disgusting middlemen.";;;# #;"889301085860573184";https://twitter.com/CharismaMolotov/status/889301085860573184
RegretIsntRape;2017-07-23 21:45;1;0;"Someone needs to tell @ SenKamalaHarris that Americans can protect their health by getting a job and buying their own health care! # workforit";;@;#;"889300531004485632";https://twitter.com/RegretIsntRape/status/889300531004485632
DaphneDoGood1;2017-07-23 21:44;3;1;"You do know that being treated in an ER is not free right? Taxpayers pay for it via higher taxes Why does Congress get better care than us?";;;;"889300225759858688";https://twitter.com/DaphneDoGood1/status/889300225759858688
CharismaMolotov;2017-07-23 21:37;0;0;"What premiums will you have after they kill # Healthcare ?";;;#;"889298337035423745";https://twitter.com/CharismaMolotov/status/889298337035423745
MILANCOUTAIN;2017-07-23 20:37;0;0;"She is on the move for your rights for healthcare,equal pay,human rights,equal justice for all @ SenKamalaHarris @ JoyAnnReid @ CNNPoliticspic.twitter.com/PovCaGrkKF";;@ @ @;;"889283475550994433";https://twitter.com/MILANCOUTAIN/status/889283475550994433
LisaKayaks;2017-07-23 20:34;0;0;"Emergency room visits are a terrible way to manage healthcare. Completely inappropriate for maintenance, prevention, or diagnostics.";;;;"889282515499978753";https://twitter.com/LisaKayaks/status/889282515499978753
PolitJunkieM;2017-07-23 20:02;1;3;"And,this will, once again, happen! Notice that many had "junk"insurance policies. Corporations care only about # money & # power!pic.twitter.com/hkN6heBNaT";;;# #;"889274468077580289";https://twitter.com/PolitJunkieM/status/889274468077580289
uscdonna16;2017-07-23 19:36;0;3;"Thankfully my Senators are two strong women who are fighting for health care. thanks @ SenFeinstein and @ SenKamalaHarris! Proud Californian";;@ @;;"889267907649077248";https://twitter.com/uscdonna16/status/889267907649077248
fourwaters;2017-07-23 19:16;8;21;"I hear that. I agree its not fair & needs to be fixed. But the solution isn't millions of us w/o healthcare... morally or economically";;;;"889262967379722241";https://twitter.com/fourwaters/status/889262967379722241
fourwaters;2017-07-23 19:06;0;1;"I've always taken care of myself. I work (I employee people). NO insurance. NO amount of $. Not an option. That's what this means.";;;;"889260471282302976";https://twitter.com/fourwaters/status/889260471282302976
fourwaters;2017-07-23 19:02;1;2;"For me (& like me) — its ALL about care. I had no ins. None. Not an option. I will get sick as i age. I will go bankrupt or die. 1/2";;;;"889259490779975680";https://twitter.com/fourwaters/status/889259490779975680
fourwaters;2017-07-23 18:56;2;21;"Then why wd any acceptable solution be to deny them healthcare? (Not goading... asking genuinely.)";;;;"889257822898094080";https://twitter.com/fourwaters/status/889257822898094080
fourwaters;2017-07-23 18:48;4;22;"I'm assuming none of ur family has a pre-existing condition? I feel your pain & think it shd be fixed—but giving up my own healthcare??";;;;"889255880289538053";https://twitter.com/fourwaters/status/889255880289538053
snnewton9;2017-07-23 18:46;0;1;"There is a reason why NOBODY else is pushing for a way to make universal care work and it's because EVERYONE likes deep pockets.";;;;"889255380617920513";https://twitter.com/snnewton9/status/889255380617920513
snnewton9;2017-07-23 18:40;0;0;"You have been tricked into forgiving healthcare as a business.";;;;"889253912221331456";https://twitter.com/snnewton9/status/889253912221331456
snnewton9;2017-07-23 18:39;0;0;"Why should their CEO's takes millions home in bonuses when you can't afford healthcare for your family?";;;;"889253771536089088";https://twitter.com/snnewton9/status/889253771536089088
WayneSisk1;2017-07-23 18:29;0;0;"Sessions threw himself on the truth so much "it made me nervous" he cried. Scared of the strong woman asking him questions. @ SenKamalaHarris https://twitter.com/4everNeverTrump/status/889225082928844800 …";;@;;"889251249228533760";https://twitter.com/WayneSisk1/status/889251249228533760
neeseybug636;2017-07-23 17:46;7;2;"Jarred to not care about any sick child is disgusting. Hope it's not someone U love 1 day. If this bill's passed your premium will";;;;"889240413227409408";https://twitter.com/neeseybug636/status/889240413227409408
DianeinCA;2017-07-23 17:23;0;0;"@ SenKamalaHarris Does anyone care how much Trump is milking the US treasury to upgrade all his private properties for security?";;@;;"889234526391513088";https://twitter.com/DianeinCA/status/889234526391513088
owenbernard;2017-07-23 17:20;2;2;"# TrumPutinCorruption at its finest http://www.thedailybeast.com/team-trump-used-obamacare-money-to-run-ads-against-it … @ SenKamalaHarris @ SenSchumer @ SenWarren @ MaddowBlog # AMJoy";;@ @ @ @;# #;"889233739678715905";https://twitter.com/owenbernard/status/889233739678715905
notjustaudra;2017-07-23 16:38;0;0;"@ SenKamalaHarris @ SenFeinstein @ SenMajLdr @ RepSwalwell @ SpeakerRyan every. kid. deserves. healthcare. @ jimmykimmel consider them remindedhttps://twitter.com/jimmykimmel/status/888499466138918912 …";;@ @ @ @ @ @;;"889223334793183235";https://twitter.com/notjustaudra/status/889223334793183235
hardpassbro_;2017-07-23 15:42;0;0;"No no no! Enough with these hack career politicians. We need new blood! @ SenKamalaHarris 2020.";;@;;"889209065183641600";https://twitter.com/hardpassbro_/status/889209065183641600
PenelopePaige4;2017-07-23 15:36;0;0;"Q: Can you pretend to care deeply about law & order while supporting a serial criminal named Donald Trump who stole MILLIONS? A: NO!";;;;"889207708708204544";https://twitter.com/PenelopePaige4/status/889207708708204544
cafeenfre;2017-07-23 15:33;0;0;"Great! Pssssst...while your at it, work on getting him to rethink his healthcare ideas.";;;;"889206934913593345";https://twitter.com/cafeenfre/status/889206934913593345
VikingBearGod;2017-07-23 15:24;0;0;"No Democrats nor Independents and no women were allowed into process of drafting current health care plan. Also, no debates allowed. # GOP";;;#;"889204530692456450";https://twitter.com/VikingBearGod/status/889204530692456450
epd44;2017-07-23 15:12;0;1;"I think if @ SenSanders cares about us, as I think he does, he should throw his support fully behind @ SenKamalaHarris for President.";;@ @;;"889201509484777472";https://twitter.com/epd44/status/889201509484777472
jwk9580k;2017-07-23 15:09;0;0;"Jerry how many people are now suffering under Obamacare? You like Pelosi have no idea what is really happening in this country";;;;"889200696653774848";https://twitter.com/jwk9580k/status/889200696653774848
JuneauNana;2017-07-23 14:43;0;0;"@ SenKamalaHarris start promoting Medicare for all it is viable it is already taken out of our paychecks through Social Security. Stand up! https://twitter.com/kamalaharris/status/888900721579634688 …";;@;;"889194254576136192";https://twitter.com/JuneauNana/status/889194254576136192
zbirdmama;2017-07-23 14:25;0;0;"Appreciate your no vote on the so-called healthcare bill next week @ SenKamalaHarris @ SenFeinstein";;@ @;;"889189805103300608";https://twitter.com/zbirdmama/status/889189805103300608
banzai9;2017-07-23 12:31;1;1;"Transparency Please @ KamalaHarris @ SenKamalaHarris Do you support Medicare for all or just fight against Republicans to keep status quo!?";;@ @;;"889161169465995266";https://twitter.com/banzai9/status/889161169465995266
kaysie_93;2017-07-23 12:05;0;0;"@ SenKamalaHarris cancer/tumor in the knee. Med bills are up to $30,000 since January, only paid $1,000 thanks to healthcare. Now cancer free pic.twitter.com/ad2P6rVfHz";;@;;"889154398848376832";https://twitter.com/kaysie_93/status/889154398848376832
rtcrtc257;2017-07-23 12:01;0;0;"I don't care what % you claim. I am not partipating (by funding) one cent for MURDER.";;;;"889153554035990528";https://twitter.com/rtcrtc257/status/889153554035990528
CGolfbag;2017-07-23 11:14;0;0;"Stay ignorant then. You gonna complain about Susan Collins too? She's for fixing ACA. http://mainepublic.org/post/senate-prepares-vote-susan-collins-says-she-simply-cannot-support-health-care-plans …";;;;"889141708067418112";https://twitter.com/CGolfbag/status/889141708067418112
kausikdatta22;2017-07-23 10:51;0;0;"# DoctorsSpeakOut against dismantling of healthcare by @ GOP https://twitter.com/kausikdatta22/status/889116302291464192 … @ SenKamalaHarris @ RepAdamSchiff @ TopherSpiro @ benwikler";;@ @ @ @ @;#;"889135833390997504";https://twitter.com/kausikdatta22/status/889135833390997504
Stormalong_13;2017-07-23 09:46;0;0;"@ SenKamalaHarris Put forward a new # Healthcare bill! Consider Americare? Need you to lead us to # HealthCareForAll. http://www.huffingtonpost.com/ian-reifowitz/we-wont-be-calling-it-oba_b_7109382.html?ncid=engmodushpmg00000004 …";;@;# #;"889119593502986240";https://twitter.com/Stormalong_13/status/889119593502986240
peeksquire;2017-07-23 08:40;0;0;"To add "you didn't commit" is inflammatory and suggests the govt doesn't care about whether the person charged actually committed the crime";;;;"889102893852352512";https://twitter.com/peeksquire/status/889102893852352512
luciaguimaraes;2017-07-23 07:53;1;0;"No mention to her career, twice elected California Attorney General, only mentions she got 1st jobs through Brown. Calls he Bernie with";;;;"889091115638456321";https://twitter.com/luciaguimaraes/status/889091115638456321
rtcrtc257;2017-07-23 03:42;0;1;"Kamala, I guess your parents didn't have the same point of view you have! PS: where do men get free penis-care?";;;;"889028017825218561";https://twitter.com/rtcrtc257/status/889028017825218561
pameroni60;2017-07-23 01:24;0;0;"@ SenKamalaHarris 3/ them. Tell the people how you would change things for the better....healthcare....jobs....education....etc. and please";;@;;"888993195723456512";https://twitter.com/pameroni60/status/888993195723456512
pameroni60;2017-07-23 01:23;0;0;"@ SenKamalaHarris 2/ the Dems can propose to fix the healthcare problems, and work with the budgetary concerns. Please! don't just be against";;@;;"888993008221380610";https://twitter.com/pameroni60/status/888993008221380610
CathyHolladay1;2017-07-23 01:06;0;0;"I dont care for @ SenKamalaHarris all... Will never trust another Dem after @ BarackObama @ AGLynch @ HillaryClinton @ AmbassadorRice Crime=Jail";;@ @ @ @ @;;"888988588410642433";https://twitter.com/CathyHolladay1/status/888988588410642433
KottiPillar;2017-07-23 00:10;7;7;"We want every dime of this money back and spent on # Medicare4All! @ JudiciaryDems @ OversightDems @HouseJudDems @ SenateDems @ SenKamalaHarris https://twitter.com/aslavitt/status/888019001237962753 …";;@ @ @HouseJudDems @ @;#;"888974634271424512";https://twitter.com/KottiPillar/status/888974634271424512
morethanmySLE;2017-07-22 23:56;0;1;"We still have work to do w/ # HealthcareBill 1) Need to bill 2) Need to enhance # ACA Here's my suggestionshttps://twitter.com/morethanmySLE/status/888965233670316036 …";;;# #;"888971009428271105";https://twitter.com/morethanmySLE/status/888971009428271105
rjrjr;2017-07-22 22:45;1;2;"Oh for fu… "Medicare for all!" Is that really so hard? @NancyPelosi @ SenKamalaHarris @ SenFeinsteinhttps://twitter.com/edatpost/status/888914042181603329 …";;@NancyPelosi @ @;;"888953277269893121";https://twitter.com/rjrjr/status/888953277269893121
amymaclane;2017-07-22 22:38;0;0;"@ SenKamalaHarris -- you asked for healthcare stories-- I have 4 kids and here's a small part of mine: http://writerslane.blogspot.com/2017/07/health-care.html?m=1&zx=814a87b23b1b8dd4 …";;@;;"888951460423114752";https://twitter.com/amymaclane/status/888951460423114752
InnerStrumpf;2017-07-22 20:43;1;2;"@ SenKamalaHarris We see you coming. Catering to a not-so-diverse list of 2% of the 1% cost Hillary the election. Keep it up # Medicare4Allpic.twitter.com/bsNiBUVJB8";;@;#;"888922404726071296";https://twitter.com/InnerStrumpf/status/888922404726071296
flanole;2017-07-22 19:48;1;1;"@ SenKamalaHarris already schooled him once & I'm sure he would do his best to avoid any conversation w/ her ever # JeffyWasScaredByAGirl";;@;#;"888908541989457920";https://twitter.com/flanole/status/888908541989457920
Medical_Oddity;2017-07-22 19:34;0;3;"Wouldn't be here w/o constant medical care 4 # cushings, CRPS, TN etc.Thank you @ SenKamalaHarris @ SenFeinstein for fighting to # Save32Milpic.twitter.com/h1inXANIoi";;@ @;# #;"888905004106514433";https://twitter.com/Medical_Oddity/status/888905004106514433
Edgutk;2017-07-22 19:24;2;2;"American mental illness, addiction healthcare the judiciary & incarceration, SAD!! # TrumpRussia";;;#;"888902627861209089";https://twitter.com/Edgutk/status/888902627861209089
shirleyp_2009;2017-07-22 19:22;0;1;"@ SenKamalaHarris This also needs priority in the senate. Rethink foster care. https://twitter.com/scotthech/status/888406039162478593 …";;@;;"888902211245285376";https://twitter.com/shirleyp_2009/status/888902211245285376
ellieharvie;2017-07-22 19:14;1;11;"And as you know teachers are on the front line in detecting at risk youth. # education # healthcare";;;# #;"888900131956768768";https://twitter.com/ellieharvie/status/888900131956768768
babs_wpg;2017-07-22 19:00;2;12;"What about people who aren't in jail. Maybe before they end up in jail. That would be healthcare";;;;"888896592786341892";https://twitter.com/babs_wpg/status/888896592786341892
OneVoice1111;2017-07-22 18:55;0;0;"Healthcare is Required.";;;;"888895217704869888";https://twitter.com/OneVoice1111/status/888895217704869888
sassyshades;2017-07-22 18:50;0;7;"AMEN! Which brings us back 2 the importance of quality healthcare 4 all. Who's going 2 # ProtectOurCare @ jeffflake @ SenDeanHeller @ jerrymoran";;@ @ @;#;"888894134089469952";https://twitter.com/sassyshades/status/888894134089469952
TheScottLove;2017-07-22 18:30;0;0;"@ davidsirota @ JerryBrownGov @NancyPelosi @ GavinNewsom @ hiltzikm @ SenKamalaHarris Why not emulate the Danish system? http://www.denverpost.com/2009/09/03/health-care-in-denmark/ …https://twitter.com/IBTimes/status/888858696339652609 …";;@ @ @NancyPelosi @ @ @;;"888888887220752384";https://twitter.com/TheScottLove/status/888888887220752384
katecarozza;2017-07-22 17:49;0;0;"2. @ SenKamalaHarris # HealthcareSOLUTIONS # womenofsenate & egos and work together in consultation w/ experts on creating workable SOLUTIONS";;@;# #;"888878721024884737";https://twitter.com/katecarozza/status/888878721024884737
katecarozza;2017-07-22 17:47;0;0;"1. # HealthcareSOLUTIONS # womenofsenate @ SenKamalaHarris Now, it's time for a bipartisan group of Senate women to cast aside petty politics";;@;# #;"888878291406528512";https://twitter.com/katecarozza/status/888878291406528512
SDBAILBONDWOMAN;2017-07-22 17:14;3;3;"You Opposed SB10. Thank you. Now @ SenKamalaHarris is sticking her nose where it doesn't belong. Funded by George Soros. How about Healthcare";;@;;"888869762284965888";https://twitter.com/SDBAILBONDWOMAN/status/888869762284965888
madbomber61;2017-07-22 15:13;0;0;"Obamacare failing. Poorly. Time to come up with a nonpartisan plan, with no added pork, that actually benefits the American people. # dream";;;#;"888839329795133440";https://twitter.com/madbomber61/status/888839329795133440
CadillacRiver;2017-07-22 14:42;0;0;"@ SenKamalaHarris be careful Dems&#039; rising star meets with Clinton inner circle in Hamptons http://pge.sx/2vp9MA2  via @ pagesix";;@ @;#039;"888831522945486848";https://twitter.com/CadillacRiver/status/888831522945486848
jasonukfan;2017-07-22 12:32;1;1;"@ DrRandPaul WILL join Democrat @ SenKamalaHarris on bail reform, but WON'T join his Republican "allies" on # HealthcareBill . in the grass.";;@ @;#;"888799019841073152";https://twitter.com/jasonukfan/status/888799019841073152
jasonukfan;2017-07-22 12:25;0;1;"Snake in the grass @ DrRandPaul works w/ Democrat @ SenKamalaHarris on bail reform, but won't help his # Republican friends on # HealthcareBill";;@ @;# #;"888797063756083200";https://twitter.com/jasonukfan/status/888797063756083200
MufasaUK;2017-07-22 11:36;0;0;"If only D's in Congress had more love for people instead of Big Pharma $$$$ then they work to make care affordable instead of just sayin no";;;;"888784771421270016";https://twitter.com/MufasaUK/status/888784771421270016
MufasaUK;2017-07-22 11:26;0;0;"Lies. Obamacare is crumbling under it's own weight with increases and plans withdrawing from exchange.";;;;"888782360296255489";https://twitter.com/MufasaUK/status/888782360296255489
MufasaUK;2017-07-22 11:25;0;0;"Scare tactics don't work. More lies. Like if you like your plan or Dr you can keep it.";;;;"888782159921676292";https://twitter.com/MufasaUK/status/888782159921676292
PracticalVoter;2017-07-22 11:12;0;0;"# trump argues hard kick tens of millions off # healthcare as reform? # saturdaymorning @ SenKamalaHarris @ SenFeinstein @ SenSanders @ SenWarrenhttps://twitter.com/realdonaldtrump/status/888734848550043648 …";;@ @ @ @;# # #;"888778773205667840";https://twitter.com/PracticalVoter/status/888778773205667840
piloting;2017-07-22 10:38;0;0;"Tax on the person being jailed and the family and friends who care.";;;;"888770165403463680";https://twitter.com/piloting/status/888770165403463680
TruthSpeaker_00;2017-07-22 10:02;0;1;"Thanx @ marvymuse. So many don't care. I no it can be done cause I have done it. I never expect a response from @ SenKamalaHarris. Its a shame";;@ @;;"888761256361869312";https://twitter.com/TruthSpeaker_00/status/888761256361869312
CelaineF;2017-07-22 04:47;0;0;"@ CelaineF Shooting accident! McCain tumor! Rash of firings! Be careful, people! @ SenKamalaHarris @ MAXINEWATERS @ amjoyshow @ NAACP";;@ @ @ @ @;;"888681956363296768";https://twitter.com/CelaineF/status/888681956363296768
damnitdisney;2017-07-22 04:37;1;2;"@ SenKamalaHarris @ SenFeinstein pls fight for more # mentalhealth care # Act4MentalHealth Mental Health coverage should never be optional.https://twitter.com/wonnhos/status/888651151268356096 …";;@ @;# #;"888679266736414720";https://twitter.com/damnitdisney/status/888679266736414720
SDBAILBONDWOMAN;2017-07-22 04:04;6;4;"You really think @ SenKamalaHarris cares about anything except her future in politics? I won't vote for her again. Career Democrat no more. https://twitter.com/makecasafeagain/status/888617926231597059 …";;@;;"888671172878925824";https://twitter.com/SDBAILBONDWOMAN/status/888671172878925824
cookiesinheaven;2017-07-22 02:46;0;2;"This has got to be called out and STOPPED. cc: @ SenFeinstein @ SenKamalaHarris @ SenJeffMerkley @ SenSchumer @ SenFranken # GOPcare # trumpcare https://twitter.com/TopherSpiro/status/888373567708172288 …";;@ @ @ @ @;# #;"888651490243432448";https://twitter.com/cookiesinheaven/status/888651490243432448
KottiPillar;2017-07-22 01:56;1;3;"The millions of insurance co lobbying $$ to GOP would pay for a helluva lot of # Medicare4All, @ SenFeinstein @ SenKamalaHarris @ CREWcrew.https://twitter.com/senfeinstein/status/888072955464486912 …";;@ @ @;#;"888638860350996480";https://twitter.com/KottiPillar/status/888638860350996480
KottiPillar;2017-07-22 01:55;18;10;"The millions wasted on illegitimate # Trump expenses would pay for a helluva lot of # Medicare4All, @ SenFeinstein @ SenKamalaHarris @ CREWcrew.https://twitter.com/senfeinstein/status/888072955464486912 …";;@ @ @;# #;"888638679853301760";https://twitter.com/KottiPillar/status/888638679853301760
veggie64_leslie;2017-07-22 01:42;1;2;"Well, just let it roll off of you like water on a duck. If its not true, who cares what idiots say?";;;;"888635234660622336";https://twitter.com/veggie64_leslie/status/888635234660622336
adematteoclub;2017-07-22 01:28;0;0;"# TheResistance If @ NorthKorea_Newz # KimJongUn wantedToScare # Trump ItsToDrop # TestMissile on # TrumpBase in # RustBelthttp://time.com/4868176/hawaii-north-korea-missile-attack/ …";;@;# # # # # #;"888631815694581765";https://twitter.com/adematteoclub/status/888631815694581765
inclusionchick;2017-07-22 01:27;1;2;"Excited 2see our pic thanking @ SenKamalaHarris for her work on # healthcare in this montage! @ indivisibleyolo TY to BOTH of our CA # Senatorshttps://twitter.com/maddow/status/888489332851572739 …";;@ @;# #;"888631477952405504";https://twitter.com/inclusionchick/status/888631477952405504
adematteoclub;2017-07-22 01:15;0;0;"# TheResistance # MSM toGetThruToSomeOf # TrumpBase # RepealObamacare WeAllGetHurtTheyGetHurt https://www.washingtonpost.com/news/post-politics/wp/2017/06/07/trumps-base-in-rural-america-could-be-disproportionately-hurt-by-medicaid-cuts/ … WeAliveTheyAlive @ cnnbrk";;@;# # # #;"888628450302578688";https://twitter.com/adematteoclub/status/888628450302578688
Bethe57;2017-07-21 23:50;0;0;"@ SenKamalaHarris hope you get to grill Jared and are not shushed by scared men.";;@;;"888607154562674688";https://twitter.com/Bethe57/status/888607154562674688
Coll1313;2017-07-21 23:48;0;0;"What are you 12? Be careful how strongly you tweet. You might want to take up some citizen journalism classes and learn a little.";;;;"888606765792641024";https://twitter.com/Coll1313/status/888606765792641024
Interactioneer;2017-07-21 22:26;0;0;"Called my senators to thank them for opposing GOP wealthcare. Thanks @ SenFeinstein and @ SenKamalaHarris!";;@ @;;"888585943854194688";https://twitter.com/Interactioneer/status/888585943854194688
JerryLStirewalt;2017-07-21 22:14;0;0;"@ SenKamalaHarris @ SenFranken @ SenFeinstein @ GOP Not funny, but kinda true https://www.ncscooper.com/waste-management-to-offer-dead-body-pickup-service-in-response-to-proposed-health-care-changes/ …";;@ @ @ @;;"888582917458284544";https://twitter.com/JerryLStirewalt/status/888582917458284544
SaylesJon;2017-07-21 21:59;0;1;"Sen? With respect. We care more about you halting our slide into dictatorship...please? You & Schumee";;;;"888579240748339202";https://twitter.com/SaylesJon/status/888579240748339202
JohnStAnderson;2017-07-21 21:44;0;0;"Heroes don't deny other people healthcare, and don't talk down to black women Senators.";;;;"888575441765670912";https://twitter.com/JohnStAnderson/status/888575441765670912
MaryEDavis1;2017-07-21 21:43;0;0;"Perhaps you and Mr. Paul could also agree to do something on health care. We the people are tired of most of you actually.";;;;"888575076261482497";https://twitter.com/MaryEDavis1/status/888575076261482497
Di_719;2017-07-21 21:19;6;10;"We have heroins like @ SenKamalaHarris and heroes like @ RepAdamSchiff fighting for us. Are we all making calls EVERY DAY? # TrumpcareKillshttps://twitter.com/KamalaHarris/status/888564768797335554 …";;@ @;#;"888569116939964418";https://twitter.com/Di_719/status/888569116939964418
