AmyPerlmutter;2017-07-24 18:32;0;0;"Thank you @ SenMarkey . Sadly @ potus shows over and over he cares nothing for helping public or for constitution. Very sad. # ACAhttps://twitter.com/SenMarkey/status/887763983477780480 …";;@ @;#;"889614234790834177";https://twitter.com/AmyPerlmutter/status/889614234790834177
MikemacMacInnes;2017-07-24 17:20;0;1;"Hey @ SenMarkey aka Mr Frosty, you promised $2500/yr savings on my healthcare and it went up $3000/yr. All you do is lie to taxpayers.";;@;;"889596195760463874";https://twitter.com/MikemacMacInnes/status/889596195760463874
AARPMA;2017-07-24 16:33;10;6;"The Senate votes tomorrow on health care. Call 1-844-222-0110 & thank @ SenWarren & @ SenMarkey for their plan to # VoteNo. @ AARPadvocatespic.twitter.com/w9DVbCcgDA";;@ @ @;#;"889584224407347200";https://twitter.com/AARPMA/status/889584224407347200
RRmarches;2017-07-24 16:26;0;0;"@ SenWarren @ SenMarkey How about I get the same health care u voted for yourselves. The more people, the lower cost. Give me that.";;@ @;;"889582659852218369";https://twitter.com/RRmarches/status/889582659852218369
DoughertyJC;2017-07-24 15:56;0;0;"4/ The Senate could begin debate on # healthcare as early as tomorrow. # 7news will be live in DC for full coverage.";;;# #;"889575155843964928";https://twitter.com/DoughertyJC/status/889575155843964928
SenMarkey;2017-07-24 15:49;87;70;"# Trumpcare's ' # opioid fund' is a false promise to Americans suffering from opioid addiction. The truth about # Trumpcare ↓pic.twitter.com/JL2GJP9rjN";;;# # #;"889573316822020098";https://twitter.com/SenMarkey/status/889573316822020098
mzgd621;2017-07-24 15:35;0;0;"@ RepAdamSchiff is from the same state as @ SenWarren2020 & @ SenMarkey. Do you really think the idiots that elected this crew cares? # MAGA";;@ @ @;#;"889569812791386113";https://twitter.com/mzgd621/status/889569812791386113
wanderingator;2017-07-24 14:24;0;0;"how about universal healthcare?";;;;"889551754970398720";https://twitter.com/wanderingator/status/889551754970398720
seddy66;2017-07-24 11:58;0;0;"@ SenMarkey Dear Sen Markey--Keep up the good fight against this inhuman health care replacement! Thank you for all you do!";;@;;"889515174943707136";https://twitter.com/seddy66/status/889515174943707136
WonkPorn;2017-07-24 11:35;0;0;". @ SenMarkey # Healthcare4All # COLA4America # Infrastructure Educ/Training # SaveSocialSecurity & # SocialJustice THAT'S THE PLAN. @ SRuhle";;@ @;# # # # #;"889509250938150912";https://twitter.com/WonkPorn/status/889509250938150912
SenMarkey;2017-07-24 11:22;9;34;"About to join @ MSNBC @ AliVelshi @ SRuhle to talk about # healthcare, the new Dem econ plan, and giving working families # ABetterDeal.";;@ @ @;# #;"889506032237629440";https://twitter.com/SenMarkey/status/889506032237629440
BezosCare;2017-07-24 10:40;0;0;"Should be medicare for all, free tuition, no war. But instead we'll get meaningless technocratic jargon. @ SenMarkey";;@;;"889495569298845696";https://twitter.com/BezosCare/status/889495569298845696
ClaireParkerDC;2017-07-24 10:25;0;0;"In Boston, @ SenMarkey calls the three Republican healthcare proposals "the bad, the worse, and the ugly." pic.twitter.com/YZ5HtN5I1g";;@;;"889491705073893378";https://twitter.com/ClaireParkerDC/status/889491705073893378
freedom_ns;2017-07-24 07:24;0;1;"Save our Health Care! @ stampslicked @ senmarkey @ SenWarren # Trumpcare https://stampslicked.org/obamacare";;@ @ @;#;"889446238881542144";https://twitter.com/freedom_ns/status/889446238881542144
7MinOfJustice;2017-07-23 20:37;0;0;"I'm grateful to have . @ SenMarkey representing me and defending my # healthcare. # KillTheBillhttps://twitter.com/SenMarkey/status/887809276604956673 …";;@;# #;"889283465665007616";https://twitter.com/7MinOfJustice/status/889283465665007616
emergingexec;2017-07-23 08:32;0;0;"@ sethmoulton @ SenWarren @ SenMarkey Plse do not let the Russia coverage hide what GOP are trying to do with healthcare bill this week";;@ @ @;;"889100848701345795";https://twitter.com/emergingexec/status/889100848701345795
AccActivist;2017-07-22 23:09;0;1;"Good idea. Been scared since the day the so-called president became CinC; and horrified by the rest of his agenda. Thanks for SWAMP law too";;;;"888959191200792576";https://twitter.com/AccActivist/status/888959191200792576
maryatsis;2017-07-22 22:40;2;4;"Scared shitless for our country.";;;;"888951803189968896";https://twitter.com/maryatsis/status/888951803189968896
studioxeoh;2017-07-22 15:55;0;0;"Scared isn't the phrase I would use; I support HR 669 100%, thanks for being our SoCal Senator of reason @ tedlieu! CC @ SenMarkey https://twitter.com/tedlieu/status/888421560628822016 …";;@ @;;"888849946299949057";https://twitter.com/studioxeoh/status/888849946299949057
35stevens;2017-07-22 09:12;0;0;"Hey wait-- Does Russia have single payer health care? @ POTUS @ realDonaldTrump @ SenateMajldr @ SpeakerRyan @ GOP @ SenWarren @ SenMarkey";;@ @ @ @ @ @ @;;"888748498727972864";https://twitter.com/35stevens/status/888748498727972864
QuantumRanger42;2017-07-22 07:32;0;0;"Been scared about this ever since Trump got control of the nuclear football";;;;"888723373903269889";https://twitter.com/QuantumRanger42/status/888723373903269889
DebbieMcD22;2017-07-22 00:50;0;0;"I have been scared for awhile and Trump's scary ride to destroy our democracy and our safety is unbearable! Congress needs to get serious!";;;;"888622233970757633";https://twitter.com/DebbieMcD22/status/888622233970757633
DMJII;2017-07-21 18:24;0;0;"Oh Lordy so scared. I bet can just push a big red button sitting on his night stand without a qualm. Woo thank god sheep like u are around!";;;;"888525041356484608";https://twitter.com/DMJII/status/888525041356484608
CarolynnHagstr1;2017-07-21 17:47;0;0;"Put Medicare for all as an option for people to choose from. Choice, that is what it's about. Right?";;;;"888515873111023616";https://twitter.com/CarolynnHagstr1/status/888515873111023616
Starbuck603;2017-07-21 16:37;0;5;"Been scared for Months now!";;;;"888498117997346816";https://twitter.com/Starbuck603/status/888498117997346816
BoliverWilliams;2017-07-21 16:34;0;0;"Sorry as much as it scares me, having to wait for congressional approval could be disastrous";;;;"888497384489050112";https://twitter.com/BoliverWilliams/status/888497384489050112
ManFromGuam;2017-07-21 16:33;0;2;"And you think he cares? If he wants to he will. He should have been impeached long ago but the GOP members are in lockstep with a traitor";;;;"888497277622513666";https://twitter.com/ManFromGuam/status/888497277622513666
jc5502;2017-07-21 16:19;0;0;"Every1 shld be scared when potus wants US/Mex Wall transparent so Americans wont be hit on head by bag-o-drugs thrown over! CRAZY!pic.twitter.com/5lB7YcoG6v";;;;"888493779719565312";https://twitter.com/jc5502/status/888493779719565312
careyjimzz;2017-07-21 16:04;0;1;". @ SenMarkey I support this. Also support ending AUMF (which should have been ended under @ BarackObama or even @ GeorgeWBush__ before that.";;@ @ @;;"888489881885921281";https://twitter.com/careyjimzz/status/888489881885921281
ria1942;2017-07-21 16:01;0;0;"# war/nuclear strike/more deaths.45 needs this to get re-elected.always reelect during way-time. Yes, I'm scared, helpless to change outcome.";;;#;"888489090089238528";https://twitter.com/ria1942/status/888489090089238528
accidntlmystic;2017-07-21 15:56;2;14;"We passed "scared" three months ago.";;;;"888487744141381632";https://twitter.com/accidntlmystic/status/888487744141381632
kjkdc;2017-07-21 15:34;0;1;"I AM scared already. I'll support HR 669! Unfortunately Congress hasn't passed much of anything, and still no consequences for DJT";;;;"888482402703597568";https://twitter.com/kjkdc/status/888482402703597568
rmo4lcit;2017-07-21 15:32;0;1;"Scared, yes. But your idea would destroy detente, and seems pretty dangerous. What does Pentagon or various nuclear think tanks have to say?";;;;"888481798099001344";https://twitter.com/rmo4lcit/status/888481798099001344
Michellecmills;2017-07-21 15:05;0;1;"Scared of him every day. None of this is normal. I want my country back";;;;"888474948435681280";https://twitter.com/Michellecmills/status/888474948435681280
DebSiwik;2017-07-21 15:03;0;0;"I support @ SenWarren and @ SenMarkey voting NO on GOP healthcare bill. # FixACA";;@ @;#;"888474629651804160";https://twitter.com/DebSiwik/status/888474629651804160
debi_austin;2017-07-21 14:44;0;0;"Scared Terrified Anxious..Allpic.twitter.com/bNUtOyPl6v";;;;"888469628967669761";https://twitter.com/debi_austin/status/888469628967669761
Kizzani34;2017-07-21 14:38;0;0;"Not as scared as the Japanese are....wonder what they think of the Democratic party who mercifully killed 250k civilans";;;;"888468290623881216";https://twitter.com/Kizzani34/status/888468290623881216
KMorser;2017-07-21 14:38;0;0;"Very scared, this is insanity!!";;;;"888468231236747264";https://twitter.com/KMorser/status/888468231236747264
oesmom1;2017-07-21 14:38;0;0;"Hell yes. Been scared since November. Wish I was able to leave";;;;"888468145056489473";https://twitter.com/oesmom1/status/888468145056489473
shessowonderful;2017-07-21 14:36;0;0;"Hell, yes, I'm scared. I have been since trump "won" election. BTW we need to get rid of electoral college.";;;;"888467638208344067";https://twitter.com/shessowonderful/status/888467638208344067
coope2014;2017-07-21 14:33;0;0;"Retweeted Ted Lieu ( @ tedlieu): Scared yet? Support HR 669 by @ SenMarkey & me. Bill requires @ POTUS to get... http://fb.me/32SVmHkJt";;@ @ @;;"888467096400777218";https://twitter.com/coope2014/status/888467096400777218
betsisiddall;2017-07-21 14:18;0;0;"That nut job has always scared me.";;;;"888463106237767680";https://twitter.com/betsisiddall/status/888463106237767680
jamina1;2017-07-21 13:40;0;0;".BadHombreNPS: RT tedlieu: Scared yet? Support HR 669 by SenMarkey & me. Bill requires POTUS to get congressional … https://twitter.com/i/web/status/888421560628822016 …";;;;"888453667401191428";https://twitter.com/jamina1/status/888453667401191428
E8Delilah;2017-07-21 13:19;0;0;"Been scared since November 8";;;;"888448476396363777";https://twitter.com/E8Delilah/status/888448476396363777
lesleasays;2017-07-21 13:11;0;0;"Yes I'm scared! Hell, we all are now! # putin won our election and we have a frickin loose cannon in the Oval Office! WTH do we do now?";;;#;"888446225976111104";https://twitter.com/lesleasays/status/888446225976111104
Karen3737;2017-07-21 13:09;0;0;"I am beyond scared. I am glad I don't have young children.";;;;"888445778431234048";https://twitter.com/Karen3737/status/888445778431234048
c_lcb22;2017-07-21 12:58;1;0;"I've been scared, now moved on to TERRIFIED! # SupportHR669NOW # Impeach45 # Impeach45 # Impeach45 # SupportHR69NOW # Impeach45 # SupportHR669NOW";;;# # # # # # #;"888443006835142657";https://twitter.com/c_lcb22/status/888443006835142657
Bythebeach62;2017-07-21 12:26;0;0;"I pretty much slide back & forth on the scared - terrified spectrum these days. Thank God for this legislation, literally.";;;;"888435108662857728";https://twitter.com/Bythebeach62/status/888435108662857728
KBR1028;2017-07-21 12:24;0;0;"I was scared six months ago.";;;;"888434435405774849";https://twitter.com/KBR1028/status/888434435405774849
looklikeoprah2;2017-07-21 12:22;0;2;"Been Scared!";;;;"888434018949242880";https://twitter.com/looklikeoprah2/status/888434018949242880
maytalism;2017-07-21 12:05;0;1;"The manchild doesn't understand healthcare & its impact on people, why would people think he understands nuclear tactics?!";;;;"888429854210744320";https://twitter.com/maytalism/status/888429854210744320
thebookofdoodle;2017-07-21 12:03;0;0;"Totally scared. But is this path safe? Looking beyond the loon currently at the helm, the president does need max flexibility to respond.";;;;"888429208065630208";https://twitter.com/thebookofdoodle/status/888429208065630208
RhetoricalMedia;2017-07-21 11:58;0;0;"Nope. Not scared. And believe it's probably coming. But don't trust in politicians to do much other than to grift, talk smack and live well.";;;;"888427882233700370";https://twitter.com/RhetoricalMedia/status/888427882233700370
Girlsurgeon;2017-07-21 11:57;13;40;"I am also scared about Tillerson shutting down our cybersecurity unit. Terrified actually. What can Congress do?";;;;"888427768614080513";https://twitter.com/Girlsurgeon/status/888427768614080513
lvingfree5678;2017-07-21 11:50;1;13;"Yes, scared! But wasn't b4 this POTUS! Afraid of the damage he'll cause our Nation esp if he's n Office another 3.5yrs!!! DT the Destroyer!";;;;"888426000660353029";https://twitter.com/lvingfree5678/status/888426000660353029
FloridaWench;2017-07-21 11:47;0;1;"Ive been scared ever since 45 announced he was running for office";;;;"888425327533469697";https://twitter.com/FloridaWench/status/888425327533469697
DBlack_Mountain;2017-07-21 11:47;0;1;"Have been scared 4 past 6mths! Make him stop Plz, before he ends up wiping us off the face of the earth! Checks & Balance. He's detrimental";;;;"888425296893927424";https://twitter.com/DBlack_Mountain/status/888425296893927424
bullybelleTN;2017-07-21 11:44;0;0;"You scare me, Ted.";;;;"888424517831467008";https://twitter.com/bullybelleTN/status/888424517831467008
ginny6363;2017-07-21 11:42;0;1;"Been scared since Nov 9, Senator. Continued thanks for your courageous efforts to keep us safe.";;;;"888423975986098177";https://twitter.com/ginny6363/status/888423975986098177
Joey_Mitchell63;2017-07-21 11:41;0;0;"Congress scares me even more!";;;;"888423770817515521";https://twitter.com/Joey_Mitchell63/status/888423770817515521
LeesATL;2017-07-21 11:37;0;25;"Yes I am very scared this power. Thank you for trying to keep us safe & control some of his crazy!";;;;"888422649860427777";https://twitter.com/LeesATL/status/888422649860427777
zeta12364;2017-07-21 11:35;1;15;"I've been scared since before the election. Please to this and require every candidate to submit tax papers as well. Keep up the good fight.";;;;"888422201308856320";https://twitter.com/zeta12364/status/888422201308856320
tedlieu;2017-07-21 11:33;8417;14583;"Scared yet? Support HR 669 by @ SenMarkey & me. Bill requires @ POTUS to get congressional authorization before launching nuclear 1st strike.https://twitter.com/Livableworld/status/888419605437444096 …";;@ @;;"888421560628822016";https://twitter.com/tedlieu/status/888421560628822016
AARPMA;2017-07-21 09:13;4;4;"Haha, luv this! @ Roamthedomes' tweets are the best. As for Senate health care bill, thx @ SenWarren & @ SenMarkey for your resolve to # VoteNohttps://twitter.com/RoamtheDomes/status/888360639038717952 …";;@ @ @;#;"888386492321726464";https://twitter.com/AARPMA/status/888386492321726464
bwittcoff;2017-07-21 05:55;0;0;"Don’t get distracted: The GOP’s cruel health-care plan isn’t dead yet # Trumpcare @ SenWarren @ SenMarkey https://www.washingtonpost.com/opinions/dont-get-distracted-the-gops-cruel-health-care-plan-isnt-dead-yet/2017/07/20/17d39bb2-6d7a-11e7-b9e2-2056e768a7e5_story.html …";;@ @;#;"888336641206747136";https://twitter.com/bwittcoff/status/888336641206747136
DadoftheDecade;2017-07-20 21:02;0;0;""emergency rooms will treat" as if that is somehow the entirety of medical care.";;;;"888202509591994369";https://twitter.com/DadoftheDecade/status/888202509591994369
DadoftheDecade;2017-07-20 20:37;0;0;"Because Trumpcare strips the maternity coverage mandate from insurers. BABIES will die.";;;;"888196120727482369";https://twitter.com/DadoftheDecade/status/888196120727482369
DadoftheDecade;2017-07-20 20:36;0;0;"Without Obamacare's mental health parity, people will die.";;;;"888195848504561665";https://twitter.com/DadoftheDecade/status/888195848504561665
DadoftheDecade;2017-07-20 20:35;0;0;"Because Obamacare eliminates benefit-killing lifetime caps and pre-existing conditions. Without these protections, people will die.";;;;"888195781735460865";https://twitter.com/DadoftheDecade/status/888195781735460865
DadoftheDecade;2017-07-20 18:44;0;0;"And if you oppose Obamacare, you damned well better never call yourself "Pro life."";;;;"888167701851631616";https://twitter.com/DadoftheDecade/status/888167701851631616
AARPMA;2017-07-20 16:46;6;11;"Once upon the Hill there was a very bad health care bill. How will this story end? @ SenWarren & @ SenMarkey # AintNoFairyTale @ AARPadvocatespic.twitter.com/IRkUR3T9Zb";;@ @ @;#;"888138135678398466";https://twitter.com/AARPMA/status/888138135678398466
kepola808;2017-07-20 12:21;0;0;"Again, you know-it-all morons didn't think twice about healthcare but rather supporting ins companies at the expense of our healthcare.";;;;"888071328778944513";https://twitter.com/kepola808/status/888071328778944513
ResistVocally;2017-07-20 10:34;0;0;"@ SenWarren @ sethmoulton @ SenMarkey @ timkaine @ SenKamalaHarris WE NEED YOUR VOICES TO SAVE THE ACA AND THE RECORD. # Orwellian # Trumpcarehttps://twitter.com/charles_gaba/status/888043143601557504 …";;@ @ @ @ @;# #;"888044339678543873";https://twitter.com/ResistVocally/status/888044339678543873
JusticeWithJean;2017-07-19 22:45;1;1;".@elizabethforma and @ SenMarkey Keep fighting against the horrendous # wealthcare bill because you know that # GOP=sneaky. # ResistTrumpCare";;@elizabethforma @;# # #;"887866131301621764";https://twitter.com/JusticeWithJean/status/887866131301621764
Johno627;2017-07-19 20:28;0;0;"@ SenMarkey Re: # healthcare Suggest you be VERY specific re: 32 million. Your message needs to change to change minds. As of now, it hasn't.";;@;#;"887831530151837696";https://twitter.com/Johno627/status/887831530151837696
Ogglethorpe;2017-07-19 20:25;0;0;"Now go back and tell us how Obamacare has increased in 4 years... please tell us";;;;"887830692033421312";https://twitter.com/Ogglethorpe/status/887830692033421312
nightscouter;2017-07-19 19:16;1;1;"Latest @ GOP bill decimates care for everyone - healthy people, disabled, the elderly, kids. It's a @ GOP death panel.";;@ @;;"887813359403507712";https://twitter.com/nightscouter/status/887813359403507712
AZ4Trump_KAG;2017-07-19 19:13;0;0;"https://www.forbes.com/sites/theapothecary/2017/01/30/beware-of-false-claims-that-obamacare-repeal-will-kill-thousands-of-americans-part-i/#f3735b917f37 …";;;#f3735b917f37;"887812740777074688";https://twitter.com/AZ4Trump_KAG/status/887812740777074688
ArleneJFotherg1;2017-07-19 18:51;0;0;"How can Trump care be caring when so many people will be uninsured like the old, sick, children, disabled, poor and it could me in my future";;;;"887807155700727808";https://twitter.com/ArleneJFotherg1/status/887807155700727808
gusnlea;2017-07-19 18:49;0;0;"And DOUBLED PREMIUMS. Gotp cares only about money - not people. Focus on the doubled premiums!";;;;"887806510851600384";https://twitter.com/gusnlea/status/887806510851600384
Lorrie57;2017-07-19 18:35;0;0;"If u read the article you would know; it was passed like Obamacare. It's another govt grab as a utility that can be taxed";;;;"887803131211522049";https://twitter.com/Lorrie57/status/887803131211522049
stackmack746;2017-07-19 18:19;0;0;"@ cspan hah!Obama care failed from the get go.it was to EXPENSIVE.especially for the middle of the country.";;@;;"887798955899322370";https://twitter.com/stackmack746/status/887798955899322370
Hammeronthefuse;2017-07-19 18:18;0;0;"Go back to how it was before Obamacare. Everything worked fine then. Insurance was affordable and actually covered treatment.";;;;"887798717620916224";https://twitter.com/Hammeronthefuse/status/887798717620916224
Hammeronthefuse;2017-07-19 18:15;0;0;"Obamacare has done the same thing already.";;;;"887798128052666370";https://twitter.com/Hammeronthefuse/status/887798128052666370
MikemacMacInnes;2017-07-19 18:14;0;1;"When it happens their is no escape. Only the rich and connected will get decent care. These idiots have no clue what they are hoping for.";;;;"887797863815819265";https://twitter.com/MikemacMacInnes/status/887797863815819265
MikemacMacInnes;2017-07-19 18:08;0;1;"Hey @ SenMarkey funny how u say he's obligated to execute Obamacare yet when he tries to execute our immigration laws u call him a racist.";;@;;"887796249545646081";https://twitter.com/MikemacMacInnes/status/887796249545646081
SenMarkey;2017-07-19 18:00;42;88;"Republicans should abandon # healthcare repeal and work with Democrats to make the # ACA work for all. # ProtectOurCare";;;# # #;"887794240461438980";https://twitter.com/SenMarkey/status/887794240461438980
SenMarkey;2017-07-19 17:56;42;52;"Latest Republican health care bill: premiums go up 25% in 2018 premiums go up 50% in 2020 premiums go up 100% in 2026 # ProtectOurCare";;;#;"887793250064584704";https://twitter.com/SenMarkey/status/887793250064584704
SenMarkey;2017-07-19 17:49;52;53;"The Good, the Bad & the Ugly: House # healthcare bill: 24M 1st Sen. health care bill: 23M Latest Senate repeal-&-delay bill: 32M uninsured";;;#;"887791611861762049";https://twitter.com/SenMarkey/status/887791611861762049
PT_US_Congress;2017-07-19 16:33;0;0;"RT @ WWFH_MA: Many thanks to @ SenMarkey and staff for a great visit. Enjoyed discussing # PDUFA, # Healthcare & # Lifesciences with you today.…";;@ @;# # #;"887772357070290946";https://twitter.com/PT_US_Congress/status/887772357070290946
Lightnin91;2017-07-19 16:05;0;0;"@ SenMarkey No repeal/replace. People will die with Repub. changes, provide healthcare for everyone. It is a right Especially in MA!";;@;;"887765353979359234";https://twitter.com/Lightnin91/status/887765353979359234
WWFH_MA;2017-07-19 16:04;6;14;"Many thanks to @ SenMarkey and staff for a great visit. Enjoyed discussing # PDUFA, # Healthcare & # Lifesciences with you today. # WWFH17pic.twitter.com/JNqyZBfjPy";;@;# # # #;"887765157623066624";https://twitter.com/WWFH_MA/status/887765157623066624
NancyJohnson45;2017-07-19 15:32;2;2;": Donald Trump is constitutionally obligated not to “just let Obamacare fail.”...so far this doesn't seem to be of concern to him";;;;"887756966151499776";https://twitter.com/NancyJohnson45/status/887756966151499776
PT_US_Congress;2017-07-19 15:15;0;0;"RT @ GlobeOpinion: . @ SenMarkey: Donald Trump is constitutionally obligated not to “just let Obamacare fail.” http://buff.ly/2tfT5pZ";;@ @;;"887752841951145985";https://twitter.com/PT_US_Congress/status/887752841951145985
LKBinNC;2017-07-19 15:14;1;2;"IMO when Trump says "let Obamacare fail." that's an impeachable statement. ACA is the law and Trump swore to uphold the laws.";;;;"887752553299152897";https://twitter.com/LKBinNC/status/887752553299152897
NuclearPotato;2017-07-19 15:10;0;0;"@ SenMarkey # Healthcare not warfare. Say no to # Trumpcare";;@;# #;"887751555356774400";https://twitter.com/NuclearPotato/status/887751555356774400
GlobeOpinion;2017-07-19 14:40;28;48;". @ SenMarkey: Donald Trump is constitutionally obligated not to “just let Obamacare fail.” http://buff.ly/2tfT5pZ";;@;;"887744069660790785";https://twitter.com/GlobeOpinion/status/887744069660790785
FundacionEfrain;2017-07-19 13:52;0;0;"UnitedWeStand Divided U fall # HealthcareBill @ SenPatRoberts @ SenAngusKing @ ChrisVanHollen @ SenatorCardin @ SenMarkey @ amyklobuchar @ RoyBlunt";;@ @ @ @ @ @ @;#;"887731766613749767";https://twitter.com/FundacionEfrain/status/887731766613749767
childresspta;2017-07-19 13:47;0;0;"ACA was never about healthcare, it has always been about controlling people.";;;;"887730549279911936";https://twitter.com/childresspta/status/887730549279911936
GreggHoush;2017-07-19 11:21;0;0;"@ SenMarkey $765 billion per year lost in US healthcare system. Want to fix healthcare? Maybe start with this https://www.propublica.org/article/the-myth-of-drug-expiration-dates …";;@;;"887693905701023744";https://twitter.com/GreggHoush/status/887693905701023744
wvhillbillie71;2017-07-19 07:48;0;0;"Need to have easier access to pain relief specialty care.";;;;"887640177950302208";https://twitter.com/wvhillbillie71/status/887640177950302208
wvhillbillie71;2017-07-19 07:46;0;1;"What about the people who really need it having to travel 3 hours to a specialized clinic because doctors are too scared to prescribe.";;;;"887639832486449153";https://twitter.com/wvhillbillie71/status/887639832486449153
The3rdstooge;2017-07-18 21:27;0;0;"Wait til Obamacare completely implodes. Your handpuppets on the cc will own the collapse.";;;;"887483963522134018";https://twitter.com/The3rdstooge/status/887483963522134018
krumb1;2017-07-18 20:59;0;0;"He doesn't care";;;;"887477002609061892";https://twitter.com/krumb1/status/887477002609061892
DarthBenzar;2017-07-18 19:43;0;0;"Ugh # trumpdontcare is more like it. I say keep obamacare and have optional dumpcare or whatever hes calling it so the people can choose!";;;#;"887457928726183937";https://twitter.com/DarthBenzar/status/887457928726183937
jsd_west;2017-07-18 19:19;0;0;"What you cite is correct. Problem is that is not what Congressman said. He said @ GOP responsible to FIX Obamacare. My point: He isn't.";;@;;"887451688646438913";https://twitter.com/jsd_west/status/887451688646438913
FirstTi63420799;2017-07-18 18:30;0;1;"We have more important things - but then, what do you care?";;;;"887439462875238401";https://twitter.com/FirstTi63420799/status/887439462875238401
FundacionEfrain;2017-07-18 17:07;0;0;"# promise is promise # HealthcareBill @ SenAngusKing @ ChrisVanHollen @ SenatorCardin @ SenMarkey @ amyklobuchar @ RoyBlunt @ clairecmc @ SteveDaines";;@ @ @ @ @ @ @ @;# #;"887418472245886982";https://twitter.com/FundacionEfrain/status/887418472245886982
Walsh7Meg;2017-07-18 17:01;0;1;"Explain how @ POTUS Isn't executing 0bamacare? He isn't interfering with it. He's letting it run the way it was designed.";;@;;"887416956927848451";https://twitter.com/Walsh7Meg/status/887416956927848451
LawyerCassella;2017-07-18 16:14;0;1;"Why doesn't Obamacare work NOW, Genius?";;;;"887405121642037251";https://twitter.com/LawyerCassella/status/887405121642037251
dicksonrk;2017-07-18 15:13;0;0;"Respectfully, hlthcare is not a right except for the very poor. It's plain to me that you are not the source of my Rights.";;;;"887389902719123456";https://twitter.com/dicksonrk/status/887389902719123456
littlewing628;2017-07-18 14:55;0;0;"Focus on bipartisan issues to REDUCE healthcare costs! REDUCE REDUCE REDUCE costs not screw it all up more";;;;"887385337638658049";https://twitter.com/littlewing628/status/887385337638658049
Walsh7Meg;2017-07-18 14:43;0;0;"You own 0bamacare and when it fails as it was designed to do it's on you.";;;;"887382267596767233";https://twitter.com/Walsh7Meg/status/887382267596767233
fredojack17;2017-07-18 14:23;0;0;"He does not care. Mueller needs to hurry up.";;;;"887377228379586560";https://twitter.com/fredojack17/status/887377228379586560
johnnysez1;2017-07-18 14:20;0;0;"Currently 23000000 don't have healthcare insurance because it's too expensive thanks to OBAMACARE!";;;;"887376613519876096";https://twitter.com/johnnysez1/status/887376613519876096
SenMarkey;2017-07-18 14:10;22;52;"If Trump fails in his obligation to faithfully execute laws of the land-incl # ACA-he will imperil # healthcare markets & millions of lives.https://twitter.com/cspan/status/887364488877322240 …";;;# #;"887373983674511360";https://twitter.com/SenMarkey/status/887373983674511360
skys_hazy;2017-07-18 13:14;1;2;"How much money has aarp gotten under the unaffordable care act";;;;"887359880893485057";https://twitter.com/skys_hazy/status/887359880893485057
benigma2017;2017-07-18 12:23;0;0;"lol. i am a health care provider. consumers dont have any choice anymore. they get screwed in every direction.";;;;"887347212484829184";https://twitter.com/benigma2017/status/887347212484829184
MMcneight;2017-07-18 12:20;0;0;"You take away the consumers choices with single payer. With the gov so deep into healthcare the insurance companies don't have to compete";;;;"887346273912844288";https://twitter.com/MMcneight/status/887346273912844288
RichardJGagnon;2017-07-18 12:15;0;0;"Healthcare is NOT a 'right'. Life is a right. Liberty is a right. The pursuit of happiness is a right. Defend those rights as you swore to.";;;;"887345153513582593";https://twitter.com/RichardJGagnon/status/887345153513582593
RichardJGagnon;2017-07-18 12:09;0;0;"Healthcare is";;;;"887343501867986946";https://twitter.com/RichardJGagnon/status/887343501867986946
benigma2017;2017-07-18 12:06;0;0;"healthcare is what i do for a living. it is poisoned by the presence of insurance companies.";;;;"887342742644428800";https://twitter.com/benigma2017/status/887342742644428800
MMcneight;2017-07-18 12:05;0;0;"No profit motive? Where do new ideas, procedures etc come from? Healthcare is, like it or not, an economic transaction.";;;;"887342565086855168";https://twitter.com/MMcneight/status/887342565086855168
ScoginsBitch;2017-07-18 11:58;0;0;"Thank you for fighting for us and please push a Medicare for all expansion.";;;;"887340771569000448";https://twitter.com/ScoginsBitch/status/887340771569000448
benigma2017;2017-07-18 11:54;0;1;"healthcare should be medicare for all. no profit motive. providers decide when patient well enough to go home and what procedures they need.";;;;"887339876236054529";https://twitter.com/benigma2017/status/887339876236054529
EmmaGViolinist;2017-07-18 11:31;0;0;"@ SenWarren @ SenMarkey @ SenateDems Do whatever you have to do. Don't let @ SenateGOP # repealobamacare. Use any legal means necessary.";;@ @ @ @;#;"887333933528084480";https://twitter.com/EmmaGViolinist/status/887333933528084480
Hosanna71010988;2017-07-18 11:13;0;0;"It's time to get rid of Paul, Graham, McConnell and especially you McCain, you have had years to fix Obamacare and have accomplished nothing";;;;"887329433081851905";https://twitter.com/Hosanna71010988/status/887329433081851905
jentaub;2017-07-18 10:57;0;5;"Yes. It's time craft sensible transition plan to Medicare for All, so businesses can thrive & we can flourish like other advanced nations.";;;;"887325518252650496";https://twitter.com/jentaub/status/887325518252650496
Yzxxzzxxzy;2017-07-18 10:48;0;2;"A bipartisan solution to reduce health costs and improve care would be to repeal the # ACA. Work on it instead of complaining about Repubs.";;;#;"887323108599898113";https://twitter.com/Yzxxzzxxzy/status/887323108599898113
SenMarkey;2017-07-18 10:47;23;67;"Keep raising your voices & sharing your stories. # Healthcare is a right for all, not a privilege for the few. # ProtectOurCare";;;# #;"887322898544906241";https://twitter.com/SenMarkey/status/887322898544906241
nh1Birddog;2017-07-18 10:43;0;1;"The former ice cream truck driver is now an authority on health care...... Markey is a boil on the DemocRats ass.";;;;"887322016067584001";https://twitter.com/nh1Birddog/status/887322016067584001
SenMarkey;2017-07-18 10:41;29;92;"It’s time to end the # ACA repeal effort and focus on bipartisan solutions to reduce health costs and improve care.";;;#;"887321323311173634";https://twitter.com/SenMarkey/status/887321323311173634
lataylor2;2017-07-18 10:28;0;0;". @ SenMarkey GOP is relentless in healthcare attacks! Repeal w/out replacement: 32M lose insurance. Pls work w GOP colleagues on a solution!";;@;;"887318282667270145";https://twitter.com/lataylor2/status/887318282667270145
chill_boston;2017-07-18 10:21;0;0;"Now is time for Dem health care counter-proposal, starting with these ideas @ RepJoeKennedy @ SenWarren @ SenMarkey https://mobile.nytimes.com/2016/11/15/upshot/politics-aside-we-know-how-to-fix-obamacare.html?referer=https://t.co/FrHN3Chqrn?amp=1 …";;@ @ @;;"887316315765186560";https://twitter.com/chill_boston/status/887316315765186560
SenMarkey;2017-07-18 10:11;28;70;"# Trumpcare was never about policy, it was always about politics and keeping the GOP promise of tax breaks for the wealthy. # ProtectOurCare";;;# #;"887313829532749825";https://twitter.com/SenMarkey/status/887313829532749825
AtriusNews;2017-07-18 08:06;2;1;"Capitol Hill visits kick off today # hospice # palliative care @ HospiceAction @ NHPCO_news on behalf of @ VNACare with @ SenMarkey";;@ @ @ @;# #;"887282302656684032";https://twitter.com/AtriusNews/status/887282302656684032
asiegel66;2017-07-17 23:23;0;0;"@ SenWarren @ SenMarkey @ RepJoeKennedy amid the healthcare chaos, don't lose sight of Russians at State Dept. getting spy houses back. Yikes!";;@ @ @;;"887150844784803841";https://twitter.com/asiegel66/status/887150844784803841
IanMcClelland75;2017-07-17 22:32;0;0;"Yup. Approximately 1-2% choose to pay out of pocket to get quicker care. I almost did it myself. 52000 out of THIRTY SIX MILLION. Oh my.";;;;"887138022483001344";https://twitter.com/IanMcClelland75/status/887138022483001344
IanMcClelland75;2017-07-17 22:20;0;0;"Also, we don't have a big % of the population using the ER as primary care, which is crazy expensive. Preventative medicine holds down costs";;;;"887135021148119041";https://twitter.com/IanMcClelland75/status/887135021148119041
IanMcClelland75;2017-07-17 22:12;0;0;"Please explain to me how my access to healthcare is limited. I'll wait.";;;;"887132896074575874";https://twitter.com/IanMcClelland75/status/887132896074575874
affordlife;2017-07-17 22:08;0;0;"Incentivize people to save for their own healthcare. The govt cannot afford. We are $20trill in debt!";;;;"887131978415435776";https://twitter.com/affordlife/status/887131978415435776
SusanJHurley;2017-07-17 22:00;0;1;"@ SenWarren @ SenMarkey thank you for fighting to stop Trumpcare! You make us proud to be from Ma! Please don't stop, they are not done trying";;@ @;;"887129807233961985";https://twitter.com/SusanJHurley/status/887129807233961985
IanMcClelland75;2017-07-17 21:50;0;0;"True, although difference is less now. US r&d is HUGE and you guys get it first as a result, but that wouldn't change with universal care";;;;"887127340886765568";https://twitter.com/IanMcClelland75/status/887127340886765568
cblechman;2017-07-17 21:47;0;1;"# MedicareForAll. Do it. Do it now @ SenWarren @ SenMarkey @RepMikeCapuano @ senjehlen @ sethmoulton @ DeniseProvost1 @ SenSanders";;@ @ @RepMikeCapuano @ @ @ @;#;"887126743647236096";https://twitter.com/cblechman/status/887126743647236096
IanMcClelland75;2017-07-17 20:56;0;0;"US is the only industrialized nation w/out universal healthcare & yet you spend 2-3x what we do w/out better outcomes. It's actually CHEAPERpic.twitter.com/Mh5Kp2Xmdg";;;;"887113932590239744";https://twitter.com/IanMcClelland75/status/887113932590239744
SenMarkey;2017-07-17 19:00;32;42;"Powerful op-ed by @ JoeBiden about what's at stake for Americans in the battle for quality, affordable # healthcare. https://www.washingtonpost.com/news/posteverything/wp/2017/07/17/joe-biden-as-a-nation-we-decided-that-health-care-is-for-all-republicans-want-to-roll-that-back/ …";;@;#;"887084502211633152";https://twitter.com/SenMarkey/status/887084502211633152
TinyFingerTrump;2017-07-17 18:47;0;0;"Trumpcare is # SubprimeInsurance with corporate # DeathPanels";;;# #;"887081476646465536";https://twitter.com/TinyFingerTrump/status/887081476646465536
RichardJGagnon;2017-07-17 17:32;0;1;"Just like Obamacare!!";;;;"887062534582407168";https://twitter.com/RichardJGagnon/status/887062534582407168
SenMarkey;2017-07-17 17:30;46;80;"# Trumpcare: Zero hearings. Zero protections. Zero heart. This health care bill is a big, fat ZERO.http://www.cnn.com/2017/07/17/politics/democrats-demand-health-care-bill-hearings/index.html …";;;#;"887061850340212736";https://twitter.com/SenMarkey/status/887061850340212736
SenMarkey;2017-07-17 17:00;23;39;"Here's what the American @ LungAssociation is saying about # Trumpcare. # ProtectOurCarepic.twitter.com/kymt2qLI6C";;@;# #;"887054313591193601";https://twitter.com/SenMarkey/status/887054313591193601
89VWGolf;2017-07-17 16:57;0;0;"Your response @ senrobportman? Commit to voting NO on # Trumpcare";;@;#;"887053574559150080";https://twitter.com/89VWGolf/status/887053574559150080
SenMarkey;2017-07-17 16:50;32;79;"GOP delayed # Trumpcare vote another week b/c they don’t have the votes. That’s enough time to hold at least 1 hearing. Nope.";;;#;"887051787286523904";https://twitter.com/SenMarkey/status/887051787286523904
JimStanley1;2017-07-17 16:31;0;1;"Thanks, Senator, for fighting for her. And ALL Americans. # ProtectOurCare # Trumpcare is a big # trumpfail";;;# # #;"887047138647179264";https://twitter.com/JimStanley1/status/887047138647179264
MMcneight;2017-07-17 16:26;0;0;"So who should run healthcare? Ed markey determines how much each Dr gets paid? Each nurse? The custodian? How is it immoral?";;;;"887045880016240640";https://twitter.com/MMcneight/status/887045880016240640
SenMarkey;2017-07-17 16:16;15;26;"On # WorldEmojiDay here's a breakdown of # Trumpcare: wealthy=. Poor, disabled, elderly =. # Medicaid =. # ProtectOurCare";;;# # # #;"887043374296989697";https://twitter.com/SenMarkey/status/887043374296989697
PoliticaCorrott;2017-07-17 15:49;0;0;"You don't ask nor care if # Medicaid works-it does not. You make ham-fisted manipulation attempt # ProtectOurCare is BS # ProtectOurDemocracypic.twitter.com/l1AenaEbAj";;;# # #;"887036620024709121";https://twitter.com/PoliticaCorrott/status/887036620024709121
fleaflicker44;2017-07-17 15:37;0;1;"Obamacare prices threatens my ability to live comfortably.";;;;"887033642119159808";https://twitter.com/fleaflicker44/status/887033642119159808
iam32Prosper;2017-07-17 15:33;0;0;"if ed really cared at all ACA would be his health care coverage all congressionals healthcare coverage stop taxing the elderly too";;;;"887032462844604422";https://twitter.com/iam32Prosper/status/887032462844604422
benigma2017;2017-07-17 15:33;0;0;"you can tell the same sort of stories about the ACA. insurance run healthcare is immoral and puts profits over patient care. # singlepayer";;;#;"887032424571514880";https://twitter.com/benigma2017/status/887032424571514880
FrederickLittl3;2017-07-17 15:31;0;0;"So when will you come out for # MedicareForAll # SinglePayer # NHS4US";;;# # #;"887031928821567488";https://twitter.com/FrederickLittl3/status/887031928821567488
SenMarkey;2017-07-17 15:22;71;127;"Hear from Shelby about what # Medicaid cuts in # Trumpcare will mean for her & millions in need of # opioid treatment. # ProtectOurCarepic.twitter.com/qT24pWQr2o";;;# # # #;"887029701121900545";https://twitter.com/SenMarkey/status/887029701121900545
SenMarkey;2017-07-17 14:55;137;283;"This is my constituent, Ellie, from Wayland. She relies on # Medicaid. But # Trumpcare cuts threaten her future & her health. # ProtectOurCarepic.twitter.com/jLBytPJVtz";;;# # #;"887023016462438400";https://twitter.com/SenMarkey/status/887023016462438400
shrewsburian;2017-07-17 11:24;0;0;"@ SenMarkey don't put coverage for # bleedingdisorders at risk! Vote NO on the BCRA! # protectourcare # protectmedicaid";;@;# # #;"886969775762669569";https://twitter.com/shrewsburian/status/886969775762669569
SenMarkey;2017-07-17 08:41;32;64;"# TrumpcareIsHere, are you ready to fight to # ProtectOurCare? # WinterIsHerepic.twitter.com/vuYkO6L9B7";;;# # #;"886928739657031680";https://twitter.com/SenMarkey/status/886928739657031680
AARPMA;2017-07-17 05:05;36;103;"Our terrific volunteers dropped off 2500 signed petitions fm members, against the Senate health care plan to @ SenWarren & @ SenMarkey # VoteNopic.twitter.com/j31qhWzc6L";;@ @;#;"886874530890829824";https://twitter.com/AARPMA/status/886874530890829824
AARPMA;2017-07-16 01:41;1;1;"The Senate health care bill remains wildly unpopular. Thx @ SenWarren and @ SenMarkey, for planning to # voteno.http://spr.ly/60198SDZV";;@ @;#;"886460845122826240";https://twitter.com/AARPMA/status/886460845122826240
AARPMA;2017-07-15 15:00;3;4;"No backroom deal will fix this bad health care bill. Our radio ad asks Senators to # VoteNo. http://spr.ly/60158qfDX @ SenWarren @ SenMarkey";;@ @;#;"886299333745889280";https://twitter.com/AARPMA/status/886299333745889280
PeterRoach7;2017-07-15 12:28;0;1;"I don't think that this requirement will solve the integrity issues with many health care professionals.";;;;"886261189617082369";https://twitter.com/PeterRoach7/status/886261189617082369
JamesGr27807913;2017-07-15 10:05;0;0;"Your daughter defrauded America out of money, your defrauding people from $ out of politics/healthcare/ in the middle East. # fakedem";;;#;"886225299976925186";https://twitter.com/JamesGr27807913/status/886225299976925186
sceastwood;2017-07-15 08:10;0;0;"RT @ SenateDems: . @ SenMarkey: "The # opioid fund is not a fix, it is a falsehood." # Trumpcare https://twitter.com/SenateDems/status/885523993268289540 … # Trumpcare";;@ @;# # #;"886196190299160576";https://twitter.com/sceastwood/status/886196190299160576
genghisgalahad2;2017-07-14 19:53;0;0;"https://youtu.be/j9aKXAckwX4  via @ SenMarkey # trumpcare # opioidcrisis";;@;# #;"886010728619974656";https://twitter.com/genghisgalahad2/status/886010728619974656
judi_qp;2017-07-14 18:58;1;3;"@ SenMarkey, looking forward to talking abt # hospice & # palliative care with you next week at # HAN17 # hpmpic.twitter.com/s3Ae1XGQDy";;@;# # # #;"885996942387531777";https://twitter.com/judi_qp/status/885996942387531777
rlamartini;2017-07-14 16:48;0;0;"Your agenda like the AMA does not represent most doctors and sadly not patients as they and us deserve real health care not empty coverage!";;;;"885964146579300353";https://twitter.com/rlamartini/status/885964146579300353
AARPMA;2017-07-14 16:15;3;2;"The health care bill=higher costs, less coverage. Our new ad asks Senators 2 # VoteNo. Listen: http://spr.ly/60158q47Z @ SenWarren @ SenMarkey";;@ @;#;"885955815093538816";https://twitter.com/AARPMA/status/885955815093538816
DonaldRBryant;2017-07-14 16:06;0;0;"No one is listening to Dems, Senator. You had a run at healthcare. Time's up.";;;;"885953785331363840";https://twitter.com/DonaldRBryant/status/885953785331363840
johnnysez1;2017-07-14 16:06;0;0;"Is the Healthcare Insurance Bill finalized yet? If not what exactly is your point?";;;;"885953675407044609";https://twitter.com/johnnysez1/status/885953675407044609
SenMarkey;2017-07-14 16:05;9;16;"# Trumpcare is a false bargain that # GOP will make at the expense of efforts to combat the # opioidepidemic.https://www.markey.senate.gov/news/press-releases/senator-markey-joins-substance-abuse-treatment-and-recovery-services-provider-and-advocate-in-blasting-medicaid-cuts-and-so-called-opioid-fund-in-newest-gop-health-care-bill …";;;# # #;"885953296040460290";https://twitter.com/SenMarkey/status/885953296040460290
SenMarkey;2017-07-14 15:55;16;34;"Proud to stand with @ gavinfoundation today in the fight against # Trumpcare. Latest # GOP opioid fund fix is a falsehood. # ProtectOurCarepic.twitter.com/tGO8nFO3XD";;@;# # #;"885950785632251904";https://twitter.com/SenMarkey/status/885950785632251904
NBlard;2017-07-14 15:45;0;0;"We've sent 95+ Health Care Stories to Sen Markey. Let's have U in other states send more to your Sens.https://www.momsrising.org/blog/what-you-can-do-to-help-save-health-care-whether-you-have-democratic-or-republican-senators …";;;;"885948449971220481";https://twitter.com/NBlard/status/885948449971220481
SenMarkey;2017-07-14 15:30;17;35;"Guess what? # Trumpcare is STILL a bad prescription for # MA. # ProtectOurCarepic.twitter.com/Q1PekeRzX6";;;# # #;"885944490367766528";https://twitter.com/SenMarkey/status/885944490367766528
ThePantau;2017-07-14 15:22;0;2;"Funny how the democrats didn't involve the GOP in bill negotiation back in 2009-2010 when Obamacare was on the table. @ SenMarkey https://twitter.com/axios/status/885941459903537152 …";;@;;"885942472941109250";https://twitter.com/ThePantau/status/885942472941109250
Lorrie57;2017-07-14 15:21;0;0;"1. your # protectOurCare is a lie, as you know. you have exempted yourself from Obamacare. 2. only those paying $0. want it";;;#;"885942276475809793";https://twitter.com/Lorrie57/status/885942276475809793
7MinOfJustice;2017-07-14 15:18;0;0;"Thanks to my senator @ SenMarkey for defending the # healthcare of our most vulnerable Americans! # NoTrumpCarehttps://twitter.com/SenMarkey/status/885939077463375873 …";;@;# #;"885941529621213184";https://twitter.com/7MinOfJustice/status/885941529621213184
SenMarkey;2017-07-14 15:08;23;42;"Can you spot the differences between Trumpcare 1.0 & # Trumpcare 2.0? # ProtectOurCarepic.twitter.com/XR4kMSQQpL";;;# #;"885939077463375873";https://twitter.com/SenMarkey/status/885939077463375873
WeightInnovate;2017-07-14 14:20;0;0;"Gauge of evil in is how much we deny others fruits of God's Benevolence Mercy & Faith in us. Pls Stop # Trumpcare @ SenWarren @ SenMarkey";;@ @;#;"885927005165953024";https://twitter.com/WeightInnovate/status/885927005165953024
DrJoeBentivegna;2017-07-14 13:04;0;0;"@ SenatorCardin @ BenCardinforMD @ senmarkey @ EdMarkey @ SenWarren @ SenGaryPeters # HealthcareBillhttps://www.youtube.com/watch?v=QQTX0DWonbE&t=16s …";;@ @ @ @ @ @;#;"885907888623038465";https://twitter.com/DrJoeBentivegna/status/885907888623038465
ldforry;2017-07-14 12:25;4;7;"TY @ SenMarkey 4 your work around addiction issues. I commend your leadership and the work of # MA delegation on # healthcare # ProtectOurCarehttps://twitter.com/gavinfoundation/status/885892099928981506 …";;@;# # #;"885898097666265089";https://twitter.com/ldforry/status/885898097666265089
robyn_1966;2017-07-14 11:49;1;3;"# TrumpcareWill cut funding for opioid add IN HALF, leaving folks to struggle AND DIE. # ProtectOurCare Proud @ SenMarkey is my senator! https://twitter.com/SenMarkey/status/885886550139183104 …";;@;# #;"885889006306816004";https://twitter.com/robyn_1966/status/885889006306816004
SenMarkey;2017-07-14 11:39;57;168;"I’m going to keep speaking & keep fighting # Trumpcare until my # GOP colleagues take their heads out of the sand & listen. # ProtectOurCare ↓pic.twitter.com/2bermY8ZHt";;;# # #;"885886550139183104";https://twitter.com/SenMarkey/status/885886550139183104
SharmanTV;2017-07-14 10:53;13;12;"Opioid crisis: @ SenMarkey holds up chart of what is spent on treatment by Affordable care act vs what would be by Senate health care bill pic.twitter.com/FekHBkdJYY";;@;;"885874946089648128";https://twitter.com/SharmanTV/status/885874946089648128
ErikGehring;2017-07-14 09:38;0;0;"Called @ SenWarren @ SenMarkey @ RepLynch to fight against any health care bill that uninsures hard-working Americans. https://www.nytimes.com/2017/07/13/us/politics/senate-republican-health-care-bill.html …";;@ @ @;;"885856037315776512";https://twitter.com/ErikGehring/status/885856037315776512
MC_Snitchy;2017-07-14 08:04;0;0;"We have money for # HealthcareIsAHumanRight @ KimKardashian @ Astro2fish @ ISS_Research @ SamuelLJackson @ ABCPoliticspic.twitter.com/Z1E9M7o3M2";;@ @ @ @ @;#;"885832370498265088";https://twitter.com/MC_Snitchy/status/885832370498265088
savetheturtles2;2017-07-14 06:12;0;0;"# HealthcareBill Jamie's Story # Medicaid # savinglives @ SenMarkey @ joekennedy @ SenWarren https://www.youtube.com/watch?v=t3tv9qhaoH0&feature=share …";;@ @ @;# # #;"885804278719410176";https://twitter.com/savetheturtles2/status/885804278719410176
PainPtFightBack;2017-07-14 02:06;1;5;"Pls watch/think about care YOU'D want if YOU had severe pain 24/7 @ SenMarkey @ Sen_JoeManchin @ Governor_LePage @ GovChristie @ madras_berthahttps://twitter.com/StefanKertesz/status/885730356627779584 …";;@ @ @ @ @;;"885742316958384129";https://twitter.com/PainPtFightBack/status/885742316958384129
Mittineague;2017-07-14 00:57;0;0;". @ SenMarkey @ SenWarren @ SenatorCardin Examine your conscience Serve constituents + Americans Fix # ACA or pass # SinglePayer # MedicareForAll";;@ @ @;# # #;"885724963595931649";https://twitter.com/Mittineague/status/885724963595931649
KarenBrown732;2017-07-14 00:13;0;0;"I trust the CBO & IG not Obama, he looted medicare & vets. Seniors & disabled get less care, fewer Dr's, Obama cut access to med equipment";;;;"885713899873378305";https://twitter.com/KarenBrown732/status/885713899873378305
AARPMA;2017-07-13 23:56;23;43;"See why self-employed Bostonian Vanessa Hogan is urging @ SenWarren & @ SenMarkey to # VoteNo on the Senate health care bill. @ AARPadvocatespic.twitter.com/G1qNDL5HhL";;@ @ @;#;"885709681624313856";https://twitter.com/AARPMA/status/885709681624313856
minismom;2017-07-13 22:34;0;0;"@ SenMarkey @ SenWarren As MA Health Care Professional it is apparent we need MORE coverage 4 mental Health care NOT LESS. # Act4MentalHealthhttps://twitter.com/NAMICommunicate/status/885637514761039872 …";;@ @;#;"885688938396082176";https://twitter.com/minismom/status/885688938396082176
savetheturtles2;2017-07-13 22:13;0;0;"@ SenWarren @ SenMarkey @ joekennedy My friends story on Medicare and family and love and care !https://twitter.com/savetheturtles2/status/885683181596422144 …";;@ @ @;;"885683705980866561";https://twitter.com/savetheturtles2/status/885683705980866561
dave_m_;2017-07-13 21:00;0;0;"Read about it at http://medicare.gov , no benefits were cut, the ACA actually closes the RX drug donut hole https://www.medicare.gov/about-us/affordable-care-act/affordable-care-act.html …";;;;"885665343284199424";https://twitter.com/dave_m_/status/885665343284199424
KarenBrown732;2017-07-13 20:57;0;0;"No, Obamacare robs Medicare of $500-716bil, shreds safetynet CBO reported in Politico http://www.politico.com/story/2012/01/obamacare-shreds-social-safety-net-072030 … https://www.cbo.gov/sites/default/files/43471-hr6079_0.pdf …";;;;"885664421477060608";https://twitter.com/KarenBrown732/status/885664421477060608
lupemax;2017-07-13 20:51;0;0;"trump care = death sentence for millions of Americans. So is the ACA - 30 million not even covered.";;;;"885663080688082944";https://twitter.com/lupemax/status/885663080688082944
KTildes;2017-07-13 19:38;0;0;". @ SenMarkey Trumpcare will gut Medicaid and devastate working families. Read their stories: http://bit.ly/2uVZNCK";;@;;"885644722118823940";https://twitter.com/KTildes/status/885644722118823940
KTildes;2017-07-13 19:38;0;0;". @ SenMarkey Put @ SenateMajLdr’s “new” Trumpcare on the shelf--Americans don’t want it. We want real solutions. Vote NO!";;@ @;;"885644626534834177";https://twitter.com/KTildes/status/885644626534834177
KTildes;2017-07-13 19:38;0;0;". @ SenMarkey @ SenateGOP’s “new” Trumpcare bill is a bad deal. It’s deadly. It will hurt millions of American families. Vote NO!";;@ @;;"885644587653574657";https://twitter.com/KTildes/status/885644587653574657
SMARTtalkDaily;2017-07-13 19:37;0;0;"Thank you, @ SenMarkey We need # healthcare not # wealthcare";;@;# #;"885644483026706433";https://twitter.com/SMARTtalkDaily/status/885644483026706433
Steve_Gill75;2017-07-13 18:59;0;0;"In your entire career in government Ed, what have you done to sure up our systems to prevent addiction in the first place?";;;;"885634800555524096";https://twitter.com/Steve_Gill75/status/885634800555524096
JoceH;2017-07-13 18:31;0;1;"And then they came for Medicare!!! No No No Hell No. @ aarpma @ SenWarren @ SenMarkey https://twitter.com/AARPMA/status/885423583819956224 …";;@ @ @;;"885627789310926848";https://twitter.com/JoceH/status/885627789310926848
mohdux2;2017-07-13 18:19;0;1;"Wrong again, Senator. It was about fixing the terrible Obamacare bill which never achieved your goals and saw health ins. Costs skyrocket.";;;;"885624709353791489";https://twitter.com/mohdux2/status/885624709353791489
Yzxxzzxxzy;2017-07-13 18:04;0;0;"Implying that all Republicans don't care about addiction is dishonest. And you talk about the ACA like keeping it is actually a choice.";;;;"885621057301905410";https://twitter.com/Yzxxzzxxzy/status/885621057301905410
ADAWnews;2017-07-13 18:03;0;1;"Succinct tweet sums up "opioid fund" in Trumpcare. Thank you @ SenMarkey https://twitter.com/SenMarkey/status/885608241337704449 …";;@;;"885620779630678016";https://twitter.com/ADAWnews/status/885620779630678016
johnnysez1;2017-07-13 17:50;0;0;"Let each state manage healthcare take it out of the hands of the federal government";;;;"885617546019446784";https://twitter.com/johnnysez1/status/885617546019446784
OMGno2trump;2017-07-13 17:40;0;1;"If GOP/Trumpcare was about good healthcare the GOP and Congress wouldn't be exempt.";;;;"885614849253920769";https://twitter.com/OMGno2trump/status/885614849253920769
SenMarkey;2017-07-13 17:39;10;17;"I'm fighting # Trumpcare & fighting for Dawn from Swansea, MA, whose son was able to access Tx for his opioid use disorder thanks to Medicaid";;;#;"885614717292752897";https://twitter.com/SenMarkey/status/885614717292752897
SenMarkey;2017-07-13 17:37;16;26;"# GOP is abandoning working families to fend for themselves while they bestow gifts of billions in tax breaks to the wealthy. # Trumpcare";;;# #;"885614242929532928";https://twitter.com/SenMarkey/status/885614242929532928
SenMarkey;2017-07-13 17:34;38;66;"Trumpcare was never about policy, it was about fulfilling GOP political goal of making the rich richer while allowing the sick to get sicker";;;;"885613363765661696";https://twitter.com/SenMarkey/status/885613363765661696
SenMarkey;2017-07-13 17:32;24;25;"# Trumpcare is all about giving billions in tax breaks to billionaires and big corporations. # ProtectOurCare";;;# #;"885612841646084096";https://twitter.com/SenMarkey/status/885612841646084096
SenMarkey;2017-07-13 17:25;12;18;"# Trumpcare threatens insurance coverage for 2.8 million Americans w/ a substance use disorder & would eviscerate # Medicaid. # ProtectOurCare";;;# # #;"885611268043919360";https://twitter.com/SenMarkey/status/885611268043919360
SenMarkey;2017-07-13 17:24;10;14;"Instead they are moving forward with # Trumpcare. A proposal that would rip insurance away from 22 million people. # ProtectOurCare";;;# #;"885610951365586949";https://twitter.com/SenMarkey/status/885610951365586949
SenMarkey;2017-07-13 17:21;15;18;"Support for # Trumpcare & "opioid fund" is a betrayal of bipartisan progress. GOP are turning their backs efforts to combat the # opioidcrisis";;;# #;"885610145396514817";https://twitter.com/SenMarkey/status/885610145396514817
SenMarkey;2017-07-13 17:15;28;25;". @ amprog est. # ACA would spend $91B for opioid coverage over next 10 yrs, compared to $45B "opioid fund" included in # Trumpcare over 10 yrspic.twitter.com/3DttrrxnRg";;@;# #;"885608653482582019";https://twitter.com/SenMarkey/status/885608653482582019
SenMarkey;2017-07-13 17:13;69;102;"# Trumpcare's "opioid fund" is a politically craven effort to buy votes from Republicans whose states are being ravaged by the # opioidcrisis.";;;# #;"885608241337704449";https://twitter.com/SenMarkey/status/885608241337704449
dave_m_;2017-07-13 17:10;0;0;"The ACA extended the Medicare trust fund from 2017 to 2029, protecting everyone on Medicarepic.twitter.com/I0hLd6RKiC";;;;"885607508089331712";https://twitter.com/dave_m_/status/885607508089331712
KarenBrown732;2017-07-13 17:09;0;0;"Warren & Markey let Obama loot medicare/vets 4 Obamacare twice & they claim not speaking English is disability qualifying illegals 4 SSDI";;;;"885607034196021250";https://twitter.com/KarenBrown732/status/885607034196021250
M08D26;2017-07-13 16:51;0;0;"Medicare is for the 65+ so you would expect MA residents over 65 to be on it.";;;;"885602574610702336";https://twitter.com/M08D26/status/885602574610702336
Bulldawg2482;2017-07-13 16:25;0;1;"Republicans Want To Use Healthcare $ To Build BORDER WALL. Desert WALL Or Healthcare America? ? ? It's Our Taxpayer $$ We Decide # vote";;;#;"885596137306148868";https://twitter.com/Bulldawg2482/status/885596137306148868
ShannonYoung413;2017-07-13 16:20;6;17;". @ SenMarkey: GOP health care bill's 'opioid fund' is a 'false promise' # MApoli http://www.masslive.com/politics/index.ssf/2017/07/us_sen_ed_markey_says_gop_heal.html …pic.twitter.com/KkPGrFV71d";;@;#;"885594843774365698";https://twitter.com/ShannonYoung413/status/885594843774365698
BWelkie;2017-07-13 15:57;0;0;"@ SenMarkey WHEN do YOU propose # MedicareForAll? ALL VIABLE OPTIONS!!! Take credit while the . @ DNC is still kicking.";;@ @;#;"885588957639192576";https://twitter.com/BWelkie/status/885588957639192576
DD_Mayo;2017-07-13 15:17;1;1;"@ SenWarren @ SenMarkey Thank you both for speaking out forcefully against Trumpcare. New version is as bad as prior. We need to kill it!";;@ @;;"885579074760056833";https://twitter.com/DD_Mayo/status/885579074760056833
JusticeWithJean;2017-07-13 15:12;3;3;". @ SenWarren @ SenMarkey No # wealthcare &keep fight up on disastrous # GOP # Trumpcare I'm from Mass. & had cancer. I know ACA saves lives.";;@ @;# # #;"885577691746971648";https://twitter.com/JusticeWithJean/status/885577691746971648
SenMarkey;2017-07-13 15:05;42;49;"# Trumpcare's ' # opioid fund' isn't a fix, it's a falsehood. It's a false promise to people suffering from opioid addiction. # ProtectOurCarepic.twitter.com/46qjHBKQrD";;;# # #;"885575820919492608";https://twitter.com/SenMarkey/status/885575820919492608
DoughertyJC;2017-07-13 14:29;4;3;"NEW: @ SenMarkey on the senate floor about new GOP # HealthcareBill. Argues the plan "decimates" states' ability to fight # opioidcrisis # 7Newspic.twitter.com/JIVW26hcGq";;@;# # #;"885566986599763968";https://twitter.com/DoughertyJC/status/885566986599763968
FundacionEfrain;2017-07-13 14:08;0;0;"# ACA sold bill of goods # NEW # HealthcareBill @ SenPatRoberts @ SenAngusKing @ ChrisVanHollen @ SenatorCardin @ SenMarkey @ amyklobuchar @ RoyBlunt";;@ @ @ @ @ @ @;# # #;"885561591911067649";https://twitter.com/FundacionEfrain/status/885561591911067649
SenMarkey;2017-07-13 13:22;5;16;"I'm LIVE on the @ DSenFloor discussing # Trumpcare & the # OpioidCrisis. Watch herehttps://www.facebook.com/EdJMarkey/videos/10154950076946379/ …";;@;# #;"885550121882144768";https://twitter.com/SenMarkey/status/885550121882144768
JCostantino1;2017-07-13 13:04;0;2;"@ AARPMA volunteers getting ready to deliver health care petitions to @ SenWarren & @ SenMarkey voteno pic.twitter.com/vIhorwLfNC";;@ @ @;;"885545491496411136";https://twitter.com/JCostantino1/status/885545491496411136
kelley2021;2017-07-13 12:42;0;0;"@ SenWarren @ senmarkey @ RepJoeKennedy I know you are all doing your best to vote against the healthcare bill # MApoli";;@ @ @;#;"885540025596874752";https://twitter.com/kelley2021/status/885540025596874752
NicoleBreedlove;2017-07-13 12:00;0;0;"@ SenBobCasey @ YouTube but this hlthcare tragic bill has shown no empathy towards anyone but th rich.Sad GOP suicide";;@ @;;"885529427253182464";https://twitter.com/NicoleBreedlove/status/885529427253182464
angelanortiz;2017-07-13 11:59;1;2;"@ SenWarren @ SenMarkey: Keep fighting! https://www.youtube.com/watch?v=qhNNScb0hwk … # SaveMedicaidSaveLives # ProtectOurCare # Medicaid # BCRA # HealthcareBill";;@ @;# # # # #;"885529046737711105";https://twitter.com/angelanortiz/status/885529046737711105
PT_US_Congress;2017-07-13 11:49;0;0;"RT @ SenateDems: . @ SenMarkey: "The # opioid fund is not a fix, it is a falsehood." # Trumpcarehttps://twitter.com/SenateDems/status/885523993268289540 …";;@ @;# #;"885526689035550720";https://twitter.com/PT_US_Congress/status/885526689035550720
Iamright2017;2017-07-13 11:47;0;0;"Anything to save Govt Run Healthcare like Alinsky told you in the plan he adobted from Russia's Lenin.......So Sad U perpetrate this on poor";;;;"885526072049184768";https://twitter.com/Iamright2017/status/885526072049184768
RGirlPower12;2017-07-13 11:45;0;1;"We've been fighting for my dad(who is # opiod) clean after 5 years of help, but it took a fight, @ gop didn't care about vets, never have.";;@;#;"885525680762613761";https://twitter.com/RGirlPower12/status/885525680762613761
RGirlPower12;2017-07-13 11:44;0;0;"It's disgusting, my veteran dad was almost kicked out of 19 yrs of service(tbi, loaded w. opiods)then treated him like dirt. Gop do not care";;;;"885525339321094145";https://twitter.com/RGirlPower12/status/885525339321094145
SenateDems;2017-07-13 11:43;39;63;". @ SenMarkey: "The # opioid fund is not a fix, it is a falsehood." # Trumpcarehttps://twitter.com/SenateDems/status/885523993268289540 …";;@;# #;"885524975200894976";https://twitter.com/SenateDems/status/885524975200894976
SenateDems;2017-07-13 11:40;24;35;". @ SenMarkey: "91 Americans die each day from an # opioid overdose." # Trumpcarehttps://twitter.com/SenateDems/status/885523993268289540 …";;@;# #;"885524383929966593";https://twitter.com/SenateDems/status/885524383929966593
FundacionEfrain;2017-07-13 11:09;0;0;"# ACA affordable? # Bipartisan # HealthcareBill @ MikeCrapo @ JerryMoran @ SenPatRoberts @ SenAngusKing @ ChrisVanHollen @ SenatorCardin @ SenMarkey";;@ @ @ @ @ @ @;# # #;"885516576786665472";https://twitter.com/FundacionEfrain/status/885516576786665472
Law1Gloria;2017-07-13 08:58;0;0;"# Happy morning @ SenMarkey @ SenateDems # ProtectOurCare It's # Truth It's not a joke # World # People # Americans # Resist # Trumpcare # NoTrumpcare";;@ @;# # # # # # # # #;"885483646886576128";https://twitter.com/Law1Gloria/status/885483646886576128
AARPMA;2017-07-13 05:00;70;72;"83% of MA residents w/ Medicare are 65+. Yet the Senate health care bill will increase Medicare premiums. # VoteNo @ SenWarren @ SenMarkey pic.twitter.com/WZQp2Dtn4c";;@ @;#;"885423583819956224";https://twitter.com/AARPMA/status/885423583819956224
woodweaselz;2017-07-12 23:26;0;0;"Ed Markey is buffoon who has never put forth one single item of meaningful legislation in his meaningless career.";;;;"885339565422202880";https://twitter.com/woodweaselz/status/885339565422202880
lrflw;2017-07-12 20:30;0;0;"@ katieleslienews RT @ SenMarkey The Cruz amendment isn't a fix, it's a fallacy. # Trumpcare is cruel and must be stopped. (cont…";;@ @;#;"885295433307893760";https://twitter.com/lrflw/status/885295433307893760
SenMarkey;2017-07-12 18:15;27;64;"As Senate Republicans scramble for votes, let's keep up the fight against # Trumpcare. # ProtectOurCarepic.twitter.com/H8ME31DxDP";;;# #;"885261241853390849";https://twitter.com/SenMarkey/status/885261241853390849
Anonymous99pct;2017-07-12 17:18;0;0;"Says the Dem that obviously doesn't understand what the common person is dealing with under this tragedy called Obamacare. # RepealAndReplace";;;#;"885247033744834560";https://twitter.com/Anonymous99pct/status/885247033744834560
HoraceBatcheld1;2017-07-12 16:30;0;0;"@ SenSchumer @NancyPelosi @ SenGillibrand @ HouseDemocrats @ DNC Defeat # trumpcare then # singlepayer. We deserve an # NHSforUSA. # MedicareForAll";;@ @NancyPelosi @ @ @;# # # #;"885234884557635584";https://twitter.com/HoraceBatcheld1/status/885234884557635584
Lorrie57;2017-07-12 16:26;0;0;"protect who's care? If Obamacare was so good why did you exempt yourself & destroy everyone else's ins.?https://twitter.com/SenMarkey/status/885227848864333824 …";;;;"885233988201312256";https://twitter.com/Lorrie57/status/885233988201312256
goodfella48;2017-07-12 16:21;0;0;"Cruz is lying sc-mbag. He is the quintessential politician...only cares about his Re-election and doesn't give a sh-t about anyone else.";;;;"885232739405967360";https://twitter.com/goodfella48/status/885232739405967360
CarolynMcClarn1;2017-07-12 16:18;0;0;"Well you still own failing Obamacare so apparently you didn't know how to write a good healthcare bill...SO STEP OFF.";;;;"885231992832479233";https://twitter.com/CarolynMcClarn1/status/885231992832479233
FredWalkerJr1;2017-07-12 16:14;0;1;"Not fooled, my H-care cost up >300% because of obama care! Federal tyranny on behalf of the insurance ind. must end. Solution = @ COSProject";;@;;"885230820042170368";https://twitter.com/FredWalkerJr1/status/885230820042170368
SenMarkey;2017-07-12 16:02;162;262;"The Cruz amendment isn't a fix, it's a fallacy. # Trumpcare is cruel and must be stopped. # ProtectOurCarehttps://twitter.com/aarpma/status/885227079784161280 …";;;# #;"885227848864333824";https://twitter.com/SenMarkey/status/885227848864333824
AprilM871;2017-07-12 12:48;0;0;"@ SenMarkey Thank you for standing w/ net neutrality! I also urge u to vote yes to single-payer if u haven't already http://www.salon.com/2013/10/31/single_payer_health_care_vs_obamacare/ …";;@;;"885179129867448322";https://twitter.com/AprilM871/status/885179129867448322
SnoopaDo;2017-07-12 11:30;0;0;"And Comey protected the Clintons his entire FBI career. # persist";;;#;"885159446615404545";https://twitter.com/SnoopaDo/status/885159446615404545
massliberal;2017-07-12 11:20;0;1;"Thank you! Now can you and @ RepJoeKennedy please fight for # MedicareForAll ?";;@;#;"885156996013543425";https://twitter.com/massliberal/status/885156996013543425
PamelaPersisted;2017-07-12 07:45;1;1;"This has got to b the place we put our energy. Today, tomorrow, every day until # trumpcare goes down. @ SenWarren @ SenMarkey @ IndivisibleMa5https://twitter.com/kamalaharris/status/884918222134407168 …";;@ @ @;#;"885102855803330561";https://twitter.com/PamelaPersisted/status/885102855803330561
LenoreRaven;2017-07-12 05:46;0;0;"Both parties totally corrupt. Only care about their money. Screw the people. All of Washington corrupt now. Country over party";;;;"885072907407421441";https://twitter.com/LenoreRaven/status/885072907407421441
HarveyVallo;2017-07-12 02:55;0;0;"Tom i like how your talking. Like a new mexican cares for state and country love it.";;;;"885029803203624960";https://twitter.com/HarveyVallo/status/885029803203624960
6thChakraBlu;2017-07-11 21:51;0;0;"Hope Massachusetts does as well. @ SenMarkey @ SenWarren Repeal/replace Ocare while you're at it!https://twitter.com/7news/status/884944794555994112 …";;@ @;;"884953425980600321";https://twitter.com/6thChakraBlu/status/884953425980600321
F_LandStander;2017-07-11 17:55;0;1;"Don't ram Trumpcare through while we're all distracted by the latest in the Trump-Russia saga!";;;;"884893922178121728";https://twitter.com/F_LandStander/status/884893922178121728
Steve_Gill75;2017-07-11 14:04;0;0;"You haven't said anything about getting jobs, raising wages, and stabilizing health care. All Dems have is a fairy tale.";;;;"884835796905340928";https://twitter.com/Steve_Gill75/status/884835796905340928
AARPMA;2017-07-11 13:39;1;0;"The Senate health care bill=higher costs, less coverage.Tell @ SenWarren & @ SenMarkey to vote NO; call 1-844-222-0110. # VoteNo # AgeTaxpic.twitter.com/BLgwD4KIb8";;@ @;# #;"884829489359925248";https://twitter.com/AARPMA/status/884829489359925248
katmai_bear;2017-07-11 11:59;0;2;"@ MikeCrapo You make me sick. I am a hard working Idahoan who cares more about this country than you. # TrumpRussia";;@;#;"884804281718538240";https://twitter.com/katmai_bear/status/884804281718538240
EricaLindholdt;2017-07-11 11:57;0;0;"Thanks @ SenMarkey for your Trumpcare no vote. Sen Crapo lacks the integrity and compassion you have 4 ur constituents. Btw RUSSIA";;@;;"884803836870668288";https://twitter.com/EricaLindholdt/status/884803836870668288
timfreedom15;2017-07-11 11:50;0;0;"Please give us Democrat controlled Monopoly on health care. I don't care about competition nor rising costs. I don't care about low quality";;;;"884802003347681282";https://twitter.com/timfreedom15/status/884802003347681282
politicalhand;2017-07-11 11:22;0;4;"The best birthday present to give @ SenMarkey is a NO vote on # trumpcare. # KillTheBillhttps://twitter.com/MikeCrapo/status/884793229769662464 …";;@;# #;"884795051544637446";https://twitter.com/politicalhand/status/884795051544637446
buddystone;2017-07-11 11:18;0;1;"Very much so. And he will have many more if he continues to make sure # Trumpcare never becomes law. Cheers!";;;#;"884793933925982208";https://twitter.com/buddystone/status/884793933925982208
massliberal;2017-07-10 23:09;0;1;"And we need your backing of # MedicareForAll !";;;#;"884610653247479808";https://twitter.com/massliberal/status/884610653247479808
fudubya;2017-07-10 22:18;0;0;"@ MoveOn @ SenateGOP We can never be free of for profit healthcare until we rid ourselves of for profit politicians";;@ @;;"884597744899436544";https://twitter.com/fudubya/status/884597744899436544
Steve_Gill75;2017-07-10 20:07;0;0;"Go to bed Ed. Your old tired ideas and career of doing nothing needs to be replaced with new electable ideas. The far left destroyed Dems.";;;;"884564857164632064";https://twitter.com/Steve_Gill75/status/884564857164632064
revelationscorp;2017-07-10 19:32;0;0;"What is fucking wrong w you? Help fix stupidity if criminalizing people over healthcare. Get a fucking clue";;;;"884555969841188864";https://twitter.com/revelationscorp/status/884555969841188864
02Cents0;2017-07-10 19:30;0;0;"MoveOn: RT SenMarkey: We need to make sure # Trumpcare never becomes law. As SenateGOP scrambles to find votes, we … https://twitter.com/i/web/status/884547794081423361 …";;;#;"884555462271807492";https://twitter.com/02Cents0/status/884555462271807492
JosephSabol;2017-07-10 19:27;0;0;"REMINDER: Trump campaign promise of healthcare coverage FOR EVERYONE. Video statement: https://t.co/6UPZKlr2ASry";;;;"884554585590960128";https://twitter.com/JosephSabol/status/884554585590960128
susanstinson;2017-07-10 19:17;0;2;"@ SenMarkey thanking us for writing, tweeting & calling him about healthcare. He wants us to keep at it. Seems so little, but at least that. https://twitter.com/SenMarkey/status/884547794081423361 …";;@;;"884552308645822469";https://twitter.com/susanstinson/status/884552308645822469
lupemax;2017-07-10 19:05;0;0;"Schumer and Pelosi are ready to negotiate on sick care insurance with the repugs. Can you stop them? hahahahahaha";;;;"884549202033999873";https://twitter.com/lupemax/status/884549202033999873
lupemax;2017-07-10 19:05;0;0;"Trumpcare won't succeed because repugs don't want to lose in 2018. This is all smoke and mirrors to delay. then trump care.";;;;"884549080210448385";https://twitter.com/lupemax/status/884549080210448385
SenMarkey;2017-07-10 19:00;199;317;"We need to make sure # Trumpcare never becomes law. As @ SenateGOP scrambles to find votes, we need to raise our voices & stay energized.pic.twitter.com/E2FDrj2o7Y";;@;#;"884547794081423361";https://twitter.com/SenMarkey/status/884547794081423361
617samk;2017-07-10 18:16;0;0;"Why doesn't he care about Seth Rich cover up? Only about the Russians. SMH Your candidate was intolerable";;;;"884536904372428800";https://twitter.com/617samk/status/884536904372428800
DrNat01;2017-07-10 18:10;0;0;"Where are the Republicans and why don't they care?";;;;"884535412902985729";https://twitter.com/DrNat01/status/884535412902985729
SatiricalMuse;2017-07-10 13:47;0;0;"Too much # BS # Research ! Pass the BILLS!! Get # Healthcare & # Taxreform done or WE VOTE YOU OUT!!! SUPPORT @ realDonaldTrump";;@;# # # #;"884469243441364992";https://twitter.com/SatiricalMuse/status/884469243441364992
PT_US_Congress;2017-07-10 12:47;0;0;"RT @ bostonchamber: Our business plan is to provide healthcare for everyone in our state. We've never been stronger. - @ SenMarkey";;@ @;;"884454109146959872";https://twitter.com/PT_US_Congress/status/884454109146959872
bostonchamber;2017-07-10 12:27;5;12;"Our business plan is to provide healthcare for everyone in our state. We've never been stronger. - @ SenMarkey";;@;;"884448889406984192";https://twitter.com/bostonchamber/status/884448889406984192
BostonElderINFO;2017-07-10 12:24;1;3;"we're glad you're here on # MotivationalMonday. TY for supporting us in # healthcare & aging well in # Boston!pic.twitter.com/EOWi7ck9kn";;;# # #;"884448325902249984";https://twitter.com/BostonElderINFO/status/884448325902249984
SenMarkey;2017-07-10 11:18;7;28;"Looking fwd to joining @ bostonchamber this afternoon to discuss # healthcare, federal research, science funding, # infrastructure & more.https://twitter.com/Boston_Rooney/status/884416531890941953 …";;@;# #;"884431636233953280";https://twitter.com/SenMarkey/status/884431636233953280
kfratto;2017-07-10 01:47;1;0;"@ replizmalia @ repstevekulik do you even care? Show us yes by passing a sup budget for cpcs attys on 7/10";;@ @;;"884287914720411648";https://twitter.com/kfratto/status/884287914720411648
Nancyfourdogs;2017-07-09 11:50;0;0;"@ SenWarren @ SenMarkey I'll be calling yr offices Monday re: treason & the other threat to the citizens of U.S.--healthcare https://twitter.com/sarahkendzior/status/884047657005658112 …";;@ @;;"884077220418998273";https://twitter.com/Nancyfourdogs/status/884077220418998273
affordlife;2017-07-09 11:19;0;0;"Ed, Stay focused on healthcare.";;;;"884069445324472321";https://twitter.com/affordlife/status/884069445324472321
whisky5ho;2017-07-08 20:38;0;0;"You're right. We should draft a law to end/ban $64,000 slaughters and use that money to pay for # SinglePayer # UniversalHealthcare. U R smart";;;# #;"883847800819200002";https://twitter.com/whisky5ho/status/883847800819200002
CindyKohlmann;2017-07-08 14:30;0;0;"@ SenMarkey @ SenWarren This is your chance. Single payer healthcare is within reach. https://twitter.com/TopherSpiro/status/883494097293635585 …";;@ @;;"883755275307687938";https://twitter.com/CindyKohlmann/status/883755275307687938
aketch20two;2017-07-08 13:44;0;0;"A single payer healthcare system would increase treatment access for all opiate addicts.";;;;"883743712496545792";https://twitter.com/aketch20two/status/883743712496545792
MightyMousebb;2017-07-07 20:49;0;0;"Thank you senator Markey for fighting for our heath care";;;;"883488216996659200";https://twitter.com/MightyMousebb/status/883488216996659200
affordlife;2017-07-07 17:19;0;0;"Ed please push for more high deductible plans with HSAs. That is the solve to healthcare.";;;;"883435430313590785";https://twitter.com/affordlife/status/883435430313590785
nategoldshlag;2017-07-07 13:19;0;0;"When will you come out for single payer, Medicare For All?";;;;"883374806376345601";https://twitter.com/nategoldshlag/status/883374806376345601
smublvd01;2017-07-07 00:44;0;0;"Not true..aca cut Medicare the 2012..500 mill";;;;"883185027189624833";https://twitter.com/smublvd01/status/883185027189624833
AndringaLauren;2017-07-06 22:24;0;0;"I'll bet trump has no idea what's in the health care bill";;;;"883149720004198401";https://twitter.com/AndringaLauren/status/883149720004198401
sarrata;2017-07-06 22:02;5;12;"Massachusetts' @ SenMarkey:'If you kicked Trumpcare in the heart, you would break your toe.'https://plus.google.com/107835312295887565713/posts/8mtjmHu9xPA … &https://plus.google.com/107835312295887565713/posts/MjFNGikKt7L …";;@;;"883144050282561536";https://twitter.com/sarrata/status/883144050282561536
starbuck13502;2017-07-06 21:57;0;1;"Massachusetts' @ SenMarkey: 'If you kicked # Trumpcare in the heart, you would break your toe.' # maddowpic.twitter.com/uCKiNALAi0";;@;# #;"883142866763227137";https://twitter.com/starbuck13502/status/883142866763227137
EllenDibble;2017-07-06 21:25;0;0;"I think that Romney care amped up the profit motive in health care, as if it needed it. Win/win if viewed with a squint.";;;;"883134734791999489";https://twitter.com/EllenDibble/status/883134734791999489
JayBirdOne;2017-07-06 21:23;0;0;"Can we get some details instead of political scare tactics, like how is it doing on a vote, dates when people may get cutoff, etc?";;;;"883134400153567233";https://twitter.com/JayBirdOne/status/883134400153567233
angela_koonce;2017-07-06 21:19;2;1;"@ SenateDems @ SenMarkey Trumpcare is turning into deathcare!";;@ @;;"883133305012539392";https://twitter.com/angela_koonce/status/883133305012539392
fairNtrue;2017-07-06 19:37;0;0;"Meanwhile @ SenMarkey Tweets this lie: " # Trumpcare is selfishness on stilts"";;@;#;"883107792181243905";https://twitter.com/fairNtrue/status/883107792181243905
DrAshaLeichtman;2017-07-06 19:07;7;11;"@ SenWarren @ SenMarkey Thanks for your support in caring for my patients! # KeepKidsCovered # dontcapmycarepic.twitter.com/0KsOnCqds1";;@ @;# #;"883100086091251712";https://twitter.com/DrAshaLeichtman/status/883100086091251712
FundacionEfrain;2017-07-06 12:00;0;0;"@ SenatorCardin @ SenMarkey @ RoyBlunt @ clairecmc @ SteveDaines @ SenatorTester @ SenatorFischer STOP gerryrigging # Obamacare #PASS#HealthcareBill";;@ @ @ @ @ @ @;# #PASS #HealthcareBill;"882992641201369088";https://twitter.com/FundacionEfrain/status/882992641201369088
Helixtwice;2017-07-06 07:27;0;0;"I called # SenMarkey's office and applauded his strong # opposition to the # Republican " # healthcare" bill.";;;# # # #;"882923904720916481";https://twitter.com/Helixtwice/status/882923904720916481
GerardHurley11;2017-07-06 05:04;0;1;". @ SenMarkey Don’t let the GOP play politics with the health care of 22 million Americans. Keep fighting! @ StandUpAmerica";;@ @;;"882887897380212741";https://twitter.com/GerardHurley11/status/882887897380212741
GerardHurley11;2017-07-06 05:01;0;1;". @ SenMarkey I’m a constituent. I vote, and I care about health care! Please, keep fighting. Millions are counting on you. @ StandUpAmerica";;@ @;;"882887322353762309";https://twitter.com/GerardHurley11/status/882887322353762309
CathyKogan1;2017-07-05 22:34;0;1;". @ SenMarkey This health care fight is about the kind of country we want to leave for our children. America is with you! @ StandUpAmerica";;@ @;;"882789760359596032";https://twitter.com/CathyKogan1/status/882789760359596032
CathyKogan1;2017-07-05 22:34;0;1;". @ SenMarkey Trumpcare would harm working families, children, seniors and veterans. Who would it help? Millionaires. TY for opposing it!";;@;;"882789708618756096";https://twitter.com/CathyKogan1/status/882789708618756096
CathyKogan1;2017-07-05 22:33;0;1;". @ SenMarkey Only 12% of Americans support Trumpcare for a reason: it’s wrong. We cannot slash health care to hand millionaires a tax cut.";;@;;"882789562136842240";https://twitter.com/CathyKogan1/status/882789562136842240
CathyKogan1;2017-07-05 22:32;0;1;". @ SenMarkey I’m a constituent. I vote, and I care about health care! Please, keep fighting. Millions are counting on you. @ StandUpAmerica";;@ @;;"882789362152419329";https://twitter.com/CathyKogan1/status/882789362152419329
cknowlton63;2017-07-05 22:22;0;1;". @ SenMarkey Trumpcare would harm working families, children, seniors and veterans. Who would it help? Millionaires. TY for opposing it!";;@;;"882786729559826432";https://twitter.com/cknowlton63/status/882786729559826432
cknowlton63;2017-07-05 22:21;0;1;". @ SenMarkey Don’t let the GOP play politics with the health care of 22 million Americans. Keep fighting! @ StandUpAmerica";;@ @;;"882786577323352064";https://twitter.com/cknowlton63/status/882786577323352064
dhammajohn;2017-07-05 22:06;0;1;". @ SenMarkey I’m a constituent. I vote, and I care about health care! Please, keep fighting. Millions are counting on you. @ StandUpAmerica";;@ @;;"882782891784253440";https://twitter.com/dhammajohn/status/882782891784253440
howardhomonoff;2017-07-05 21:16;0;0;"My ex boss in action @ SenMarkey lays out the case against # Trumpcare - # Resistance # truthhttps://twitter.com/nowthisnews/status/882734345244377088 …";;@;# # #;"882770150176546816";https://twitter.com/howardhomonoff/status/882770150176546816
gdebor;2017-07-05 21:07;0;0;"@ SenMarkey MA healthcare expert, I worked on ACA. Would love to see Dems using full name of law (PATIENT PROTECTION and ...) Stronger msg!";;@;;"882767829845651456";https://twitter.com/gdebor/status/882767829845651456
rajnkajn2017;2017-07-05 19:41;1;1;"FEAR !!!! Death!!!Money to rich!!! Giving health care back to the states is scary. Read the bill. Paul Ryan, and republicans built this bill";;;;"882746220808196096";https://twitter.com/rajnkajn2017/status/882746220808196096
PT_US_Congress;2017-07-05 19:15;0;0;"RT @ nowthisnews: Massachusetts' @ SenMarkey: 'If you kicked Trumpcare in the heart, you would break your toe.' pic.twitter.com/pC9XbPStpO";;@ @;;"882739813216124929";https://twitter.com/PT_US_Congress/status/882739813216124929
thaitvnews;2017-07-05 18:59;0;0;"nowthisnews: Massachusetts' SenMarkey: 'If you kicked Trumpcare in the heart, you would break your toe.' pic.twitter.com/jlZJIaalO6";;;;"882735666743869441";https://twitter.com/thaitvnews/status/882735666743869441
nowthisnews;2017-07-05 18:54;250;379;"Massachusetts' @ SenMarkey: 'If you kicked Trumpcare in the heart, you would break your toe.' pic.twitter.com/Wr1YZWiXCG";;@;;"882734345244377088";https://twitter.com/nowthisnews/status/882734345244377088
WildlifeNRacing;2017-07-05 17:51;0;1;". @ SenMarkey Don’t let the GOP play politics with the health care of 22 million Americans. Keep fighting! @ StandUpAmerica";;@ @;;"882718666088960006";https://twitter.com/WildlifeNRacing/status/882718666088960006
jtucker65;2017-07-05 17:11;0;1;". @ SenMarkey Don’t let the GOP play politics with the health care of 22 million Americans. Keep fighting! @ StandUpAmerica";;@ @;;"882708437834096641";https://twitter.com/jtucker65/status/882708437834096641
jtucker65;2017-07-05 17:10;0;1;". @ SenMarkey I’m a constituent. I vote, and I care about health care! Please, keep fighting. Millions are counting on you. @ StandUpAmerica";;@ @;;"882708205285060608";https://twitter.com/jtucker65/status/882708205285060608
olibeezoo;2017-07-05 17:03;0;1;". @ SenMarkey Don’t let the GOP play politics with the health care of 22 million Americans. Keep fighting! @ StandUpAmerica";;@ @;;"882706579304435712";https://twitter.com/olibeezoo/status/882706579304435712
olibeezoo;2017-07-05 17:02;0;1;". @ SenMarkey I’m a constituent. I vote, and I care about health care! Please, keep fighting. Millions are counting on you. @ StandUpAmerica";;@ @;;"882706271757053952";https://twitter.com/olibeezoo/status/882706271757053952
WildlifeNRacing;2017-07-05 16:38;0;1;". @ SenMarkey I’m a constituent. I vote, and I care about health care! Please, keep fighting. Millions are counting on you. @ StandUpAmerica";;@ @;;"882700200846004224";https://twitter.com/WildlifeNRacing/status/882700200846004224
TanzMargot;2017-07-05 14:39;0;1;". @ SenMarkey I’m a constituent. I vote, and I care about health care! Please, keep fighting. Millions are counting on you. @ StandUpAmerica";;@ @;;"882670261878890497";https://twitter.com/TanzMargot/status/882670261878890497
sedruola;2017-07-05 13:55;0;2;". @ SenMarkey I’m a constituent. I vote, and I care about health care! Please, keep fighting. Millions are counting on you. @ StandUpAmerica";;@ @;;"882659109601980422";https://twitter.com/sedruola/status/882659109601980422
FundacionEfrain;2017-07-05 13:50;0;0;"@ SenAngusKing @ ChrisVanHollen @ SenatorCardin @ SenMarkey @ amyklobuchar @ RoyBlunt @ clairecmc End # 7yearsBadLuck # Repeal # Obamacare";;@ @ @ @ @ @ @;# # #;"882657892020703232";https://twitter.com/FundacionEfrain/status/882657892020703232
Christo55906196;2017-07-05 13:40;0;0;"@ SenMarkey @ SenWarren I’m a constituent. I vote, and I care about health care! Please, keep fighting. Millions are counting on you.";;@ @;;"882655491544973316";https://twitter.com/Christo55906196/status/882655491544973316
Jenbsm;2017-07-05 13:32;0;1;". @ SenMarkey Only 12% of Americans support Trumpcare for a reason: it’s wrong. We cannot slash health care to hand millionaires a tax cut.";;@;;"882653467944378368";https://twitter.com/Jenbsm/status/882653467944378368
Jenbsm;2017-07-05 13:32;0;1;". @ SenMarkey Don’t let the GOP play politics with the health care of 22 million Americans. Keep fighting! @ StandUpAmerica";;@ @;;"882653418199887874";https://twitter.com/Jenbsm/status/882653418199887874
Jenbsm;2017-07-05 13:31;0;1;". @ SenMarkey I’m a constituent. I vote, and I care about health care! Please, keep fighting. Millions are counting on you. @ StandUpAmerica";;@ @;;"882653287731929088";https://twitter.com/Jenbsm/status/882653287731929088
RourkeL;2017-07-05 13:22;1;1;". @ SenMarkey I’m a constituent. I vote, and I care about health care! Please, keep fighting. Millions are counting on you. @ StandUpAmerica";;@ @;;"882651022220505089";https://twitter.com/RourkeL/status/882651022220505089
thepretty420;2017-07-05 12:53;0;1;". @ SenMarkey I’m a constituent. I vote, and I care about health care! Please, keep fighting. Millions are counting on you. @ StandUpAmerica";;@ @;;"882643504643624960";https://twitter.com/thepretty420/status/882643504643624960
KTildes;2017-07-05 12:39;0;1;". @ SenMarkey Trumpcare would harm working families, children, seniors and veterans. Who would it help? Millionaires. TY for opposing it!";;@;;"882639987392610304";https://twitter.com/KTildes/status/882639987392610304
KTildes;2017-07-05 12:38;0;1;". @ SenMarkey Only 12% of Americans support Trumpcare for a reason: it’s wrong. We cannot slash health care to hand millionaires a tax cut.";;@;;"882639942945583106";https://twitter.com/KTildes/status/882639942945583106
KTildes;2017-07-05 12:38;0;1;". @ SenMarkey Don’t let the GOP play politics with the health care of 22 million Americans. Keep fighting! @ StandUpAmerica";;@ @;;"882639917079199744";https://twitter.com/KTildes/status/882639917079199744
KTildes;2017-07-05 12:38;0;1;". @ SenMarkey I’m a constituent. I vote, and I care about health care! Please, keep fighting. Millions are counting on you. @ StandUpAmerica";;@ @;;"882639842047340549";https://twitter.com/KTildes/status/882639842047340549
FundacionEfrain;2017-07-04 22:06;0;0;"# Patriots 4 # Healthcarebill R U 1 @ SenMarkey @ amyklobuchar @ RoyBlunt @ clairecmc @ SteveDaines @ SenatorTester @ SenatorFischer @ SenSasse";;@ @ @ @ @ @ @ @;# #;"882420418900103168";https://twitter.com/FundacionEfrain/status/882420418900103168
naenae82575;2017-07-04 14:15;0;0;"She's a master legislator hate her if u wish Medicare for all is a fools errand when berniebros just want to split Dem party he ain't a Dem";;;;"882301814657490945";https://twitter.com/naenae82575/status/882301814657490945
aketch20two;2017-07-04 13:26;0;0;"When are you going to join Warren in the call for single payer healthcare?";;;;"882289412930973698";https://twitter.com/aketch20two/status/882289412930973698
Steve_Gill75;2017-07-04 11:56;0;0;"@ POTUS has got this Ed vote present my entire career Malarky. CNN hides it, but ISIS is decimated. NK will be handled. Unlike last 8 years.";;@;;"882266832874475520";https://twitter.com/Steve_Gill75/status/882266832874475520
jo3s3rvus;2017-07-04 11:47;0;0;"Still waiting on those manufacturing jobs senator. Still waiting for affordable healthcare senator. Where's the coherent plan?";;;;"882264527378800644";https://twitter.com/jo3s3rvus/status/882264527378800644
FundacionEfrain;2017-07-04 09:01;0;0;"@ SenPatRoberts @ SenAngusKing @ ChrisVanHollen @ SenatorCardin @ SenMarkey @ amyklobuchar @ ChuckGrassley # HealthcareBill # American as # applepie";;@ @ @ @ @ @ @;# # #;"882222952992972802";https://twitter.com/FundacionEfrain/status/882222952992972802
DrLindaShelton;2017-07-03 21:11;0;1;"Retweeted Ed Markey ( @ SenMarkey): # Trumpcare is selfishness on stilts and this fight is not over. # SaveOurCare... http://fb.me/3Vt423GcR";;@;# #;"882044096667426816";https://twitter.com/DrLindaShelton/status/882044096667426816
TRR1934;2017-07-03 19:19;0;0;"@NancyPelosi "is a master legislator!" Wrong; She's a plutocrat who won't back Medicare OPTION 2 ACA or Single-Payer! Enemy! @ AP_Politics";;@NancyPelosi @;;"882015976350523398";https://twitter.com/TRR1934/status/882015976350523398
rms83871;2017-07-03 17:58;0;0;"Get rid of the capitol gains tax built into Obama care. It kills investment and growth";;;;"881995611184259072";https://twitter.com/rms83871/status/881995611184259072
GKMTNtwits;2017-07-03 09:36;2;1;"I know where MA Senators stand --Just keep counting me as a NO to GOP tax cut disguised as healthcare! Thanks! ~ @ SenMarkey @ SenWarrenhttps://twitter.com/TeamPelosi/status/873991478686752768 …";;@ @;;"881869254848598016";https://twitter.com/GKMTNtwits/status/881869254848598016
ArleneJFotherg1;2017-07-02 14:15;0;1;"We need to take care of all our children, sick, disabled, poor, and elderly. We need health care for those who need it can't take it away";;;;"881577020039233536";https://twitter.com/ArleneJFotherg1/status/881577020039233536
j_c_fitz;2017-07-02 13:23;0;0;"Are you going refuse Medicare when you're old enough? If you lose your job, will you refuse Medicaid?";;;;"881563871370260480";https://twitter.com/j_c_fitz/status/881563871370260480
RhondaSimonett1;2017-07-02 13:15;0;0;"I dont think the @ GOP. Or @ realDonaldTrump care";;@ @;;"881561859958202369";https://twitter.com/RhondaSimonett1/status/881561859958202369
SenMarkey;2017-07-02 13:00;71;144;"We need to make sure this terrible bill never becomes law. A vote for # Trumpcare is a vote to perpetuate overdose deaths. # ProtectOurCare ↓pic.twitter.com/esVs7MZlFd";;;# #;"881558255012429824";https://twitter.com/SenMarkey/status/881558255012429824
NoelPeters18;2017-07-02 12:12;0;0;"Hey everyone- good time to call your Senators! @ SenWarren @ SenMarkey Protect my care! # ProtectOurCare https://twitter.com/topherspiro/status/881512014232911872 …";;@ @;#;"881546083603800064";https://twitter.com/NoelPeters18/status/881546083603800064
WMaciasK;2017-07-02 10:51;3;5;"This # Trumpcare proposal is the most "indecent action that may have ever been perpetrated" @ SenMarkey on fire on Senate floor. https://twitter.com/SenMarkey/status/881189386733273088 …";;@;#;"881525684266557440";https://twitter.com/WMaciasK/status/881525684266557440
Dcarter888K;2017-07-02 03:54;0;0;"DemocRats destroyed our healthcare With ACA my Gawd why do we want their input";;;;"881420720374374402";https://twitter.com/Dcarter888K/status/881420720374374402
Kevin26260294;2017-07-01 21:41;0;0;"I would imagine just as unpopular as obummercare...";;;;"881326822994169856";https://twitter.com/Kevin26260294/status/881326822994169856
Kevin26260294;2017-07-01 21:39;0;0;"Senator, how's your healthcare going ? I'm sure real good especially since everybody else pays for it.Tell us what plans U and the dems have";;;;"881326519108456448";https://twitter.com/Kevin26260294/status/881326519108456448
jazz58;2017-07-01 21:14;0;0;"Very true. Healthcare is not a right";;;;"881320183255769088";https://twitter.com/jazz58/status/881320183255769088
Strickalator;2017-07-01 18:39;1;1;"I have no Justice yet, but there's evidence. I need a lawyer. A high profile one. I'm the LTQQI of # LGBTQIA a disabled woman seeking care!";;;#;"881281091335618561";https://twitter.com/Strickalator/status/881281091335618561
AlmarCote;2017-07-01 16:03;0;0;"Huge hikes in Medicare B with Trump Care http://thehill.com/policy/healthcare/340189-gop-leaders-prepared-to-make-big-boost-to-healthcare-innovation-fund#.WVaT5WwU1bE.twitter … @ SenMarkey";;@;#;"881241856939569153";https://twitter.com/AlmarCote/status/881241856939569153
SenMarkey;2017-07-01 12:34;78;182;"# Trumpcare is a health care bill for the 1%. It's of the rich, for the rich & by the rich. This fight is not over. # SaveOurCare pic.twitter.com/dpvHCrV0C0";;;# #;"881189386733273088";https://twitter.com/SenMarkey/status/881189386733273088
Bjtruax9;2017-07-01 10:56;0;0;"Thank God you draw a line at murder. Not much else, esp just "letting " people die without healthcare";;;;"881164525877309440";https://twitter.com/Bjtruax9/status/881164525877309440
xenodochy;2017-07-01 10:35;0;0;"# Trumpcare # Obamacare # ACA @ SenSanders @ SenWarren @ RepRichardNeal @ SenMarkey @ SpeakerRyanpic.twitter.com/5Lz2N9lfL5";;@ @ @ @ @;# # #;"881159334570471424";https://twitter.com/xenodochy/status/881159334570471424
Ottodachs;2017-07-01 08:29;0;0;"tRUMP's # Wealthcare is cruel & short-sighted. Healthcare should be non-profit. R American 'Christians' so cruel they want poor people 2 die?";;;#;"881127637053313024";https://twitter.com/Ottodachs/status/881127637053313024
Ottodachs;2017-07-01 08:24;0;0;"tRUMP is a snake oil salesman convincing his followers that # Wealthcare tax cuts 4 rich is better for them than losing their own healthcare!";;;#;"881126305424658433";https://twitter.com/Ottodachs/status/881126305424658433
BoniBitchatta;2017-07-01 07:44;0;0;"Really? Yet you never stand up for Americans. You are actively trying to take our healthcare. You refuse to represent us, so resign";;;;"881116176939700224";https://twitter.com/BoniBitchatta/status/881116176939700224
YOLOjeffF;2017-07-01 07:16;0;0;"Who says? Any facts? Has # Obamacare made the situation better? # shutupMarkey # hypocrit";;;# # #;"881109174754701313";https://twitter.com/YOLOjeffF/status/881109174754701313
genghisgalahad2;2017-07-01 01:51;0;0;"https://youtu.be/moRF49UtEYs  via Senator @ SenMarkey Fight # trumpcare # wealthcare";;@;# #;"881027498552639488";https://twitter.com/genghisgalahad2/status/881027498552639488
FotosbyFuzzy;2017-06-30 22:53;0;0;"https://twitter.com/realdonaldtrump/status/880892632142143490 … I guess it is more civil to kill them by withdrawing healthcare.";;;;"880982684469792772";https://twitter.com/FotosbyFuzzy/status/880982684469792772
not_lamb;2017-06-30 20:48;0;0;"Does this sound familiar God helps those that help themselves people who need care should get it what about ones playing the system many";;;;"880951225847619585";https://twitter.com/not_lamb/status/880951225847619585
